{
  "type": "FeatureCollection",
  "generator": "overpass-turbo",
  "copyright": "The data included in this document is from www.openstreetmap.org. The data is made available under ODbL.",
  "timestamp": "2026-10-03T01:20:36Z",
  "features": [
    {
      "type": "Feature",
      "properties": {
        "@id": "way/22572524",
        "natural": "coastline",
        "place": "island",
        "source": "PGS"
      },
      "geometry": {
        "type": "Polygon",
        "coordinates": [
          [
            [
              177.4349009,
              -17.6049025
            ],
            [
              177.4347587,
              -17.6047133
            ],
            [
              177.4348848,
              -17.6046264
            ],
            [
              177.4350886,
              -17.6045906
            ],
            [
              177.4351182,
              -17.6045292
            ],
            [
              177.4350243,
              -17.6044679
            ],
            [
              177.4349547,
              -17.6042513
            ],
            [
              177.434893,
              -17.6039772
            ],
            [
              177.4347587,
              -17.6039744
            ],
            [
              177.4346434,
              -17.6038364
            ],
            [
              177.4345844,
              -17.6036242
            ],
            [
              177.4346434,
              -17.6034887
            ],
            [
              177.4348239,
              -17.6034422
            ],
            [
              177.4347058,
              -17.6031733
            ],
            [
              177.4346199,
              -17.6029815
            ],
            [
              177.4345153,
              -17.6029048
            ],
            [
              177.4342739,
              -17.6028153
            ],
            [
              177.4342927,
              -17.6027719
            ],
            [
              177.43418,
              -17.6027361
            ],
            [
              177.4341345,
              -17.6026722
            ],
            [
              177.4339306,
              -17.6026952
            ],
            [
              177.4337241,
              -17.6029304
            ],
            [
              177.4335095,
              -17.6033497
            ],
            [
              177.4333566,
              -17.6036641
            ],
            [
              177.4332225,
              -17.6039939
            ],
            [
              177.4333995,
              -17.6039939
            ],
            [
              177.4333056,
              -17.6041473
            ],
            [
              177.4331742,
              -17.6043544
            ],
            [
              177.4330508,
              -17.604743
            ],
            [
              177.4330844,
              -17.6049086
            ],
            [
              177.433071,
              -17.6049942
            ],
            [
              177.4331796,
              -17.6050926
            ],
            [
              177.4331813,
              -17.6052742
            ],
            [
              177.4331528,
              -17.6054084
            ],
            [
              177.4330522,
              -17.6055055
            ],
            [
              177.4330213,
              -17.6056078
            ],
            [
              177.4330227,
              -17.6056628
            ],
            [
              177.4328564,
              -17.6058673
            ],
            [
              177.4328215,
              -17.6060117
            ],
            [
              177.4327169,
              -17.6063786
            ],
            [
              177.4326217,
              -17.6065844
            ],
            [
              177.432532,
              -17.6066962
            ],
            [
              177.4324651,
              -17.606725
            ],
            [
              177.4323897,
              -17.60667
            ],
            [
              177.4323991,
              -17.6065269
            ],
            [
              177.4323535,
              -17.6064732
            ],
            [
              177.4322328,
              -17.6063824
            ],
            [
              177.4321308,
              -17.6063952
            ],
            [
              177.4321291,
              -17.6064859
            ],
            [
              177.4321587,
              -17.6066149
            ],
            [
              177.4321358,
              -17.6068696
            ],
            [
              177.4321845,
              -17.6069577
            ],
            [
              177.4321858,
              -17.6070433
            ],
            [
              177.4320933,
              -17.6071673
            ],
            [
              177.4320128,
              -17.6071992
            ],
            [
              177.4320702,
              -17.6073128
            ],
            [
              177.4322028,
              -17.6073392
            ],
            [
              177.4322626,
              -17.6074184
            ],
            [
              177.4321489,
              -17.6074184
            ],
            [
              177.4321401,
              -17.6074587
            ],
            [
              177.4321649,
              -17.6074532
            ],
            [
              177.4321778,
              -17.6075853
            ],
            [
              177.4324299,
              -17.6076044
            ],
            [
              177.4326029,
              -17.6075035
            ],
            [
              177.4326673,
              -17.6075712
            ],
            [
              177.4327115,
              -17.607524
            ],
            [
              177.4328529,
              -17.6075338
            ],
            [
              177.4328992,
              -17.6074385
            ],
            [
              177.4329508,
              -17.6074395
            ],
            [
              177.432924,
              -17.6075102
            ],
            [
              177.4329467,
              -17.6075367
            ],
            [
              177.4329913,
              -17.6075427
            ],
            [
              177.4330653,
              -17.6074841
            ],
            [
              177.4331003,
              -17.6074736
            ],
            [
              177.433152,
              -17.6074771
            ],
            [
              177.4331608,
              -17.6075278
            ],
            [
              177.4332748,
              -17.607515
            ],
            [
              177.4334921,
              -17.607676
            ],
            [
              177.4335538,
              -17.607607
            ],
            [
              177.4335269,
              -17.6075508
            ],
            [
              177.4334336,
              -17.6075568
            ],
            [
              177.4333597,
              -17.6074919
            ],
            [
              177.4334129,
              -17.607483
            ],
            [
              177.4334572,
              -17.6075175
            ],
            [
              177.4336745,
              -17.6074971
            ],
            [
              177.4336919,
              -17.6075648
            ],
            [
              177.4337442,
              -17.6075891
            ],
            [
              177.4337791,
              -17.6075405
            ],
            [
              177.4339628,
              -17.6075533
            ],
            [
              177.4340543,
              -17.6074536
            ],
            [
              177.4340298,
              -17.6074268
            ],
            [
              177.4340245,
              -17.6071992
            ],
            [
              177.4339997,
              -17.6071557
            ],
            [
              177.4340249,
              -17.6071139
            ],
            [
              177.4341425,
              -17.6070867
            ],
            [
              177.4341479,
              -17.6070049
            ],
            [
              177.4340647,
              -17.6069116
            ],
            [
              177.4340364,
              -17.6069068
            ],
            [
              177.4340178,
              -17.6069461
            ],
            [
              177.4339364,
              -17.6069353
            ],
            [
              177.4339426,
              -17.6068616
            ],
            [
              177.4339132,
              -17.6068221
            ],
            [
              177.4342009,
              -17.6068817
            ],
            [
              177.4342404,
              -17.6068899
            ],
            [
              177.4343905,
              -17.6068217
            ],
            [
              177.4344846,
              -17.6066548
            ],
            [
              177.4345196,
              -17.6066362
            ],
            [
              177.4345354,
              -17.606601
            ],
            [
              177.4344315,
              -17.6065106
            ],
            [
              177.4344045,
              -17.6063523
            ],
            [
              177.4343554,
              -17.6061905
            ],
            [
              177.4340412,
              -17.6058083
            ],
            [
              177.4340528,
              -17.6057801
            ],
            [
              177.4339804,
              -17.6056866
            ],
            [
              177.4340962,
              -17.605718
            ],
            [
              177.4342093,
              -17.6058206
            ],
            [
              177.4342546,
              -17.6057989
            ],
            [
              177.434402,
              -17.6060018
            ],
            [
              177.4345173,
              -17.606099
            ],
            [
              177.4350028,
              -17.6062012
            ],
            [
              177.4350135,
              -17.6060862
            ],
            [
              177.4349465,
              -17.6060581
            ],
            [
              177.434976,
              -17.6059941
            ],
            [
              177.4350779,
              -17.6058893
            ],
            [
              177.4351128,
              -17.6058177
            ],
            [
              177.4352764,
              -17.6057615
            ],
            [
              177.4353327,
              -17.6056976
            ],
            [
              177.4353113,
              -17.6055902
            ],
            [
              177.435273,
              -17.6053726
            ],
            [
              177.4352979,
              -17.6052988
            ],
            [
              177.4352442,
              -17.605309
            ],
            [
              177.4351423,
              -17.6054547
            ],
            [
              177.435043,
              -17.6053678
            ],
            [
              177.4350083,
              -17.6052563
            ],
            [
              177.4349567,
              -17.6051656
            ],
            [
              177.4350132,
              -17.6051309
            ],
            [
              177.4350135,
              -17.6050354
            ],
            [
              177.4349009,
              -17.6049025
            ]
          ]
        ]
      },
      "id": "way/22572524"
    },
    {
      "type": "Feature",
      "properties": {
        "@id": "way/323644150",
        "name": "Yawalo Island",
        "natural": "coastline",
        "place": "island"
      },
      "geometry": {
        "type": "Polygon",
        "coordinates": [
          [
            [
              177.4726779,
              -17.5388158
            ],
            [
              177.4724687,
              -17.5388081
            ],
            [
              177.4722138,
              -17.5387851
            ],
            [
              177.4720636,
              -17.5387595
            ],
            [
              177.4719859,
              -17.5387032
            ],
            [
              177.471774,
              -17.5386265
            ],
            [
              177.4713609,
              -17.5385575
            ],
            [
              177.4709827,
              -17.5385191
            ],
            [
              177.470744,
              -17.5385498
            ],
            [
              177.4705053,
              -17.5386214
            ],
            [
              177.4702397,
              -17.5388362
            ],
            [
              177.4699957,
              -17.5392224
            ],
            [
              177.4697382,
              -17.5395498
            ],
            [
              177.4695263,
              -17.5397493
            ],
            [
              177.4692044,
              -17.5399794
            ],
            [
              177.4690542,
              -17.5401406
            ],
            [
              177.4689576,
              -17.5402684
            ],
            [
              177.4686411,
              -17.5407314
            ],
            [
              177.4683407,
              -17.5410383
            ],
            [
              177.4681396,
              -17.5412352
            ],
            [
              177.467976,
              -17.5413937
            ],
            [
              177.4677694,
              -17.5417262
            ],
            [
              177.4674771,
              -17.5422428
            ],
            [
              177.4672839,
              -17.542583
            ],
            [
              177.4671901,
              -17.5428669
            ],
            [
              177.4671445,
              -17.5431175
            ],
            [
              177.4670506,
              -17.5436136
            ],
            [
              177.4670372,
              -17.5438515
            ],
            [
              177.4670613,
              -17.543987
            ],
            [
              177.4671364,
              -17.5441481
            ],
            [
              177.467213,
              -17.5442219
            ],
            [
              177.4674154,
              -17.5444167
            ],
            [
              177.4675146,
              -17.5445369
            ],
            [
              177.4675683,
              -17.5447261
            ],
            [
              177.4675817,
              -17.5448924
            ],
            [
              177.4674851,
              -17.5452453
            ],
            [
              177.4672947,
              -17.5454038
            ],
            [
              177.4670506,
              -17.5455087
            ],
            [
              177.4669621,
              -17.5455113
            ],
            [
              177.4667985,
              -17.5454601
            ],
            [
              177.4666536,
              -17.5453322
            ],
            [
              177.4663613,
              -17.5450317
            ],
            [
              177.4662661,
              -17.5449448
            ],
            [
              177.4661386,
              -17.5448911
            ],
            [
              177.4660944,
              -17.5449026
            ],
            [
              177.4660716,
              -17.5449448
            ],
            [
              177.4660609,
              -17.5450062
            ],
            [
              177.4660702,
              -17.5451072
            ],
            [
              177.4660702,
              -17.5451826
            ],
            [
              177.4660166,
              -17.5452069
            ],
            [
              177.4659522,
              -17.5452005
            ],
            [
              177.4658637,
              -17.5451558
            ],
            [
              177.4657524,
              -17.5451328
            ],
            [
              177.4656558,
              -17.5451046
            ],
            [
              177.4655593,
              -17.5450432
            ],
            [
              177.4653809,
              -17.5449294
            ],
            [
              177.4653058,
              -17.5449358
            ],
            [
              177.465271,
              -17.5449665
            ],
            [
              177.4652441,
              -17.545042
            ],
            [
              177.4652629,
              -17.5451072
            ],
            [
              177.4652535,
              -17.5452414
            ],
            [
              177.4652455,
              -17.5453003
            ],
            [
              177.465228,
              -17.5453783
            ],
            [
              177.4652347,
              -17.5454716
            ],
            [
              177.4652844,
              -17.5455317
            ],
            [
              177.4653367,
              -17.5455893
            ],
            [
              177.4654372,
              -17.5457312
            ],
            [
              177.4654654,
              -17.5458693
            ],
            [
              177.4654118,
              -17.5459665
            ],
            [
              177.4652937,
              -17.5460151
            ],
            [
              177.4651596,
              -17.54601
            ],
            [
              177.4650497,
              -17.5460431
            ],
            [
              177.4649357,
              -17.5461301
            ],
            [
              177.4648968,
              -17.5461774
            ],
            [
              177.4648244,
              -17.5462093
            ],
            [
              177.4646581,
              -17.5462375
            ],
            [
              177.4644824,
              -17.5462835
            ],
            [
              177.4643456,
              -17.5463743
            ],
            [
              177.4641806,
              -17.5464996
            ],
            [
              177.4641377,
              -17.5465687
            ],
            [
              177.464127,
              -17.5466403
            ],
            [
              177.4641391,
              -17.5467234
            ],
            [
              177.4641109,
              -17.5468512
            ],
            [
              177.4640559,
              -17.5468986
            ],
            [
              177.463962,
              -17.5468909
            ],
            [
              177.4638775,
              -17.5468385
            ],
            [
              177.4637568,
              -17.5467464
            ],
            [
              177.4637005,
              -17.5466876
            ],
            [
              177.4636442,
              -17.5465878
            ],
            [
              177.4635986,
              -17.5464242
            ],
            [
              177.4634752,
              -17.5463244
            ],
            [
              177.4633894,
              -17.5462937
            ],
            [
              177.4632687,
              -17.5462707
            ],
            [
              177.4631721,
              -17.5462093
            ],
            [
              177.4630595,
              -17.5461454
            ],
            [
              177.4629361,
              -17.5461173
            ],
            [
              177.4627805,
              -17.5460508
            ],
            [
              177.4626142,
              -17.5459307
            ],
            [
              177.4622789,
              -17.5455905
            ],
            [
              177.4621234,
              -17.5455471
            ],
            [
              177.4619209,
              -17.5455317
            ],
            [
              177.461831,
              -17.5455598
            ],
            [
              177.4617962,
              -17.5455918
            ],
            [
              177.461776,
              -17.5456238
            ],
            [
              177.4617734,
              -17.5456775
            ],
            [
              177.4617438,
              -17.5457133
            ],
            [
              177.4616982,
              -17.5457299
            ],
            [
              177.4615494,
              -17.545767
            ],
            [
              177.4613657,
              -17.5458386
            ],
            [
              177.4611417,
              -17.5459511
            ],
            [
              177.4610156,
              -17.5460584
            ],
            [
              177.460852,
              -17.5462119
            ],
            [
              177.4607769,
              -17.54635
            ],
            [
              177.460742,
              -17.5464075
            ],
            [
              177.4607367,
              -17.5464727
            ],
            [
              177.4607447,
              -17.5465328
            ],
            [
              177.4607327,
              -17.5466006
            ],
            [
              177.4606629,
              -17.5466454
            ],
            [
              177.4605865,
              -17.5466914
            ],
            [
              177.4605073,
              -17.5467694
            ],
            [
              177.4604202,
              -17.5469216
            ],
            [
              177.460337,
              -17.5471338
            ],
            [
              177.4603022,
              -17.5473397
            ],
            [
              177.4603008,
              -17.5474113
            ],
            [
              177.4603276,
              -17.5474548
            ],
            [
              177.4604202,
              -17.5475123
            ],
            [
              177.4605194,
              -17.5475366
            ],
            [
              177.4606508,
              -17.5475673
            ],
            [
              177.4607608,
              -17.547644
            ],
            [
              177.4608225,
              -17.5478333
            ],
            [
              177.4608493,
              -17.5480967
            ],
            [
              177.4609325,
              -17.5483755
            ],
            [
              177.4610183,
              -17.5485545
            ],
            [
              177.4611149,
              -17.5487079
            ],
            [
              177.4612999,
              -17.549002
            ],
            [
              177.4618525,
              -17.5495877
            ],
            [
              177.4622843,
              -17.5498869
            ],
            [
              177.4632928,
              -17.5505492
            ],
            [
              177.463612,
              -17.550718
            ],
            [
              177.4640519,
              -17.5509405
            ],
            [
              177.4649236,
              -17.5513727
            ],
            [
              177.4652635,
              -17.5515059
            ],
            [
              177.4654493,
              -17.5515133
            ],
            [
              177.4657913,
              -17.5514814
            ],
            [
              177.4658798,
              -17.5514277
            ],
            [
              177.4659858,
              -17.5512678
            ],
            [
              177.4661105,
              -17.5509443
            ],
            [
              177.4661896,
              -17.5507871
            ],
            [
              177.4662661,
              -17.5506068
            ],
            [
              177.4663116,
              -17.5505441
            ],
            [
              177.4663841,
              -17.5504648
            ],
            [
              177.466431,
              -17.5503996
            ],
            [
              177.4664364,
              -17.5503178
            ],
            [
              177.4663881,
              -17.5501899
            ],
            [
              177.4663425,
              -17.5501017
            ],
            [
              177.4663237,
              -17.5500262
            ],
            [
              177.4663358,
              -17.5499956
            ],
            [
              177.4663908,
              -17.5499828
            ],
            [
              177.4666094,
              -17.550094
            ],
            [
              177.4668079,
              -17.5502219
            ],
            [
              177.4668387,
              -17.5502743
            ],
            [
              177.4668454,
              -17.5503267
            ],
            [
              177.4668159,
              -17.5503792
            ],
            [
              177.4667046,
              -17.5504508
            ],
            [
              177.4665021,
              -17.5506592
            ],
            [
              177.4663572,
              -17.5508062
            ],
            [
              177.4662459,
              -17.5509558
            ],
            [
              177.4661212,
              -17.5511783
            ],
            [
              177.4661158,
              -17.5512435
            ],
            [
              177.4661333,
              -17.5513267
            ],
            [
              177.4661856,
              -17.5515862
            ],
            [
              177.4661708,
              -17.5518484
            ],
            [
              177.4661735,
              -17.551934
            ],
            [
              177.4661923,
              -17.5519929
            ],
            [
              177.4662312,
              -17.5520862
            ],
            [
              177.4663774,
              -17.5521974
            ],
            [
              177.466435,
              -17.5522409
            ],
            [
              177.4666135,
              -17.5523281
            ],
            [
              177.4668119,
              -17.5524276
            ],
            [
              177.4670613,
              -17.5524557
            ],
            [
              177.4672531,
              -17.5524685
            ],
            [
              177.4674449,
              -17.5524864
            ],
            [
              177.4677399,
              -17.5525478
            ],
            [
              177.4678311,
              -17.5525401
            ],
            [
              177.4679988,
              -17.5525094
            ],
            [
              177.4681516,
              -17.5524557
            ],
            [
              177.4685392,
              -17.5523803
            ],
            [
              177.4687753,
              -17.5522754
            ],
            [
              177.4689013,
              -17.5521578
            ],
            [
              177.4689751,
              -17.5520389
            ],
            [
              177.4690113,
              -17.5518854
            ],
            [
              177.4690354,
              -17.5516284
            ],
            [
              177.469026,
              -17.5515325
            ],
            [
              177.4690006,
              -17.55142
            ],
            [
              177.4689644,
              -17.5513625
            ],
            [
              177.4689536,
              -17.5513113
            ],
            [
              177.4689711,
              -17.5512909
            ],
            [
              177.4690153,
              -17.5512781
            ],
            [
              177.4692634,
              -17.5513152
            ],
            [
              177.469423,
              -17.5513254
            ],
            [
              177.4695008,
              -17.5513254
            ],
            [
              177.4696564,
              -17.5513318
            ],
            [
              177.4697033,
              -17.5513637
            ],
            [
              177.4697248,
              -17.5513906
            ],
            [
              177.4697073,
              -17.5514354
            ],
            [
              177.4696336,
              -17.5514865
            ],
            [
              177.4695893,
              -17.5515479
            ],
            [
              177.4695531,
              -17.5516297
            ],
            [
              177.4695437,
              -17.5517307
            ],
            [
              177.4695531,
              -17.5519865
            ],
            [
              177.4696228,
              -17.5522601
            ],
            [
              177.4696926,
              -17.5523291
            ],
            [
              177.4699903,
              -17.5524314
            ],
            [
              177.4701673,
              -17.5524263
            ],
            [
              177.4705589,
              -17.5524059
            ],
            [
              177.4708003,
              -17.5523189
            ],
            [
              177.4709559,
              -17.5522038
            ],
            [
              177.4710685,
              -17.5519916
            ],
            [
              177.4713126,
              -17.5515722
            ],
            [
              177.471369,
              -17.5514724
            ],
            [
              177.4715031,
              -17.5513113
            ],
            [
              177.4717015,
              -17.5511323
            ],
            [
              177.4718571,
              -17.5509814
            ],
            [
              177.4719483,
              -17.550805
            ],
            [
              177.4721119,
              -17.5504393
            ],
            [
              177.4724499,
              -17.5499994
            ],
            [
              177.4727771,
              -17.5496976
            ],
            [
              177.4729997,
              -17.5495467
            ],
            [
              177.4732921,
              -17.5492757
            ],
            [
              177.4736944,
              -17.5487898
            ],
            [
              177.4738822,
              -17.5484624
            ],
            [
              177.4739922,
              -17.5483294
            ],
            [
              177.4740941,
              -17.5482399
            ],
            [
              177.4742765,
              -17.5481939
            ],
            [
              177.4743891,
              -17.5481069
            ],
            [
              177.4744776,
              -17.5479739
            ],
            [
              177.4745719,
              -17.5476647
            ],
            [
              177.4746949,
              -17.5472886
            ],
            [
              177.4749524,
              -17.5466901
            ],
            [
              177.4749685,
              -17.5464753
            ],
            [
              177.4749577,
              -17.5463832
            ],
            [
              177.4748853,
              -17.5463398
            ],
            [
              177.4747754,
              -17.5463167
            ],
            [
              177.4746573,
              -17.5463372
            ],
            [
              177.4745554,
              -17.5463832
            ],
            [
              177.4744481,
              -17.5465009
            ],
            [
              177.4743355,
              -17.5466288
            ],
            [
              177.4740807,
              -17.5466415
            ],
            [
              177.4739895,
              -17.5465981
            ],
            [
              177.4739492,
              -17.5465469
            ],
            [
              177.4739519,
              -17.5464906
            ],
            [
              177.4741129,
              -17.5461761
            ],
            [
              177.4741316,
              -17.5460175
            ],
            [
              177.4741665,
              -17.5456084
            ],
            [
              177.4741584,
              -17.5454396
            ],
            [
              177.474078,
              -17.5452555
            ],
            [
              177.4739197,
              -17.5450484
            ],
            [
              177.4738366,
              -17.5449358
            ],
            [
              177.4737266,
              -17.5447466
            ],
            [
              177.4736461,
              -17.5445701
            ],
            [
              177.4736408,
              -17.5444192
            ],
            [
              177.4737025,
              -17.544253
            ],
            [
              177.4738795,
              -17.5437927
            ],
            [
              177.4739224,
              -17.5435932
            ],
            [
              177.4738741,
              -17.5434039
            ],
            [
              177.4737508,
              -17.5431763
            ],
            [
              177.4735684,
              -17.5429001
            ],
            [
              177.4735362,
              -17.5428183
            ],
            [
              177.4735254,
              -17.5427083
            ],
            [
              177.4735523,
              -17.5425446
            ],
            [
              177.4736917,
              -17.5424014
            ],
            [
              177.473799,
              -17.5423068
            ],
            [
              177.4738607,
              -17.5422428
            ],
            [
              177.4738634,
              -17.5421226
            ],
            [
              177.4737937,
              -17.5418285
            ],
            [
              177.473732,
              -17.541661
            ],
            [
              177.4736287,
              -17.541537
            ],
            [
              177.4735107,
              -17.5414513
            ],
            [
              177.4734316,
              -17.541381
            ],
            [
              177.4734208,
              -17.5413093
            ],
            [
              177.4734168,
              -17.5411828
            ],
            [
              177.4733404,
              -17.5410204
            ],
            [
              177.473268,
              -17.540936
            ],
            [
              177.4730963,
              -17.5408592
            ],
            [
              177.4730158,
              -17.5408375
            ],
            [
              177.472981,
              -17.5408055
            ],
            [
              177.4729488,
              -17.5406955
            ],
            [
              177.472981,
              -17.5405063
            ],
            [
              177.4730686,
              -17.5402218
            ],
            [
              177.4731741,
              -17.5398439
            ],
            [
              177.473158,
              -17.5395805
            ],
            [
              177.4731285,
              -17.5394475
            ],
            [
              177.472871,
              -17.5389053
            ],
            [
              177.4728147,
              -17.5388439
            ],
            [
              177.4726779,
              -17.5388158
            ]
          ]
        ]
      },
      "id": "way/323644150"
    },
    {
      "type": "Feature",
      "properties": {
        "@id": "way/731226412",
        "natural": "coastline",
        "place": "island"
      },
      "geometry": {
        "type": "Polygon",
        "coordinates": [
          [
            [
              177.5347803,
              -17.4837187
            ],
            [
              177.5346985,
              -17.483746
            ],
            [
              177.5346051,
              -17.483991
            ],
            [
              177.5346658,
              -17.4842672
            ],
            [
              177.5349339,
              -17.4846553
            ],
            [
              177.5353601,
              -17.4851414
            ],
            [
              177.5358643,
              -17.4855535
            ],
            [
              177.5362331,
              -17.4857696
            ],
            [
              177.53636,
              -17.4857738
            ],
            [
              177.5363458,
              -17.4856484
            ],
            [
              177.5357802,
              -17.4847193
            ],
            [
              177.5353009,
              -17.4841121
            ],
            [
              177.5347803,
              -17.4837187
            ]
          ]
        ]
      },
      "id": "way/731226412"
    },
    {
      "type": "Feature",
      "properties": {
        "@id": "way/780356237",
        "name": "Tavuca Island",
        "natural": "coastline",
        "place": "island"
      },
      "geometry": {
        "type": "Polygon",
        "coordinates": [
          [
            [
              177.7435863,
              -17.3898866
            ],
            [
              177.7434468,
              -17.3898968
            ],
            [
              177.7430606,
              -17.3901016
            ],
            [
              177.7426153,
              -17.3903319
            ],
            [
              177.7421379,
              -17.3901425
            ],
            [
              177.7417839,
              -17.3900657
            ],
            [
              177.7414405,
              -17.3897637
            ],
            [
              177.7410865,
              -17.3898559
            ],
            [
              177.7408719,
              -17.3899378
            ],
            [
              177.7405362,
              -17.3903854
            ],
            [
              177.7403381,
              -17.3904581
            ],
            [
              177.7401644,
              -17.3904367
            ],
            [
              177.7399083,
              -17.3902721
            ],
            [
              177.7396059,
              -17.3904394
            ],
            [
              177.7392626,
              -17.3904394
            ],
            [
              177.7390158,
              -17.3903985
            ],
            [
              177.7387369,
              -17.3903371
            ],
            [
              177.7386081,
              -17.3902756
            ],
            [
              177.7381146,
              -17.3901835
            ],
            [
              177.7376211,
              -17.3902552
            ],
            [
              177.7367949,
              -17.3902244
            ],
            [
              177.7361405,
              -17.3904804
            ],
            [
              177.7357972,
              -17.3904804
            ],
            [
              177.7354216,
              -17.3907056
            ],
            [
              177.7349603,
              -17.3907364
            ],
            [
              177.7348208,
              -17.3909104
            ],
            [
              177.7340054,
              -17.391238
            ],
            [
              177.7331793,
              -17.3912892
            ],
            [
              177.7324873,
              -17.3917244
            ],
            [
              177.73192,
              -17.3915965
            ],
            [
              177.7317318,
              -17.3915541
            ],
            [
              177.7310067,
              -17.3916015
            ],
            [
              177.7301699,
              -17.3919138
            ],
            [
              177.7297676,
              -17.3922209
            ],
            [
              177.7297246,
              -17.3926202
            ],
            [
              177.7293599,
              -17.3930605
            ],
            [
              177.7291667,
              -17.3939205
            ],
            [
              177.7293491,
              -17.3959374
            ],
            [
              177.7303898,
              -17.3968998
            ],
            [
              177.7307546,
              -17.3974629
            ],
            [
              177.731452,
              -17.3983024
            ],
            [
              177.7329111,
              -17.3993774
            ],
            [
              177.7337694,
              -17.3993364
            ],
            [
              177.733866,
              -17.3989576
            ],
            [
              177.7339518,
              -17.3985788
            ],
            [
              177.7343595,
              -17.3989064
            ],
            [
              177.7352929,
              -17.3997766
            ],
            [
              177.7363336,
              -17.4000377
            ],
            [
              177.737031,
              -17.3992187
            ],
            [
              177.7375781,
              -17.3985583
            ],
            [
              177.7380288,
              -17.3984201
            ],
            [
              177.738179,
              -17.3981283
            ],
            [
              177.7390051,
              -17.3974731
            ],
            [
              177.7389568,
              -17.3969612
            ],
            [
              177.7392036,
              -17.3966694
            ],
            [
              177.7390426,
              -17.3963725
            ],
            [
              177.7391767,
              -17.3962855
            ],
            [
              177.7393538,
              -17.3963674
            ],
            [
              177.7395469,
              -17.3964493
            ],
            [
              177.739917,
              -17.3964339
            ],
            [
              177.7401316,
              -17.3962855
            ],
            [
              177.7402013,
              -17.3965159
            ],
            [
              177.7404642,
              -17.3965414
            ],
            [
              177.7408451,
              -17.3962548
            ],
            [
              177.7413386,
              -17.3961678
            ],
            [
              177.7427334,
              -17.3952975
            ],
            [
              177.7429587,
              -17.3949085
            ],
            [
              177.7433342,
              -17.3948982
            ],
            [
              177.7439403,
              -17.3945706
            ],
            [
              177.7438813,
              -17.3942993
            ],
            [
              177.7440423,
              -17.3939358
            ],
            [
              177.7443266,
              -17.3938437
            ],
            [
              177.7446538,
              -17.3937004
            ],
            [
              177.7446753,
              -17.3934854
            ],
            [
              177.7446538,
              -17.3932192
            ],
            [
              177.7447987,
              -17.3927328
            ],
            [
              177.7448308,
              -17.3919138
            ],
            [
              177.744804,
              -17.390936
            ],
            [
              177.7448523,
              -17.3904599
            ],
            [
              177.7445458,
              -17.3902845
            ],
            [
              177.7443534,
              -17.3902244
            ],
            [
              177.7441657,
              -17.3900862
            ],
            [
              177.7435863,
              -17.3898866
            ]
          ]
        ]
      },
      "id": "way/780356237"
    },
    {
      "type": "Feature",
      "properties": {
        "@id": "way/852517329",
        "natural": "coastline",
        "place": "island"
      },
      "geometry": {
        "type": "Polygon",
        "coordinates": [
          [
            [
              177.3824045,
              -17.5814756
            ],
            [
              177.3825064,
              -17.5814602
            ],
            [
              177.3826003,
              -17.5814372
            ],
            [
              177.3826513,
              -17.5814014
            ],
            [
              177.3826861,
              -17.5813349
            ],
            [
              177.3827103,
              -17.5812531
            ],
            [
              177.3827264,
              -17.5811866
            ],
            [
              177.3827478,
              -17.5811278
            ],
            [
              177.3827854,
              -17.581069
            ],
            [
              177.3828363,
              -17.5810179
            ],
            [
              177.3828927,
              -17.5809898
            ],
            [
              177.3829356,
              -17.5809616
            ],
            [
              177.3829946,
              -17.5809258
            ],
            [
              177.3830294,
              -17.5809079
            ],
            [
              177.3830992,
              -17.580867
            ],
            [
              177.3831153,
              -17.5808389
            ],
            [
              177.3831206,
              -17.5807724
            ],
            [
              177.3830938,
              -17.5807392
            ],
            [
              177.3830589,
              -17.5807034
            ],
            [
              177.3829973,
              -17.5807059
            ],
            [
              177.3829409,
              -17.5807187
            ],
            [
              177.3828792,
              -17.5807673
            ],
            [
              177.3828283,
              -17.5808338
            ],
            [
              177.3827639,
              -17.5809028
            ],
            [
              177.3826486,
              -17.5809898
            ],
            [
              177.3825762,
              -17.5810332
            ],
            [
              177.3824179,
              -17.581023
            ],
            [
              177.3823267,
              -17.5810128
            ],
            [
              177.3822597,
              -17.5809949
            ],
            [
              177.3821309,
              -17.5809463
            ],
            [
              177.3819163,
              -17.5808926
            ],
            [
              177.3818305,
              -17.580913
            ],
            [
              177.3816535,
              -17.5808849
            ],
            [
              177.3815569,
              -17.5809335
            ],
            [
              177.3815301,
              -17.5809642
            ],
            [
              177.3815194,
              -17.5810153
            ],
            [
              177.3814925,
              -17.5810665
            ],
            [
              177.3814845,
              -17.5811099
            ],
            [
              177.3815033,
              -17.5811585
            ],
            [
              177.3815569,
              -17.5812301
            ],
            [
              177.3816267,
              -17.5812787
            ],
            [
              177.3817098,
              -17.5813503
            ],
            [
              177.3817795,
              -17.5814014
            ],
            [
              177.3819029,
              -17.5814347
            ],
            [
              177.3820183,
              -17.581473
            ],
            [
              177.3821336,
              -17.5814884
            ],
            [
              177.3822677,
              -17.5814781
            ],
            [
              177.3823535,
              -17.5814705
            ],
            [
              177.3824045,
              -17.5814756
            ]
          ]
        ]
      },
      "id": "way/852517329"
    },
    {
      "type": "Feature",
      "properties": {
        "@id": "way/22570516",
        "natural": "coastline"
      },
      "geometry": {
        "type": "LineString",
        "coordinates": [
          [
            177.5906306,
            -17.4851024
          ],
          [
            177.5904375,
            -17.4849579
          ],
          [
            177.5902042,
            -17.4846777
          ],
          [
            177.5900231,
            -17.484482
          ],
          [
            177.5899453,
            -17.4843899
          ],
          [
            177.5898635,
            -17.4843196
          ],
          [
            177.5897321,
            -17.4842531
          ],
          [
            177.5896355,
            -17.4841814
          ],
          [
            177.5895537,
            -17.4841187
          ],
          [
            177.5892828,
            -17.4838834
          ],
          [
            177.5891537,
            -17.4837678
          ],
          [
            177.588997,
            -17.4837393
          ],
          [
            177.5886812,
            -17.4837628
          ],
          [
            177.5883594,
            -17.4837897
          ],
          [
            177.5882937,
            -17.4838575
          ],
          [
            177.5882571,
            -17.4839371
          ],
          [
            177.5881837,
            -17.4841301
          ],
          [
            177.5881412,
            -17.48421
          ],
          [
            177.5881354,
            -17.4842209
          ],
          [
            177.5880461,
            -17.4842973
          ],
          [
            177.5879629,
            -17.4843513
          ],
          [
            177.5877425,
            -17.4845083
          ],
          [
            177.5875193,
            -17.4846277
          ],
          [
            177.5873543,
            -17.4847981
          ],
          [
            177.5872752,
            -17.4849409
          ],
          [
            177.5871434,
            -17.4852079
          ],
          [
            177.5870666,
            -17.4855175
          ],
          [
            177.5870442,
            -17.4857006
          ],
          [
            177.5870362,
            -17.4858353
          ],
          [
            177.5870733,
            -17.4860076
          ],
          [
            177.5870806,
            -17.4861614
          ],
          [
            177.5870658,
            -17.4862624
          ],
          [
            177.5869385,
            -17.4864947
          ],
          [
            177.5869641,
            -17.4866016
          ],
          [
            177.5869426,
            -17.4866757
          ],
          [
            177.586897,
            -17.4867525
          ],
          [
            177.5869158,
            -17.4868011
          ],
          [
            177.5869453,
            -17.4869571
          ],
          [
            177.5869426,
            -17.4871106
          ],
          [
            177.5868863,
            -17.487282
          ],
          [
            177.5868461,
            -17.4873767
          ],
          [
            177.5867066,
            -17.4874534
          ],
          [
            177.5866476,
            -17.487566
          ],
          [
            177.5866234,
            -17.4876862
          ],
          [
            177.5864196,
            -17.4877656
          ],
          [
            177.5863391,
            -17.4878218
          ],
          [
            177.5861943,
            -17.4881007
          ],
          [
            177.5861138,
            -17.4882286
          ],
          [
            177.5859234,
            -17.4883079
          ],
          [
            177.5857946,
            -17.4883591
          ],
          [
            177.5855961,
            -17.4884972
          ],
          [
            177.5855291,
            -17.4886021
          ],
          [
            177.5854808,
            -17.4887223
          ],
          [
            177.5854111,
            -17.4888247
          ],
          [
            177.5853762,
            -17.4888707
          ],
          [
            177.5852729,
            -17.4889155
          ],
          [
            177.5852381,
            -17.4889564
          ],
          [
            177.5851871,
            -17.4890089
          ],
          [
            177.5851187,
            -17.4890754
          ],
          [
            177.5849846,
            -17.4891496
          ],
          [
            177.5847858,
            -17.4891161
          ],
          [
            177.584679,
            -17.4891855
          ],
          [
            177.5845554,
            -17.4891521
          ],
          [
            177.5843731,
            -17.4892621
          ],
          [
            177.5842336,
            -17.4893593
          ],
          [
            177.5840029,
            -17.4894258
          ],
          [
            177.5837991,
            -17.4894335
          ],
          [
            177.5835898,
            -17.4894386
          ],
          [
            177.5834611,
            -17.4894847
          ],
          [
            177.5832733,
            -17.4895512
          ],
          [
            177.5831902,
            -17.489564
          ],
          [
            177.5830856,
            -17.4895742
          ],
          [
            177.582931,
            -17.4895896
          ],
          [
            177.5823828,
            -17.4896751
          ],
          [
            177.5822568,
            -17.4896893
          ],
          [
            177.5821441,
            -17.4897252
          ],
          [
            177.5820824,
            -17.489761
          ],
          [
            177.5818933,
            -17.4898922
          ],
          [
            177.5817117,
            -17.4900346
          ],
          [
            177.5815568,
            -17.4902909
          ]
        ]
      },
      "id": "way/22570516"
    },
    {
      "type": "Feature",
      "properties": {
        "@id": "way/22570872",
        "natural": "coastline"
      },
      "geometry": {
        "type": "LineString",
        "coordinates": [
          [
            177.8317995,
            -17.4320922
          ],
          [
            177.8316057,
            -17.4324454
          ],
          [
            177.8313938,
            -17.4327832
          ],
          [
            177.8312167,
            -17.4329214
          ],
          [
            177.8310773,
            -17.4329291
          ],
          [
            177.8309056,
            -17.4329163
          ],
          [
            177.8307447,
            -17.4328753
          ],
          [
            177.8305998,
            -17.43275
          ],
          [
            177.8305542,
            -17.4326425
          ],
          [
            177.8301921,
            -17.4320641
          ],
          [
            177.8300419,
            -17.4319234
          ],
          [
            177.8299561,
            -17.4318773
          ],
          [
            177.8298569,
            -17.4318185
          ],
          [
            177.8297469,
            -17.4317801
          ],
          [
            177.8296664,
            -17.4317878
          ],
          [
            177.8295082,
            -17.4318313
          ],
          [
            177.8293419,
            -17.4319157
          ],
          [
            177.8291649,
            -17.431972
          ],
          [
            177.8290227,
            -17.4320078
          ],
          [
            177.8287947,
            -17.432036
          ],
          [
            177.8286177,
            -17.4321025
          ],
          [
            177.8284808,
            -17.4322004
          ],
          [
            177.8282797,
            -17.4323226
          ],
          [
            177.8281,
            -17.4324633
          ],
          [
            177.8278747,
            -17.4326297
          ],
          [
            177.8275716,
            -17.4327704
          ],
          [
            177.8274912,
            -17.4328395
          ],
          [
            177.8274268,
            -17.4329214
          ],
          [
            177.8273597,
            -17.4330314
          ],
          [
            177.8272283,
            -17.4331901
          ],
          [
            177.827113,
            -17.4333257
          ],
          [
            177.8270003,
            -17.433487
          ],
          [
            177.8268394,
            -17.4336635
          ],
          [
            177.826716,
            -17.4338401
          ],
          [
            177.8266436,
            -17.4341113
          ],
          [
            177.8266355,
            -17.4342751
          ],
          [
            177.826539,
            -17.4345182
          ],
          [
            177.8263029,
            -17.4348355
          ],
          [
            177.8261018,
            -17.4351298
          ],
          [
            177.825914,
            -17.4353269
          ],
          [
            177.825737,
            -17.4354497
          ],
          [
            177.8255761,
            -17.4355367
          ],
          [
            177.8253964,
            -17.4355956
          ],
          [
            177.8251711,
            -17.4356007
          ],
          [
            177.8249887,
            -17.4356288
          ],
          [
            177.8248438,
            -17.4356646
          ],
          [
            177.8244442,
            -17.4358182
          ],
          [
            177.8241894,
            -17.4360434
          ],
          [
            177.8240553,
            -17.436243
          ],
          [
            177.8239721,
            -17.4364272
          ],
          [
            177.8238836,
            -17.4365603
          ],
          [
            177.8237388,
            -17.4367113
          ],
          [
            177.8235108,
            -17.4369032
          ],
          [
            177.8231567,
            -17.4370926
          ],
          [
            177.8229877,
            -17.4371591
          ],
          [
            177.8228,
            -17.4372128
          ],
          [
            177.8226739,
            -17.4372359
          ],
          [
            177.8225586,
            -17.4372256
          ],
          [
            177.8224137,
            -17.4371796
          ],
          [
            177.8223091,
            -17.4371744
          ],
          [
            177.8221697,
            -17.4372
          ],
          [
            177.8219765,
            -17.4372231
          ],
          [
            177.82188,
            -17.4371872
          ],
          [
            177.8217995,
            -17.437154
          ],
          [
            177.8214481,
            -17.4368315
          ],
          [
            177.8213301,
            -17.4367317
          ],
          [
            177.8211263,
            -17.4365168
          ],
          [
            177.8209573,
            -17.4362788
          ],
          [
            177.8208688,
            -17.436202
          ],
          [
            177.8207025,
            -17.4361022
          ],
          [
            177.820555,
            -17.4360408
          ],
          [
            177.8203377,
            -17.4359845
          ],
          [
            177.8202009,
            -17.4359461
          ],
          [
            177.8200909,
            -17.4358668
          ],
          [
            177.8199273,
            -17.4357542
          ],
          [
            177.8197476,
            -17.4355418
          ],
          [
            177.8195921,
            -17.4353755
          ],
          [
            177.819415,
            -17.4352578
          ],
          [
            177.8193024,
            -17.435204
          ],
          [
            177.8191656,
            -17.4351477
          ],
          [
            177.8190073,
            -17.4350351
          ],
          [
            177.8188652,
            -17.4348535
          ],
          [
            177.8186211,
            -17.4346257
          ],
          [
            177.8183529,
            -17.4342854
          ],
          [
            177.8182214,
            -17.4340883
          ],
          [
            177.8181383,
            -17.4339271
          ],
          [
            177.8181034,
            -17.4337096
          ],
          [
            177.8181383,
            -17.4335125
          ],
          [
            177.8183314,
            -17.4332285
          ],
          [
            177.8184387,
            -17.4330187
          ],
          [
            177.8184763,
            -17.4328677
          ],
          [
            177.8184789,
            -17.4326962
          ],
          [
            177.818369,
            -17.4323559
          ],
          [
            177.8181598,
            -17.4319336
          ],
          [
            177.8181463,
            -17.4318031
          ],
          [
            177.8181678,
            -17.4316086
          ],
          [
            177.818267,
            -17.4314218
          ],
          [
            177.8183824,
            -17.4312529
          ],
          [
            177.8184783,
            -17.4309881
          ],
          [
            177.8184669,
            -17.4308895
          ],
          [
            177.818438,
            -17.4308467
          ],
          [
            177.8183636,
            -17.4307846
          ],
          [
            177.8182778,
            -17.4307795
          ],
          [
            177.818141,
            -17.4308
          ],
          [
            177.8179693,
            -17.4308153
          ],
          [
            177.8178406,
            -17.4308179
          ],
          [
            177.8177011,
            -17.4307539
          ],
          [
            177.817516,
            -17.4306362
          ],
          [
            177.8172129,
            -17.4304366
          ],
          [
            177.8170118,
            -17.430324
          ],
          [
            177.8163546,
            -17.4300911
          ],
          [
            177.8160998,
            -17.4300476
          ],
          [
            177.815904,
            -17.4300655
          ],
          [
            177.8157029,
            -17.4301269
          ],
          [
            177.8154132,
            -17.4302549
          ],
          [
            177.8149599,
            -17.4303291
          ],
          [
            177.8147909,
            -17.4303419
          ],
          [
            177.8145763,
            -17.4303061
          ],
          [
            177.8142571,
            -17.4302549
          ],
          [
            177.8140345,
            -17.4301602
          ],
          [
            177.8139272,
            -17.4300834
          ],
          [
            177.8137797,
            -17.4300118
          ],
          [
            177.8136107,
            -17.4299478
          ],
          [
            177.8133992,
            -17.4298531
          ],
          [
            177.8131923,
            -17.4297712
          ],
          [
            177.8130823,
            -17.4297073
          ],
          [
            177.8130099,
            -17.4295768
          ],
          [
            177.813026,
            -17.4293925
          ],
          [
            177.8130019,
            -17.4290521
          ],
          [
            177.8129831,
            -17.4288935
          ],
          [
            177.8128999,
            -17.4286734
          ],
          [
            177.8126237,
            -17.4281744
          ],
          [
            177.8124654,
            -17.4279799
          ],
          [
            177.8124493,
            -17.4279185
          ],
          [
            177.8124601,
            -17.4278699
          ],
          [
            177.8126505,
            -17.4276933
          ],
          [
            177.8127283,
            -17.4276088
          ],
          [
            177.8127283,
            -17.42755
          ],
          [
            177.8126988,
            -17.4275141
          ],
          [
            177.8126693,
            -17.427509
          ],
          [
            177.8125861,
            -17.4275269
          ],
          [
            177.8124842,
            -17.4275525
          ],
          [
            177.8123715,
            -17.4275602
          ],
          [
            177.8122723,
            -17.4275141
          ],
          [
            177.8121811,
            -17.4273632
          ],
          [
            177.8119907,
            -17.4271789
          ],
          [
            177.8118566,
            -17.4270817
          ],
          [
            177.8117761,
            -17.4269537
          ],
          [
            177.8117359,
            -17.426836
          ],
          [
            177.8116554,
            -17.4267464
          ],
          [
            177.8115267,
            -17.4267234
          ],
          [
            177.8114301,
            -17.4267183
          ],
          [
            177.8112477,
            -17.4267131
          ],
          [
            177.8109634,
            -17.4266722
          ],
          [
            177.8107247,
            -17.4266159
          ],
          [
            177.8104618,
            -17.4265673
          ],
          [
            177.8103009,
            -17.426575
          ],
          [
            177.8100246,
            -17.426575
          ],
          [
            177.8098369,
            -17.4264828
          ],
          [
            177.8097859,
            -17.4263753
          ],
          [
            177.8097886,
            -17.4262295
          ],
          [
            177.8100193,
            -17.4259966
          ],
          [
            177.8104028,
            -17.4257688
          ],
          [
            177.8105208,
            -17.4256511
          ],
          [
            177.8109178,
            -17.4252647
          ],
          [
            177.811119,
            -17.4250625
          ],
          [
            177.8113228,
            -17.4249269
          ],
          [
            177.8113751,
            -17.4248719
          ],
          [
            177.8113704,
            -17.4248565
          ],
          [
            177.8113604,
            -17.4248437
          ],
          [
            177.8113107,
            -17.4248296
          ],
          [
            177.8111833,
            -17.4248092
          ],
          [
            177.8111015,
            -17.4247951
          ],
          [
            177.8110519,
            -17.4247631
          ],
          [
            177.8110144,
            -17.4247068
          ],
          [
            177.8110039,
            -17.4245983
          ],
          [
            177.8110023,
            -17.4245814
          ],
          [
            177.8109875,
            -17.4243984
          ],
          [
            177.8110036,
            -17.4242845
          ],
          [
            177.8110264,
            -17.4242334
          ],
          [
            177.8110962,
            -17.4242027
          ],
          [
            177.8112088,
            -17.4242039
          ],
          [
            177.8113054,
            -17.4241719
          ],
          [
            177.8113295,
            -17.424122
          ],
          [
            177.8113121,
            -17.4240734
          ],
          [
            177.8112799,
            -17.4240299
          ],
          [
            177.8112316,
            -17.4239915
          ],
          [
            177.8108051,
            -17.4239672
          ],
          [
            177.8105047,
            -17.4238879
          ],
          [
            177.810384,
            -17.4237753
          ],
          [
            177.810325,
            -17.4236422
          ],
          [
            177.8099602,
            -17.4226057
          ],
          [
            177.8097135,
            -17.4218278
          ],
          [
            177.8096759,
            -17.4213364
          ],
          [
            177.8097188,
            -17.4209218
          ],
          [
            177.8097725,
            -17.4206812
          ],
          [
            177.8098851,
            -17.4204765
          ],
          [
            177.810089,
            -17.4201541
          ],
          [
            177.8102074,
            -17.4199282
          ],
          [
            177.8103948,
            -17.4195706
          ],
          [
            177.8104967,
            -17.4192481
          ],
          [
            177.8104699,
            -17.4189819
          ],
          [
            177.8104216,
            -17.4187593
          ],
          [
            177.8104135,
            -17.4185776
          ],
          [
            177.8103974,
            -17.4183319
          ],
          [
            177.8104243,
            -17.4180785
          ],
          [
            177.8104779,
            -17.4179429
          ],
          [
            177.8105745,
            -17.4178201
          ],
          [
            177.8106388,
            -17.4176307
          ],
          [
            177.8107005,
            -17.4174004
          ],
          [
            177.8107274,
            -17.4172749
          ],
          [
            177.8108025,
            -17.4171393
          ],
          [
            177.8110278,
            -17.4168911
          ],
          [
            177.8112236,
            -17.4167836
          ],
          [
            177.8115347,
            -17.4166172
          ],
          [
            177.8119826,
            -17.4163536
          ],
          [
            177.8122508,
            -17.4161566
          ],
          [
            177.8124869,
            -17.4159621
          ],
          [
            177.8128034,
            -17.4158802
          ],
          [
            177.8131145,
            -17.4158802
          ],
          [
            177.8137207,
            -17.4158239
          ],
          [
            177.8142357,
            -17.4157522
          ],
          [
            177.8148794,
            -17.4157931
          ],
          [
            177.8160596,
            -17.415916
          ],
          [
            177.8167409,
            -17.4160337
          ],
          [
            177.8174382,
            -17.4162077
          ],
          [
            177.8174993,
            -17.416214
          ],
          [
            177.8179371,
            -17.4162589
          ],
          [
            177.8181946,
            -17.4162436
          ],
          [
            177.8183958,
            -17.4161949
          ],
          [
            177.8186372,
            -17.4161463
          ],
          [
            177.8188008,
            -17.4161438
          ],
          [
            177.8189832,
            -17.4161566
          ],
          [
            177.8191897,
            -17.4162129
          ],
          [
            177.8194874,
            -17.4162564
          ],
          [
            177.8196698,
            -17.4162999
          ],
          [
            177.8198093,
            -17.4163767
          ],
          [
            177.8199756,
            -17.4165225
          ],
          [
            177.8201151,
            -17.416566
          ],
          [
            177.8203028,
            -17.4165174
          ],
          [
            177.8204423,
            -17.4163664
          ],
          [
            177.8205657,
            -17.4161975
          ],
          [
            177.820673,
            -17.4160184
          ],
          [
            177.8208098,
            -17.4159339
          ],
          [
            177.820968,
            -17.4158776
          ],
          [
            177.8211156,
            -17.4158418
          ],
          [
            177.8213811,
            -17.4157624
          ],
          [
            177.8216761,
            -17.4155961
          ],
          [
            177.8219095,
            -17.4154118
          ],
          [
            177.8220838,
            -17.4151457
          ],
          [
            177.8221428,
            -17.4149358
          ],
          [
            177.8222287,
            -17.4147439
          ],
          [
            177.8223252,
            -17.4145647
          ],
          [
            177.8225452,
            -17.4142627
          ],
          [
            177.8227705,
            -17.4140631
          ],
          [
            177.8231218,
            -17.4137739
          ],
          [
            177.8234008,
            -17.4134975
          ],
          [
            177.8236556,
            -17.4132697
          ],
          [
            177.8237307,
            -17.4130778
          ],
          [
            177.8237683,
            -17.41296
          ],
          [
            177.8237951,
            -17.4127374
          ],
          [
            177.8237817,
            -17.4125582
          ],
          [
            177.8237361,
            -17.4121359
          ],
          [
            177.8236368,
            -17.4118647
          ],
          [
            177.8235805,
            -17.4117597
          ],
          [
            177.823374,
            -17.4116625
          ],
          [
            177.8232835,
            -17.4116257
          ],
          [
            177.8229958,
            -17.4115089
          ],
          [
            177.8222555,
            -17.4113093
          ],
          [
            177.8218424,
            -17.4111455
          ],
          [
            177.8212389,
            -17.4109024
          ],
          [
            177.8209197,
            -17.4107846
          ],
          [
            177.820791,
            -17.4107053
          ],
          [
            177.8207293,
            -17.410585
          ],
          [
            177.820732,
            -17.4104647
          ],
          [
            177.8207266,
            -17.4103291
          ],
          [
            177.8206971,
            -17.4102344
          ],
          [
            177.8205711,
            -17.4100987
          ],
          [
            177.8202224,
            -17.4097942
          ],
          [
            177.8198361,
            -17.4091492
          ],
          [
            177.8195894,
            -17.408837
          ],
          [
            177.8194284,
            -17.4086373
          ],
          [
            177.8192139,
            -17.4084991
          ],
          [
            177.8189644,
            -17.4082074
          ],
          [
            177.818841,
            -17.4080052
          ],
          [
            177.8188115,
            -17.4078542
          ],
          [
            177.8187928,
            -17.4077544
          ],
          [
            177.8187552,
            -17.4075726
          ],
          [
            177.818715,
            -17.4074344
          ],
          [
            177.8185004,
            -17.4071376
          ],
          [
            177.8182644,
            -17.40681
          ],
          [
            177.8181437,
            -17.4065975
          ],
          [
            177.8180659,
            -17.406444
          ],
          [
            177.8179827,
            -17.4063237
          ],
          [
            177.8177239,
            -17.4061215
          ],
          [
            177.8174248,
            -17.4059628
          ],
          [
            177.8169501,
            -17.4057913
          ],
          [
            177.8164995,
            -17.4056992
          ],
          [
            177.8162125,
            -17.4057145
          ],
          [
            177.8159898,
            -17.4057248
          ],
          [
            177.8157324,
            -17.405712
          ],
          [
            177.8153971,
            -17.4056275
          ],
          [
            177.8150511,
            -17.4055559
          ],
          [
            177.8147882,
            -17.4054586
          ],
          [
            177.8145844,
            -17.4053613
          ],
          [
            177.8142813,
            -17.4051745
          ],
          [
            177.8142288,
            -17.4051451
          ],
          [
            177.813938,
            -17.4049826
          ],
          [
            177.8137368,
            -17.4048136
          ],
          [
            177.8136054,
            -17.404678
          ],
          [
            177.8135571,
            -17.404527
          ],
          [
            177.813592,
            -17.4040612
          ],
          [
            177.8136697,
            -17.4038385
          ],
          [
            177.8137234,
            -17.4035902
          ],
          [
            177.8137314,
            -17.4031551
          ],
          [
            177.8137448,
            -17.4028109
          ],
          [
            177.8137931,
            -17.4026804
          ],
          [
            177.8138977,
            -17.4026087
          ],
          [
            177.8141016,
            -17.4025268
          ],
          [
            177.8141512,
            -17.4025204
          ],
          [
            177.8142437,
            -17.4025626
          ],
          [
            177.814351,
            -17.4025703
          ],
          [
            177.8144395,
            -17.4025613
          ],
          [
            177.8146058,
            -17.4025485
          ],
          [
            177.814693,
            -17.4025345
          ],
          [
            177.8147574,
            -17.4024922
          ],
          [
            177.8148097,
            -17.4023835
          ],
          [
            177.814866,
            -17.402267
          ],
          [
            177.8149813,
            -17.4021339
          ],
          [
            177.8151959,
            -17.4020085
          ],
          [
            177.8154507,
            -17.4018754
          ],
          [
            177.8157967,
            -17.4017782
          ],
          [
            177.8162017,
            -17.4016348
          ],
          [
            177.8165156,
            -17.4015248
          ],
          [
            177.8169179,
            -17.4013302
          ],
          [
            177.8171915,
            -17.4012381
          ],
          [
            177.817516,
            -17.4011306
          ],
          [
            177.8178164,
            -17.400995
          ],
          [
            177.8179827,
            -17.4009259
          ],
          [
            177.8182644,
            -17.4007595
          ],
          [
            177.8186479,
            -17.4005343
          ],
          [
            177.8188732,
            -17.4003884
          ],
          [
            177.8190502,
            -17.4002169
          ],
          [
            177.8192031,
            -17.4000019
          ],
          [
            177.8193507,
            -17.3998227
          ],
          [
            177.8195813,
            -17.3996154
          ],
          [
            177.8197396,
            -17.3995284
          ],
          [
            177.8200507,
            -17.3993441
          ],
          [
            177.8203136,
            -17.3992136
          ],
          [
            177.8204825,
            -17.3991573
          ],
          [
            177.8207052,
            -17.3991189
          ],
          [
            177.8208876,
            -17.3991163
          ],
          [
            177.8210163,
            -17.3990984
          ],
          [
            177.8211075,
            -17.3990677
          ],
          [
            177.8212845,
            -17.3989333
          ],
          [
            177.8213623,
            -17.3988719
          ],
          [
            177.8214777,
            -17.3988053
          ],
          [
            177.8215662,
            -17.398781
          ],
          [
            177.8217325,
            -17.3987708
          ],
          [
            177.8218733,
            -17.3987413
          ],
          [
            177.8219712,
            -17.3986991
          ],
          [
            177.8221938,
            -17.3985609
          ],
          [
            177.8224647,
            -17.3983177
          ],
          [
            177.8226605,
            -17.3981386
          ],
          [
            177.8228456,
            -17.3979133
          ],
          [
            177.823095,
            -17.3976036
          ],
          [
            177.8233579,
            -17.3972325
          ],
          [
            177.8234544,
            -17.3969842
          ],
          [
            177.8234491,
            -17.3967181
          ],
          [
            177.8234088,
            -17.3964544
          ],
          [
            177.8232613,
            -17.3956431
          ],
          [
            177.8231728,
            -17.3952617
          ],
          [
            177.8229126,
            -17.3943863
          ],
          [
            177.8227839,
            -17.3940254
          ],
          [
            177.8225398,
            -17.3936748
          ],
          [
            177.8217995,
            -17.3924385
          ],
          [
            177.8214991,
            -17.3920597
          ],
          [
            177.821188,
            -17.3916988
          ],
          [
            177.8207615,
            -17.3913635
          ],
          [
            177.820327,
            -17.3910819
          ],
          [
            177.8197181,
            -17.390744
          ],
          [
            177.8195612,
            -17.3905329
          ],
          [
            177.8195371,
            -17.3904369
          ],
          [
            177.8195344,
            -17.3902641
          ],
          [
            177.8195478,
            -17.3900824
          ],
          [
            177.8195894,
            -17.3899851
          ],
          [
            177.8196283,
            -17.3899122
          ],
          [
            177.8196618,
            -17.3898533
          ],
          [
            177.8197087,
            -17.3898021
          ],
          [
            177.819757,
            -17.3897944
          ],
          [
            177.8198294,
            -17.3898379
          ],
          [
            177.8198522,
            -17.3898623
          ],
          [
            177.8199233,
            -17.389957
          ],
          [
            177.8199756,
            -17.3900222
          ],
          [
            177.8200306,
            -17.3900568
          ],
          [
            177.8200749,
            -17.3900632
          ],
          [
            177.8201272,
            -17.3900504
          ],
          [
            177.8201593,
            -17.389989
          ],
          [
            177.8201754,
            -17.3898315
          ],
          [
            177.8201473,
            -17.3896984
          ],
          [
            177.8201151,
            -17.389527
          ],
          [
            177.8201298,
            -17.38939
          ],
          [
            177.8201687,
            -17.3893235
          ],
          [
            177.8203028,
            -17.3892262
          ],
          [
            177.8204182,
            -17.3891916
          ],
          [
            177.8205697,
            -17.3891865
          ],
          [
            177.8207454,
            -17.3891942
          ],
          [
            177.8209493,
            -17.3891609
          ],
          [
            177.8212121,
            -17.389088
          ],
          [
            177.821483,
            -17.3889651
          ],
          [
            177.8217459,
            -17.3888627
          ],
          [
            177.8219765,
            -17.3888141
          ],
          [
            177.8222313,
            -17.3887757
          ],
          [
            177.8224406,
            -17.3887552
          ],
          [
            177.822639,
            -17.3886656
          ],
          [
            177.8228134,
            -17.3885581
          ],
          [
            177.8231594,
            -17.3882612
          ],
          [
            177.8232801,
            -17.3881102
          ],
          [
            177.8233847,
            -17.3879694
          ],
          [
            177.8235188,
            -17.3878491
          ],
          [
            177.8236288,
            -17.3877058
          ],
          [
            177.823728,
            -17.3875061
          ],
          [
            177.8237388,
            -17.3872962
          ],
          [
            177.8237092,
            -17.3870326
          ],
          [
            177.8235805,
            -17.3865744
          ],
          [
            177.8235188,
            -17.3863261
          ],
          [
            177.8234357,
            -17.3860727
          ],
          [
            177.8233579,
            -17.3858628
          ],
          [
            177.8231326,
            -17.3855608
          ],
          [
            177.8229958,
            -17.3854226
          ],
          [
            177.8229046,
            -17.385269
          ],
          [
            177.8228348,
            -17.385118
          ],
          [
            177.8225381,
            -17.3841577
          ],
          [
            177.8223118,
            -17.3838176
          ],
          [
            177.8221402,
            -17.3836513
          ],
          [
            177.8219068,
            -17.3835309
          ],
          [
            177.8216305,
            -17.3834388
          ],
          [
            177.8212845,
            -17.3833466
          ],
          [
            177.8211209,
            -17.3832519
          ],
          [
            177.8210512,
            -17.3830625
          ],
          [
            177.8210029,
            -17.382859
          ],
          [
            177.8209452,
            -17.3826606
          ],
          [
            177.8208929,
            -17.3825595
          ],
          [
            177.8208151,
            -17.3824367
          ],
          [
            177.8206381,
            -17.3821564
          ],
          [
            177.8205992,
            -17.3820463
          ],
          [
            177.8205818,
            -17.3819874
          ],
          [
            177.8205536,
            -17.3819708
          ],
          [
            177.8205188,
            -17.381981
          ],
          [
            177.8204879,
            -17.3820079
          ],
          [
            177.8204101,
            -17.3820719
          ],
          [
            177.8203565,
            -17.3821129
          ],
          [
            177.8203109,
            -17.3821077
          ],
          [
            177.8202492,
            -17.3820732
          ],
          [
            177.8201647,
            -17.3819362
          ],
          [
            177.8201272,
            -17.3818211
          ],
          [
            177.8201258,
            -17.3816547
          ],
          [
            177.8201352,
            -17.3815945
          ],
          [
            177.8201701,
            -17.3815574
          ],
          [
            177.8202291,
            -17.3815267
          ],
          [
            177.8202867,
            -17.3814755
          ],
          [
            177.820335,
            -17.3813526
          ],
          [
            177.8203565,
            -17.3812784
          ],
          [
            177.8203498,
            -17.3812349
          ],
          [
            177.8203176,
            -17.381208
          ],
          [
            177.8202479,
            -17.3811914
          ],
          [
            177.8201701,
            -17.3811734
          ],
          [
            177.8201137,
            -17.3811312
          ],
          [
            177.8200963,
            -17.3811031
          ],
          [
            177.8200695,
            -17.3810186
          ],
          [
            177.8200775,
            -17.380801
          ],
          [
            177.8201017,
            -17.3806564
          ],
          [
            177.8201392,
            -17.3805207
          ],
          [
            177.8202197,
            -17.3803466
          ],
          [
            177.8203699,
            -17.3801572
          ],
          [
            177.8205979,
            -17.3798475
          ],
          [
            177.8208607,
            -17.3794021
          ],
          [
            177.8210592,
            -17.3790719
          ],
          [
            177.821196,
            -17.3787494
          ],
          [
            177.8214857,
            -17.3779533
          ],
          [
            177.8218397,
            -17.3771367
          ],
          [
            177.8219229,
            -17.3769217
          ],
          [
            177.8221214,
            -17.3764353
          ],
          [
            177.822175,
            -17.3762561
          ],
          [
            177.822167,
            -17.3760462
          ],
          [
            177.8221267,
            -17.3758491
          ],
          [
            177.8220355,
            -17.3754421
          ],
          [
            177.8218532,
            -17.3750044
          ],
          [
            177.821762,
            -17.3747433
          ],
          [
            177.8215688,
            -17.3744796
          ],
          [
            177.8212523,
            -17.3740444
          ],
          [
            177.821027,
            -17.3738499
          ],
          [
            177.8206569,
            -17.3736912
          ],
          [
            177.820394,
            -17.37364
          ],
          [
            177.8199649,
            -17.3736067
          ],
          [
            177.8195894,
            -17.3736195
          ],
          [
            177.8191119,
            -17.3736118
          ],
          [
            177.8189135,
            -17.3736246
          ],
          [
            177.8184387,
            -17.3736374
          ],
          [
            177.8181919,
            -17.3736809
          ],
          [
            177.8179988,
            -17.3737398
          ],
          [
            177.8178352,
            -17.3738448
          ],
          [
            177.8176877,
            -17.37396
          ],
          [
            177.8175831,
            -17.3740112
          ],
          [
            177.8172103,
            -17.3741596
          ],
          [
            177.8169957,
            -17.3742339
          ],
          [
            177.8165692,
            -17.3744412
          ],
          [
            177.8164217,
            -17.374559
          ],
          [
            177.8163305,
            -17.3747023
          ],
          [
            177.8162473,
            -17.3750121
          ],
          [
            177.8162259,
            -17.3752143
          ],
          [
            177.8161669,
            -17.3753448
          ],
          [
            177.816065,
            -17.3754216
          ],
          [
            177.8159845,
            -17.3754498
          ],
          [
            177.8158557,
            -17.3755035
          ],
          [
            177.8155071,
            -17.3757979
          ],
          [
            177.8145897,
            -17.3763483
          ],
          [
            177.8142732,
            -17.3765761
          ],
          [
            177.8139219,
            -17.3769217
          ],
          [
            177.8134418,
            -17.3775335
          ],
          [
            177.8127873,
            -17.3783398
          ],
          [
            177.8122535,
            -17.3789029
          ],
          [
            177.8117976,
            -17.3793227
          ],
          [
            177.8115562,
            -17.3795045
          ],
          [
            177.8114516,
            -17.3795685
          ],
          [
            177.8111619,
            -17.3796862
          ],
          [
            177.8104779,
            -17.3799217
          ],
          [
            177.810097,
            -17.380042
          ],
          [
            177.8094104,
            -17.3801265
          ],
          [
            177.8091502,
            -17.3802084
          ],
          [
            177.8086191,
            -17.3804183
          ],
          [
            177.8082678,
            -17.3806103
          ],
          [
            177.8077152,
            -17.3810173
          ],
          [
            177.8076599,
            -17.3810683
          ],
          [
            177.8072298,
            -17.3814652
          ],
          [
            177.8069213,
            -17.3817391
          ],
          [
            177.8066048,
            -17.3818543
          ],
          [
            177.8062427,
            -17.3819234
          ],
          [
            177.8056338,
            -17.3820489
          ],
          [
            177.8052261,
            -17.382182
          ],
          [
            177.8047299,
            -17.3823612
          ],
          [
            177.8042713,
            -17.3825941
          ],
          [
            177.803995,
            -17.3827758
          ],
          [
            177.8036383,
            -17.383106
          ],
          [
            177.8031823,
            -17.3833774
          ],
          [
            177.8027263,
            -17.3835693
          ],
          [
            177.8024983,
            -17.3837076
          ],
          [
            177.8022435,
            -17.3838637
          ],
          [
            177.8019887,
            -17.384007
          ],
          [
            177.801691,
            -17.3841299
          ],
          [
            177.8014067,
            -17.3843475
          ],
          [
            177.8012136,
            -17.3844499
          ],
          [
            177.8008836,
            -17.3846035
          ],
          [
            177.8006154,
            -17.3847647
          ],
          [
            177.8004813,
            -17.3849695
          ],
          [
            177.8001836,
            -17.3851308
          ],
          [
            177.8000313,
            -17.3851532
          ],
          [
            177.7998885,
            -17.3851743
          ],
          [
            177.7997142,
            -17.3851
          ],
          [
            177.7995265,
            -17.3849157
          ],
          [
            177.7994165,
            -17.3846956
          ],
          [
            177.799395,
            -17.3845292
          ],
          [
            177.7993995,
            -17.3844995
          ],
          [
            177.7994326,
            -17.3842809
          ],
          [
            177.7996016,
            -17.3841146
          ],
          [
            177.7998081,
            -17.3839072
          ],
          [
            177.7999878,
            -17.3835924
          ],
          [
            177.8000388,
            -17.383449
          ],
          [
            177.8000548,
            -17.3832878
          ],
          [
            177.7999717,
            -17.3831035
          ],
          [
            177.7998396,
            -17.3828945
          ],
          [
            177.7995006,
            -17.3827471
          ],
          [
            177.7990866,
            -17.3827861
          ],
          [
            177.7987271,
            -17.3829704
          ],
          [
            177.7984697,
            -17.3831598
          ],
          [
            177.7983248,
            -17.3834465
          ],
          [
            177.7982068,
            -17.3838867
          ],
          [
            177.7981926,
            -17.3839296
          ],
          [
            177.7980781,
            -17.3842758
          ],
          [
            177.7978206,
            -17.3846086
          ],
          [
            177.797547,
            -17.3848953
          ],
          [
            177.7972197,
            -17.3851666
          ],
          [
            177.796796,
            -17.3855864
          ],
          [
            177.7964044,
            -17.3859806
          ],
          [
            177.7960664,
            -17.3864003
          ],
          [
            177.7958626,
            -17.3866768
          ],
          [
            177.7956372,
            -17.3869532
          ],
          [
            177.7954012,
            -17.3871964
          ],
          [
            177.7953154,
            -17.387286
          ],
          [
            177.7952912,
            -17.3874165
          ],
          [
            177.795361,
            -17.3876162
          ],
          [
            177.795428,
            -17.3877774
          ],
          [
            177.79553,
            -17.3879925
          ],
          [
            177.7957284,
            -17.3882279
          ],
          [
            177.796222,
            -17.3884941
          ],
          [
            177.7970159,
            -17.3890573
          ],
          [
            177.7972197,
            -17.3892108
          ],
          [
            177.7973646,
            -17.3893593
          ],
          [
            177.7974558,
            -17.3896101
          ],
          [
            177.7979118,
            -17.3906289
          ],
          [
            177.7980512,
            -17.3909104
          ],
          [
            177.7981263,
            -17.391151
          ],
          [
            177.7981961,
            -17.3914479
          ],
          [
            177.7980566,
            -17.3924922
          ],
          [
            177.7979976,
            -17.3936389
          ],
          [
            177.7979953,
            -17.3936896
          ],
          [
            177.7979547,
            -17.3946013
          ],
          [
            177.7979225,
            -17.3951695
          ],
          [
            177.7979493,
            -17.3954818
          ],
          [
            177.7978474,
            -17.395835
          ],
          [
            177.7977401,
            -17.3960756
          ],
          [
            177.7976865,
            -17.3962548
          ],
          [
            177.7976811,
            -17.3968947
          ],
          [
            177.7976811,
            -17.3980567
          ],
          [
            177.7976167,
            -17.3986044
          ],
          [
            177.7974397,
            -17.3988552
          ],
          [
            177.7972358,
            -17.3992596
          ],
          [
            177.7970159,
            -17.3993671
          ],
          [
            177.7968174,
            -17.3993518
          ],
          [
            177.796635,
            -17.3992955
          ],
          [
            177.7964687,
            -17.3991675
          ],
          [
            177.7963453,
            -17.3990344
          ],
          [
            177.7959967,
            -17.3989781
          ],
          [
            177.7958196,
            -17.3990754
          ],
          [
            177.7957445,
            -17.3992596
          ],
          [
            177.7955353,
            -17.3995668
          ],
          [
            177.7951169,
            -17.3998176
          ],
          [
            177.7947038,
            -17.3999865
          ],
          [
            177.7940279,
            -17.4000428
          ],
          [
            177.7936256,
            -17.3999865
          ],
          [
            177.7932233,
            -17.400007
          ],
          [
            177.7928531,
            -17.400048
          ],
          [
            177.7918875,
            -17.4001708
          ],
          [
            177.7911419,
            -17.4001452
          ],
          [
            177.7902138,
            -17.400048
          ],
          [
            177.789098,
            -17.3998278
          ],
          [
            177.7883631,
            -17.3995309
          ],
          [
            177.7877569,
            -17.399188
          ],
          [
            177.78714,
            -17.3987273
          ],
          [
            177.7864319,
            -17.3982358
          ],
          [
            177.7855414,
            -17.3976676
          ],
          [
            177.784211,
            -17.3967001
          ],
          [
            177.7836746,
            -17.3961985
          ],
          [
            177.7836585,
            -17.3958862
          ],
          [
            177.7838248,
            -17.3955228
          ],
          [
            177.784093,
            -17.3952105
          ],
          [
            177.7845597,
            -17.3950006
          ],
          [
            177.7853537,
            -17.3949085
          ],
          [
            177.7859384,
            -17.3948317
          ],
          [
            177.7867055,
            -17.3946013
          ],
          [
            177.78714,
            -17.3945092
          ],
          [
            177.7876335,
            -17.394417
          ],
          [
            177.7879447,
            -17.3943914
          ],
          [
            177.7882558,
            -17.3944529
          ],
          [
            177.7887225,
            -17.3946986
          ],
          [
            177.7890927,
            -17.3947754
          ],
          [
            177.7893877,
            -17.3947958
          ],
          [
            177.7897096,
            -17.3947191
          ],
          [
            177.7911848,
            -17.394028
          ],
          [
            177.7913725,
            -17.3938335
          ],
          [
            177.7915066,
            -17.3935212
          ],
          [
            177.7914905,
            -17.3932959
          ],
          [
            177.791417,
            -17.3931065
          ],
          [
            177.7911097,
            -17.3927175
          ],
          [
            177.7907395,
            -17.3922619
          ],
          [
            177.790541,
            -17.392052
          ],
          [
            177.7901548,
            -17.3918933
          ],
          [
            177.7896827,
            -17.3917295
          ],
          [
            177.7893501,
            -17.3916629
          ],
          [
            177.7888888,
            -17.391709
          ],
          [
            177.7885133,
            -17.391709
          ],
          [
            177.7881807,
            -17.3916834
          ],
          [
            177.7875906,
            -17.391494
          ],
          [
            177.7865714,
            -17.3911152
          ],
          [
            177.7860832,
            -17.3909872
          ],
          [
            177.7855146,
            -17.3908643
          ],
          [
            177.7846831,
            -17.3908746
          ],
          [
            177.78368,
            -17.3908234
          ],
          [
            177.7833098,
            -17.3906903
          ],
          [
            177.7831596,
            -17.390547
          ],
          [
            177.7830738,
            -17.3904446
          ],
          [
            177.7828753,
            -17.3900094
          ],
          [
            177.7827305,
            -17.3898303
          ],
          [
            177.7825749,
            -17.3896972
          ],
          [
            177.7821457,
            -17.3893798
          ],
          [
            177.7815396,
            -17.3890829
          ],
          [
            177.7805793,
            -17.3887706
          ],
          [
            177.7796727,
            -17.3886733
          ],
          [
            177.7795854,
            -17.3886741
          ],
          [
            177.7790934,
            -17.3886784
          ],
          [
            177.7785999,
            -17.3888167
          ],
          [
            177.7781761,
            -17.38896
          ],
          [
            177.7777955,
            -17.3892295
          ],
          [
            177.7776557,
            -17.3893286
          ],
          [
            177.7773231,
            -17.3898251
          ],
          [
            177.7771263,
            -17.3901256
          ],
          [
            177.7770281,
            -17.3902756
          ],
          [
            177.7766257,
            -17.3905009
          ],
          [
            177.7761429,
            -17.3907056
          ],
          [
            177.7759337,
            -17.3908336
          ],
          [
            177.7757835,
            -17.3910384
          ],
          [
            177.7757262,
            -17.3911338
          ],
          [
            177.7755743,
            -17.3913865
          ],
          [
            177.7753329,
            -17.391581
          ],
          [
            177.7747697,
            -17.3917397
          ],
          [
            177.7744397,
            -17.3918242
          ],
          [
            177.7742761,
            -17.3919163
          ],
          [
            177.7741232,
            -17.3920187
          ],
          [
            177.7739435,
            -17.3922132
          ],
          [
            177.7733642,
            -17.3928531
          ],
          [
            177.7731818,
            -17.3931142
          ],
          [
            177.7729189,
            -17.3934342
          ],
          [
            177.7728304,
            -17.3936185
          ],
          [
            177.7728251,
            -17.3937848
          ],
          [
            177.772758,
            -17.3939921
          ],
          [
            177.7726185,
            -17.3941252
          ],
          [
            177.7723584,
            -17.3943505
          ],
          [
            177.7721679,
            -17.3945015
          ],
          [
            177.7720231,
            -17.3945655
          ],
          [
            177.7717468,
            -17.3945476
          ],
          [
            177.7715564,
            -17.3945706
          ],
          [
            177.7713525,
            -17.3946986
          ],
          [
            177.7708268,
            -17.3949904
          ],
          [
            177.7700758,
            -17.3953794
          ],
          [
            177.7693999,
            -17.3955688
          ],
          [
            177.7690321,
            -17.3956698
          ],
          [
            177.76878,
            -17.395739
          ],
          [
            177.7682626,
            -17.3958811
          ],
          [
            177.767356,
            -17.3961831
          ],
          [
            177.7662433,
            -17.3965156
          ],
          [
            177.766208,
            -17.3965261
          ],
          [
            177.765103,
            -17.3970841
          ],
          [
            177.7644324,
            -17.3974782
          ],
          [
            177.7640247,
            -17.3978058
          ],
          [
            177.7637216,
            -17.398049
          ],
          [
            177.7635661,
            -17.3982563
          ],
          [
            177.7632992,
            -17.3984905
          ],
          [
            177.7632067,
            -17.3984892
          ],
          [
            177.7631369,
            -17.3984892
          ],
          [
            177.7630484,
            -17.3984636
          ],
          [
            177.7623524,
            -17.3981207
          ],
          [
            177.7620332,
            -17.3979505
          ],
          [
            177.7618964,
            -17.3978186
          ],
          [
            177.761769,
            -17.3976894
          ],
          [
            177.7616885,
            -17.3976868
          ],
          [
            177.7616242,
            -17.3977495
          ],
          [
            177.7615987,
            -17.3978033
          ],
          [
            177.7615705,
            -17.3978647
          ],
          [
            177.7615678,
            -17.3979121
          ],
          [
            177.7615866,
            -17.3979953
          ],
          [
            177.7616228,
            -17.3980541
          ],
          [
            177.7616899,
            -17.3980887
          ],
          [
            177.7617516,
            -17.3980848
          ],
          [
            177.761883,
            -17.3980925
          ],
          [
            177.7619822,
            -17.3981283
          ],
          [
            177.7630109,
            -17.3986479
          ],
          [
            177.7631181,
            -17.3987311
          ],
          [
            177.7631919,
            -17.3988501
          ],
          [
            177.7632442,
            -17.3990805
          ],
          [
            177.7633595,
            -17.3994388
          ],
          [
            177.7635473,
            -17.3998637
          ],
          [
            177.7637833,
            -17.4002885
          ],
          [
            177.7640194,
            -17.4008107
          ],
          [
            177.7641696,
            -17.4013328
          ],
          [
            177.7643305,
            -17.4018345
          ],
          [
            177.7644271,
            -17.4020443
          ],
          [
            177.7645719,
            -17.4023515
          ],
          [
            177.7648079,
            -17.4026304
          ],
          [
            177.7648804,
            -17.4027687
          ],
          [
            177.7649018,
            -17.4029222
          ],
          [
            177.7649179,
            -17.4030758
          ],
          [
            177.764875,
            -17.4032908
          ],
          [
            177.764816,
            -17.4036107
          ],
          [
            177.7648348,
            -17.4037924
          ],
          [
            177.7649206,
            -17.4039255
          ],
          [
            177.7650601,
            -17.4040125
          ],
          [
            177.765339,
            -17.4041635
          ],
          [
            177.7654946,
            -17.4042787
          ],
          [
            177.7655643,
            -17.4043453
          ],
          [
            177.7655563,
            -17.4045475
          ],
          [
            177.76539,
            -17.4048264
          ],
          [
            177.7652773,
            -17.405003
          ],
          [
            177.7650574,
            -17.4052897
          ],
          [
            177.7648804,
            -17.4053281
          ],
          [
            177.7647597,
            -17.4052538
          ],
          [
            177.7645478,
            -17.4050491
          ],
          [
            177.7644432,
            -17.4049109
          ],
          [
            177.7642876,
            -17.4047727
          ],
          [
            177.7641535,
            -17.4046422
          ],
          [
            177.7641347,
            -17.4044963
          ],
          [
            177.7640194,
            -17.4043478
          ],
          [
            177.763858,
            -17.4041691
          ],
          [
            177.7635357,
            -17.4038905
          ],
          [
            177.7633327,
            -17.4037592
          ],
          [
            177.7629787,
            -17.4036721
          ],
          [
            177.7626353,
            -17.4037438
          ],
          [
            177.7622437,
            -17.4039895
          ],
          [
            177.762115,
            -17.4041124
          ],
          [
            177.7619058,
            -17.404225
          ],
          [
            177.7614337,
            -17.4044195
          ],
          [
            177.7607685,
            -17.4046857
          ],
          [
            177.7601677,
            -17.4051412
          ],
          [
            177.7596956,
            -17.405735
          ],
          [
            177.7593362,
            -17.4063237
          ],
          [
            177.7591002,
            -17.4068816
          ],
          [
            177.7588722,
            -17.4074524
          ],
          [
            177.7587193,
            -17.408064
          ],
          [
            177.758671,
            -17.4085196
          ],
          [
            177.7586818,
            -17.4089368
          ],
          [
            177.7586979,
            -17.409185
          ],
          [
            177.7586938,
            -17.40929
          ],
          [
            177.7587153,
            -17.4093578
          ],
          [
            177.7587502,
            -17.4094474
          ],
          [
            177.7587971,
            -17.4095421
          ],
          [
            177.7588642,
            -17.409789
          ],
          [
            177.7589017,
            -17.4099452
          ],
          [
            177.7589339,
            -17.4100859
          ],
          [
            177.7589312,
            -17.4102139
          ],
          [
            177.7587622,
            -17.4104929
          ],
          [
            177.7586469,
            -17.4107002
          ],
          [
            177.7584752,
            -17.4110917
          ],
          [
            177.7583438,
            -17.4112837
          ],
          [
            177.7581614,
            -17.4114117
          ],
          [
            177.7579361,
            -17.4115883
          ],
          [
            177.7575257,
            -17.4119747
          ],
          [
            177.7573782,
            -17.4121462
          ],
          [
            177.7571154,
            -17.4125096
          ],
          [
            177.7570134,
            -17.4126888
          ],
          [
            177.7568954,
            -17.41285
          ],
          [
            177.7566031,
            -17.4131187
          ],
          [
            177.7565038,
            -17.4131597
          ],
          [
            177.7562946,
            -17.4131776
          ],
          [
            177.7561015,
            -17.4131238
          ],
          [
            177.7559298,
            -17.4131238
          ],
          [
            177.7557555,
            -17.4131417
          ],
          [
            177.7556026,
            -17.4131776
          ],
          [
            177.7553371,
            -17.4132211
          ],
          [
            177.7550903,
            -17.4132185
          ],
          [
            177.7548838,
            -17.4132262
          ],
          [
            177.7545807,
            -17.4132288
          ],
          [
            177.7542427,
            -17.4132416
          ],
          [
            177.7539772,
            -17.4132697
          ],
          [
            177.7536768,
            -17.4133695
          ],
          [
            177.7533308,
            -17.413518
          ],
          [
            177.7529016,
            -17.4138123
          ],
          [
            177.7526441,
            -17.4140656
          ],
          [
            177.7525476,
            -17.4142576
          ],
          [
            177.7522445,
            -17.4148718
          ],
          [
            177.751928,
            -17.4156166
          ],
          [
            177.7517912,
            -17.4162026
          ],
          [
            177.7517939,
            -17.416369
          ],
          [
            177.7518153,
            -17.4167247
          ],
          [
            177.751877,
            -17.4171777
          ],
          [
            177.7519253,
            -17.4173927
          ],
          [
            177.7519682,
            -17.4177996
          ],
          [
            177.7519065,
            -17.4181732
          ],
          [
            177.7518207,
            -17.4188437
          ],
          [
            177.7518287,
            -17.4189922
          ],
          [
            177.7518663,
            -17.4190792
          ],
          [
            177.7519119,
            -17.4192481
          ],
          [
            177.7519172,
            -17.4194503
          ],
          [
            177.7518636,
            -17.4197548
          ],
          [
            177.7517912,
            -17.4199852
          ],
          [
            177.7516973,
            -17.4201515
          ],
          [
            177.7516571,
            -17.4202308
          ],
          [
            177.7516678,
            -17.4203614
          ],
          [
            177.7516812,
            -17.420474
          ],
          [
            177.7517161,
            -17.4206864
          ],
          [
            177.7517724,
            -17.4211317
          ],
          [
            177.7517858,
            -17.4216026
          ],
          [
            177.7518341,
            -17.4222193
          ],
          [
            177.7518555,
            -17.4229743
          ],
          [
            177.7518824,
            -17.4237011
          ],
          [
            177.7519226,
            -17.4242462
          ],
          [
            177.7519172,
            -17.4244483
          ],
          [
            177.7519172,
            -17.4246108
          ],
          [
            177.751928,
            -17.4249294
          ],
          [
            177.7519119,
            -17.425225
          ],
          [
            177.7519239,
            -17.4254681
          ],
          [
            177.7519561,
            -17.4258328
          ],
          [
            177.7519695,
            -17.4261591
          ],
          [
            177.7519655,
            -17.4263216
          ],
          [
            177.7519883,
            -17.426543
          ],
          [
            177.7519977,
            -17.4266287
          ],
          [
            177.752046,
            -17.426708
          ],
          [
            177.7521385,
            -17.4268014
          ],
          [
            177.7523088,
            -17.4271738
          ],
          [
            177.7523491,
            -17.4273043
          ],
          [
            177.7523544,
            -17.4274322
          ],
          [
            177.7523035,
            -17.4275397
          ],
          [
            177.7522874,
            -17.4276011
          ],
          [
            177.7522954,
            -17.4276856
          ],
          [
            177.7523544,
            -17.4277675
          ],
          [
            177.752443,
            -17.4278852
          ],
          [
            177.7525583,
            -17.4279825
          ],
          [
            177.7527112,
            -17.4281437
          ],
          [
            177.7531832,
            -17.4287246
          ],
          [
            177.7535909,
            -17.4291852
          ],
          [
            177.753768,
            -17.4294104
          ],
          [
            177.7539611,
            -17.4295895
          ],
          [
            177.7540952,
            -17.4296561
          ],
          [
            177.7543205,
            -17.4297815
          ],
          [
            177.7544868,
            -17.4299145
          ],
          [
            177.7545565,
            -17.4300425
          ],
          [
            177.7547121,
            -17.4303547
          ],
          [
            177.7547738,
            -17.4305671
          ],
          [
            177.7548033,
            -17.4307949
          ],
          [
            177.7548194,
            -17.4309433
          ],
          [
            177.7548811,
            -17.4310994
          ],
          [
            177.7550259,
            -17.4312939
          ],
          [
            177.7550822,
            -17.4314474
          ],
          [
            177.7550983,
            -17.4316112
          ],
          [
            177.7551252,
            -17.4318901
          ],
          [
            177.7551493,
            -17.4320795
          ],
          [
            177.7551627,
            -17.432384
          ],
          [
            177.7551493,
            -17.4325324
          ],
          [
            177.7551922,
            -17.4326502
          ],
          [
            177.7552915,
            -17.4327832
          ],
          [
            177.7554122,
            -17.4329035
          ],
          [
            177.7556053,
            -17.4330801
          ],
          [
            177.7557474,
            -17.4333257
          ],
          [
            177.7557984,
            -17.4335714
          ],
          [
            177.7557877,
            -17.4336789
          ],
          [
            177.7556482,
            -17.4339041
          ],
          [
            177.7555919,
            -17.4340704
          ],
          [
            177.7555597,
            -17.4342035
          ],
          [
            177.7555731,
            -17.4344619
          ],
          [
            177.7556026,
            -17.4345796
          ],
          [
            177.755667,
            -17.4347204
          ],
          [
            177.7557528,
            -17.434856
          ],
          [
            177.7559285,
            -17.4352245
          ],
          [
            177.7559741,
            -17.4353486
          ],
          [
            177.7560291,
            -17.4354561
          ],
          [
            177.7561042,
            -17.4355137
          ],
          [
            177.7561739,
            -17.4355981
          ],
          [
            177.756182,
            -17.4356736
          ],
          [
            177.7561471,
            -17.4357875
          ],
          [
            177.7560385,
            -17.4359794
          ],
          [
            177.7559714,
            -17.4361611
          ],
          [
            177.7559245,
            -17.4363671
          ],
          [
            177.7558842,
            -17.4365641
          ],
          [
            177.755899,
            -17.4366601
          ],
          [
            177.7559526,
            -17.4367957
          ],
          [
            177.7560505,
            -17.4369173
          ],
          [
            177.7562155,
            -17.4371655
          ],
          [
            177.7562785,
            -17.437241
          ],
          [
            177.7563375,
            -17.4372755
          ],
          [
            177.7563804,
            -17.4373113
          ],
          [
            177.7564059,
            -17.4373523
          ],
          [
            177.7564166,
            -17.4373907
          ],
          [
            177.7564368,
            -17.4374329
          ],
          [
            177.7564944,
            -17.4374751
          ],
          [
            177.7565588,
            -17.4374981
          ],
          [
            177.7567278,
            -17.4375672
          ],
          [
            177.7569142,
            -17.4376498
          ],
          [
            177.7570087,
            -17.4376734
          ],
          [
            177.757057,
            -17.4376862
          ],
          [
            177.7570919,
            -17.4376952
          ],
          [
            177.7571362,
            -17.4377272
          ],
          [
            177.7571509,
            -17.4377592
          ],
          [
            177.7571579,
            -17.4378052
          ],
          [
            177.7571516,
            -17.4378462
          ],
          [
            177.7571455,
            -17.4378973
          ],
          [
            177.7571462,
            -17.43793
          ],
          [
            177.7571563,
            -17.4380687
          ],
          [
            177.7571341,
            -17.438166
          ],
          [
            177.7571087,
            -17.4382185
          ],
          [
            177.7570738,
            -17.4382697
          ],
          [
            177.7570295,
            -17.4383196
          ],
          [
            177.7569283,
            -17.4383624
          ],
          [
            177.7567761,
            -17.4384066
          ],
          [
            177.7566433,
            -17.4384782
          ],
          [
            177.7565159,
            -17.4385755
          ],
          [
            177.756422,
            -17.4386701
          ],
          [
            177.7562919,
            -17.4387418
          ],
          [
            177.7561484,
            -17.4387955
          ],
          [
            177.7560961,
            -17.4388301
          ],
          [
            177.7559996,
            -17.4389043
          ],
          [
            177.7559338,
            -17.4389516
          ],
          [
            177.7558494,
            -17.438981
          ],
          [
            177.7557099,
            -17.4390105
          ],
          [
            177.7555583,
            -17.4390322
          ],
          [
            177.7553786,
            -17.439109
          ],
          [
            177.75527,
            -17.4391269
          ],
          [
            177.7551493,
            -17.439086
          ],
          [
            177.7550313,
            -17.4389785
          ],
          [
            177.7548301,
            -17.4388096
          ],
          [
            177.7546343,
            -17.4386701
          ],
          [
            177.7544573,
            -17.4385511
          ],
          [
            177.7543487,
            -17.4383912
          ],
          [
            177.7541864,
            -17.4381571
          ],
          [
            177.754055,
            -17.4380035
          ],
          [
            177.753953,
            -17.4379549
          ],
          [
            177.7538297,
            -17.4379012
          ],
          [
            177.753709,
            -17.4378065
          ],
          [
            177.7535185,
            -17.4376683
          ],
          [
            177.7531296,
            -17.4374175
          ],
          [
            177.7530089,
            -17.4373561
          ],
          [
            177.7529123,
            -17.4372896
          ],
          [
            177.7527836,
            -17.4371668
          ],
          [
            177.7525046,
            -17.4369416
          ],
          [
            177.7519119,
            -17.4365347
          ],
          [
            177.7514318,
            -17.4362967
          ],
          [
            177.7510455,
            -17.4361355
          ],
          [
            177.7506325,
            -17.4359973
          ],
          [
            177.7501309,
            -17.435964
          ],
          [
            177.7497661,
            -17.4360101
          ],
          [
            177.7490902,
            -17.4362327
          ],
          [
            177.7489185,
            -17.4363223
          ],
          [
            177.7486879,
            -17.4364298
          ],
          [
            177.7483445,
            -17.4366243
          ],
          [
            177.747902,
            -17.4369697
          ],
          [
            177.7474866,
            -17.4373574
          ],
          [
            177.7472636,
            -17.437635
          ],
          [
            177.7470933,
            -17.4378897
          ],
          [
            177.7469149,
            -17.4382351
          ],
          [
            177.7467164,
            -17.4386676
          ],
          [
            177.7465703,
            -17.4389222
          ],
          [
            177.7464522,
            -17.4392075
          ],
          [
            177.7463986,
            -17.4395235
          ],
          [
            177.7463704,
            -17.4397602
          ],
          [
            177.7463423,
            -17.4400584
          ],
          [
            177.7463503,
            -17.4402285
          ],
          [
            177.7463503,
            -17.4403961
          ],
          [
            177.7463664,
            -17.4407134
          ],
          [
            177.7463932,
            -17.4408734
          ],
          [
            177.746467,
            -17.4411216
          ],
          [
            177.7464925,
            -17.4412853
          ],
          [
            177.7465595,
            -17.4414248
          ],
          [
            177.7466172,
            -17.4415182
          ],
          [
            177.7467781,
            -17.4416973
          ],
          [
            177.7469619,
            -17.4419136
          ],
          [
            177.7471523,
            -17.4421566
          ],
          [
            177.7472971,
            -17.4423588
          ],
          [
            177.7473964,
            -17.4424752
          ],
          [
            177.7474836,
            -17.4425507
          ],
          [
            177.7475774,
            -17.4426185
          ],
          [
            177.7476606,
            -17.4426748
          ],
          [
            177.7478001,
            -17.4428015
          ],
          [
            177.7478684,
            -17.4429
          ],
          [
            177.7479167,
            -17.4429857
          ],
          [
            177.7479596,
            -17.4430497
          ],
          [
            177.7480535,
            -17.4431418
          ],
          [
            177.7482238,
            -17.4433414
          ],
          [
            177.7484331,
            -17.4435263
          ],
          [
            177.7485122,
            -17.4435653
          ],
          [
            177.7486382,
            -17.4436094
          ],
          [
            177.7486926,
            -17.4436459
          ],
          [
            177.7487589,
            -17.4436913
          ],
          [
            177.7489293,
            -17.443811
          ],
          [
            177.7490607,
            -17.4438852
          ],
          [
            177.7492511,
            -17.4439274
          ],
          [
            177.7494496,
            -17.4439786
          ],
          [
            177.7496266,
            -17.4440323
          ],
          [
            177.7501202,
            -17.4442549
          ],
          [
            177.7502677,
            -17.4443368
          ],
          [
            177.7505547,
            -17.4445389
          ],
          [
            177.7508357,
            -17.4448075
          ],
          [
            177.7509181,
            -17.4449215
          ],
          [
            177.7509181,
            -17.4449893
          ],
          [
            177.75089,
            -17.4450674
          ],
          [
            177.750835,
            -17.4451339
          ],
          [
            177.7507505,
            -17.4451825
          ],
          [
            177.7506284,
            -17.4452465
          ],
          [
            177.7502891,
            -17.4453194
          ],
          [
            177.7501363,
            -17.4453731
          ],
          [
            177.7499512,
            -17.4454652
          ],
          [
            177.749797,
            -17.4456162
          ],
          [
            177.7496615,
            -17.4457135
          ],
          [
            177.7495971,
            -17.445771
          ],
          [
            177.7495649,
            -17.445812
          ],
          [
            177.7495569,
            -17.4459079
          ],
          [
            177.7495743,
            -17.4459668
          ],
          [
            177.7495757,
            -17.4460154
          ],
          [
            177.7495448,
            -17.446087
          ],
          [
            177.7495113,
            -17.446128
          ],
          [
            177.749455,
            -17.4461971
          ],
          [
            177.7493222,
            -17.4464107
          ],
          [
            177.7492699,
            -17.4465502
          ],
          [
            177.7492551,
            -17.4467012
          ],
          [
            177.7492136,
            -17.4468355
          ],
          [
            177.7491599,
            -17.4469724
          ],
          [
            177.7490902,
            -17.4470402
          ],
          [
            177.7490352,
            -17.4470901
          ],
          [
            177.74894,
            -17.4471157
          ],
          [
            177.748881,
            -17.4471323
          ],
          [
            177.7488421,
            -17.4471579
          ],
          [
            177.7488019,
            -17.4472308
          ],
          [
            177.7487335,
            -17.4473281
          ],
          [
            177.7486745,
            -17.4474151
          ],
          [
            177.7485833,
            -17.4474714
          ],
          [
            177.7484894,
            -17.4474893
          ],
          [
            177.7483298,
            -17.4475008
          ],
          [
            177.7482896,
            -17.4475149
          ],
          [
            177.7482721,
            -17.4475481
          ],
          [
            177.7482761,
            -17.4476019
          ],
          [
            177.748307,
            -17.4476633
          ],
          [
            177.7483056,
            -17.4477196
          ],
          [
            177.748252,
            -17.4478027
          ],
          [
            177.7481313,
            -17.4479025
          ],
          [
            177.7480455,
            -17.4479447
          ],
          [
            177.747847,
            -17.4480113
          ],
          [
            177.7476029,
            -17.4480688
          ],
          [
            177.7474889,
            -17.4480906
          ],
          [
            177.7473883,
            -17.448074
          ],
          [
            177.7473669,
            -17.4480189
          ],
          [
            177.7473642,
            -17.4479307
          ],
          [
            177.7473749,
            -17.4478309
          ],
          [
            177.7473333,
            -17.4476607
          ],
          [
            177.7472918,
            -17.4475967
          ],
          [
            177.7472489,
            -17.4475571
          ],
          [
            177.7471402,
            -17.4475507
          ],
          [
            177.7469578,
            -17.4475558
          ],
          [
            177.7467567,
            -17.4475737
          ],
          [
            177.7465099,
            -17.4476607
          ],
          [
            177.746125,
            -17.447836
          ],
          [
            177.7456436,
            -17.4480138
          ],
          [
            177.7452989,
            -17.4481942
          ],
          [
            177.7450964,
            -17.4483286
          ],
          [
            177.7448308,
            -17.4485077
          ],
          [
            177.7446471,
            -17.4486062
          ],
          [
            177.7444513,
            -17.4487648
          ],
          [
            177.7442917,
            -17.448903
          ],
          [
            177.7441375,
            -17.4489862
          ],
          [
            177.7440128,
            -17.4490169
          ],
          [
            177.7439135,
            -17.4490361
          ],
          [
            177.743821,
            -17.4490668
          ],
          [
            177.7437405,
            -17.4491512
          ],
          [
            177.7436842,
            -17.4492817
          ],
          [
            177.7436842,
            -17.44937
          ],
          [
            177.7436949,
            -17.4494826
          ],
          [
            177.7437378,
            -17.4495581
          ],
          [
            177.7437915,
            -17.4496182
          ],
          [
            177.7438304,
            -17.4496809
          ],
          [
            177.7438357,
            -17.44975
          ],
          [
            177.7437875,
            -17.4498024
          ],
          [
            177.7436292,
            -17.4499368
          ],
          [
            177.7435715,
            -17.4499687
          ],
          [
            177.7433221,
            -17.4500417
          ],
          [
            177.7432014,
            -17.4500519
          ],
          [
            177.7431196,
            -17.4500442
          ],
          [
            177.7429895,
            -17.4499662
          ],
          [
            177.7428822,
            -17.4498741
          ],
          [
            177.7428219,
            -17.449828
          ],
          [
            177.7426904,
            -17.449805
          ],
          [
            177.742492,
            -17.4498101
          ],
          [
            177.7423283,
            -17.4498485
          ],
          [
            177.742213,
            -17.4499099
          ],
          [
            177.7420601,
            -17.4499662
          ],
          [
            177.7416041,
            -17.4499994
          ],
          [
            177.741057,
            -17.4499329
          ],
          [
            177.7406037,
            -17.4498357
          ],
          [
            177.7401262,
            -17.4496873
          ],
          [
            177.7395751,
            -17.4494826
          ],
          [
            177.73939,
            -17.4494212
          ],
          [
            177.7391942,
            -17.4493649
          ],
          [
            177.7388482,
            -17.4493111
          ],
          [
            177.7386014,
            -17.4492843
          ],
          [
            177.7384432,
            -17.4492357
          ],
          [
            177.738285,
            -17.4491668
          ],
          [
            177.7382409,
            -17.4491435
          ],
          [
            177.7381119,
            -17.4490808
          ],
          [
            177.7379242,
            -17.4490297
          ],
          [
            177.7377552,
            -17.448999
          ],
          [
            177.7376479,
            -17.4489324
          ],
          [
            177.7375594,
            -17.4488531
          ],
          [
            177.7373367,
            -17.448697
          ],
          [
            177.7370337,
            -17.4485281
          ],
          [
            177.7368969,
            -17.4483439
          ],
          [
            177.7368996,
            -17.4482032
          ],
          [
            177.7369398,
            -17.448042
          ],
          [
            177.7369532,
            -17.4479294
          ],
          [
            177.7368915,
            -17.4478245
          ],
          [
            177.7367225,
            -17.4476761
          ],
          [
            177.7365321,
            -17.4475353
          ],
          [
            177.7364033,
            -17.4474279
          ],
          [
            177.7362987,
            -17.4473076
          ],
          [
            177.7360493,
            -17.4470978
          ],
          [
            177.7355719,
            -17.4466807
          ],
          [
            177.7352822,
            -17.446476
          ],
          [
            177.7351212,
            -17.4464376
          ],
          [
            177.735014,
            -17.4464402
          ],
          [
            177.7348584,
            -17.4464402
          ],
          [
            177.7346787,
            -17.4463915
          ],
          [
            177.7344748,
            -17.4462764
          ],
          [
            177.7343702,
            -17.4461689
          ],
          [
            177.7343273,
            -17.4460794
          ],
          [
            177.7342951,
            -17.4459668
          ],
          [
            177.7342147,
            -17.4459003
          ],
          [
            177.734094,
            -17.4458619
          ],
          [
            177.7339545,
            -17.445803
          ],
          [
            177.7338016,
            -17.4457237
          ],
          [
            177.7336568,
            -17.4456188
          ],
          [
            177.733292,
            -17.4452529
          ],
          [
            177.7326992,
            -17.4446695
          ],
          [
            177.7325168,
            -17.4445134
          ],
          [
            177.7322218,
            -17.444301
          ],
          [
            177.7320126,
            -17.4441756
          ],
          [
            177.7318329,
            -17.4441039
          ],
          [
            177.7315083,
            -17.4439939
          ],
          [
            177.7310336,
            -17.4438762
          ],
          [
            177.7307278,
            -17.4437585
          ],
          [
            177.7305615,
            -17.4437073
          ],
          [
            177.7303737,
            -17.4436869
          ],
          [
            177.7300224,
            -17.4436331
          ],
          [
            177.7297005,
            -17.4435461
          ],
          [
            177.7292258,
            -17.4433823
          ],
          [
            177.7288851,
            -17.443257
          ],
          [
            177.7283594,
            -17.443239
          ],
          [
            177.727728,
            -17.4432545
          ],
          [
            177.7275547,
            -17.4432902
          ],
          [
            177.7272892,
            -17.4433798
          ],
          [
            177.7265409,
            -17.4437201
          ],
          [
            177.7263477,
            -17.4437713
          ],
          [
            177.7260822,
            -17.4438148
          ],
          [
            177.725527,
            -17.4438864
          ],
          [
            177.7253205,
            -17.4439555
          ],
          [
            177.725071,
            -17.4440553
          ],
          [
            177.72421,
            -17.4443368
          ],
          [
            177.7233088,
            -17.4445313
          ],
          [
            177.7217317,
            -17.4444801
          ],
          [
            177.7209055,
            -17.4441219
          ],
          [
            177.7207124,
            -17.4439069
          ],
          [
            177.7204174,
            -17.4434821
          ],
          [
            177.7193713,
            -17.4422488
          ],
          [
            177.7190977,
            -17.4418854
          ],
          [
            177.7186739,
            -17.4415527
          ],
          [
            177.7180195,
            -17.4412047
          ],
          [
            177.7167106,
            -17.4407185
          ],
          [
            177.7152353,
            -17.4399048
          ],
          [
            177.714951,
            -17.4396847
          ],
          [
            177.7146935,
            -17.4393981
          ],
          [
            177.714082,
            -17.4385179
          ],
          [
            177.7137387,
            -17.4380266
          ],
          [
            177.7134544,
            -17.4376837
          ],
          [
            177.7130789,
            -17.4374482
          ],
          [
            177.7126872,
            -17.4373203
          ],
          [
            177.7114749,
            -17.4370746
          ],
          [
            177.7105468,
            -17.436875
          ]
        ]
      },
      "id": "way/22570872"
    },
    {
      "type": "Feature",
      "properties": {
        "@id": "way/22571760",
        "name": "Bekana Island",
        "natural": "coastline",
        "wikidata": "Q24569694"
      },
      "geometry": {
        "type": "LineString",
        "coordinates": [
          [
            177.4412503,
            -17.5921967
          ],
          [
            177.4413092,
            -17.5921452
          ],
          [
            177.4413209,
            -17.5920953
          ],
          [
            177.4413241,
            -17.5920702
          ],
          [
            177.4412242,
            -17.5919706
          ],
          [
            177.4413046,
            -17.591842
          ],
          [
            177.441368,
            -17.5917059
          ],
          [
            177.4414133,
            -17.5914914
          ],
          [
            177.4415033,
            -17.5912695
          ],
          [
            177.4415242,
            -17.5911512
          ],
          [
            177.4415769,
            -17.5910978
          ],
          [
            177.4416703,
            -17.5908947
          ],
          [
            177.4417921,
            -17.5907325
          ],
          [
            177.441925,
            -17.5905849
          ],
          [
            177.4420711,
            -17.590454
          ],
          [
            177.442149,
            -17.5903964
          ],
          [
            177.4423895,
            -17.5903096
          ],
          [
            177.4424906,
            -17.5902614
          ],
          [
            177.4425147,
            -17.5902269
          ],
          [
            177.4424974,
            -17.5901551
          ],
          [
            177.4423886,
            -17.5901344
          ],
          [
            177.4423203,
            -17.5901048
          ],
          [
            177.4422582,
            -17.5899478
          ],
          [
            177.4420097,
            -17.5897702
          ],
          [
            177.441842,
            -17.589936
          ],
          [
            177.4419445,
            -17.590158
          ],
          [
            177.4420221,
            -17.5902557
          ],
          [
            177.4418575,
            -17.5903771
          ],
          [
            177.4417333,
            -17.590389
          ],
          [
            177.4414569,
            -17.590087
          ],
          [
            177.4415283,
            -17.5899686
          ],
          [
            177.4415003,
            -17.589862
          ],
          [
            177.4415842,
            -17.5897347
          ],
          [
            177.4415749,
            -17.5896073
          ],
          [
            177.4414475,
            -17.5895333
          ],
          [
            177.4413326,
            -17.5892461
          ],
          [
            177.440963,
            -17.5890122
          ],
          [
            177.4407829,
            -17.5889441
          ],
          [
            177.4406648,
            -17.5887339
          ],
          [
            177.4405095,
            -17.5885829
          ],
          [
            177.4403946,
            -17.5881773
          ],
          [
            177.4400188,
            -17.5878427
          ],
          [
            177.4399349,
            -17.5877332
          ],
          [
            177.4401275,
            -17.5876976
          ],
          [
            177.4405561,
            -17.5877184
          ],
          [
            177.4406555,
            -17.5877095
          ],
          [
            177.4403667,
            -17.5874134
          ],
          [
            177.4402921,
            -17.5871144
          ],
          [
            177.4404816,
            -17.5870048
          ],
          [
            177.4405965,
            -17.5869308
          ],
          [
            177.4404381,
            -17.5867058
          ],
          [
            177.4399877,
            -17.5866288
          ],
          [
            177.439792,
            -17.5866998
          ],
          [
            177.4393976,
            -17.5868183
          ],
          [
            177.4392174,
            -17.5871232
          ],
          [
            177.4390839,
            -17.5873838
          ],
          [
            177.4389721,
            -17.5877894
          ],
          [
            177.4389317,
            -17.5880322
          ],
          [
            177.4386584,
            -17.5881418
          ],
          [
            177.4385248,
            -17.5881743
          ],
          [
            177.4384844,
            -17.5882928
          ],
          [
            177.4385155,
            -17.5883875
          ],
          [
            177.4385662,
            -17.5885394
          ],
          [
            177.4385491,
            -17.5886163
          ],
          [
            177.4385318,
            -17.5887464
          ],
          [
            177.4382709,
            -17.5888708
          ],
          [
            177.4381342,
            -17.5890248
          ],
          [
            177.4379913,
            -17.5893948
          ],
          [
            177.4378764,
            -17.5896021
          ],
          [
            177.4376528,
            -17.5898538
          ],
          [
            177.4374261,
            -17.5900758
          ],
          [
            177.4371869,
            -17.5904489
          ],
          [
            177.4371434,
            -17.5906591
          ],
          [
            177.4371403,
            -17.5909048
          ],
          [
            177.4373049,
            -17.5911595
          ],
          [
            177.4375006,
            -17.5913371
          ],
          [
            177.4376186,
            -17.5913164
          ],
          [
            177.4375503,
            -17.5911802
          ],
          [
            177.4374757,
            -17.5909729
          ],
          [
            177.4375286,
            -17.5907331
          ],
          [
            177.4374975,
            -17.5905495
          ],
          [
            177.4374726,
            -17.5903423
          ],
          [
            177.4375503,
            -17.5901143
          ],
          [
            177.4377304,
            -17.58991
          ],
          [
            177.4379261,
            -17.5898123
          ],
          [
            177.4380193,
            -17.5896347
          ],
          [
            177.4380597,
            -17.5895251
          ],
          [
            177.4383703,
            -17.5893712
          ],
          [
            177.4385815,
            -17.5892024
          ],
          [
            177.438861,
            -17.5891609
          ],
          [
            177.4389915,
            -17.5891846
          ],
          [
            177.4390256,
            -17.5893179
          ],
          [
            177.4390567,
            -17.5894363
          ],
          [
            177.4388952,
            -17.5897324
          ],
          [
            177.4385753,
            -17.5903068
          ],
          [
            177.4383019,
            -17.5907272
          ],
          [
            177.4381404,
            -17.5910766
          ],
          [
            177.4380535,
            -17.5913963
          ],
          [
            177.4380193,
            -17.5916332
          ],
          [
            177.4380379,
            -17.5921928
          ],
          [
            177.438361,
            -17.5923497
          ],
          [
            177.4385753,
            -17.5926428
          ],
          [
            177.4386467,
            -17.5927997
          ],
          [
            177.4387274,
            -17.5928353
          ],
          [
            177.438861,
            -17.5928827
          ],
          [
            177.4390381,
            -17.5928678
          ],
          [
            177.4392098,
            -17.5928112
          ],
          [
            177.4394218,
            -17.5926071
          ],
          [
            177.4395485,
            -17.5923954
          ],
          [
            177.4396608,
            -17.5922713
          ],
          [
            177.4398151,
            -17.5921673
          ],
          [
            177.4400281,
            -17.5920703
          ],
          [
            177.4403242,
            -17.5920203
          ],
          [
            177.4407036,
            -17.592054
          ],
          [
            177.44098,
            -17.5920895
          ],
          [
            177.4410248,
            -17.5920682
          ],
          [
            177.4411157,
            -17.5922078
          ],
          [
            177.4412503,
            -17.5921967
          ]
        ]
      },
      "id": "way/22571760"
    },
    {
      "type": "Feature",
      "properties": {
        "@id": "way/22572242",
        "natural": "coastline"
      },
      "geometry": {
        "type": "LineString",
        "coordinates": [
          [
            177.3635855,
            -17.610327
          ],
          [
            177.3638552,
            -17.6104133
          ],
          [
            177.3642719,
            -17.6103544
          ],
          [
            177.3644984,
            -17.6103082
          ],
          [
            177.364698,
            -17.6102365
          ],
          [
            177.3651896,
            -17.6099585
          ],
          [
            177.3651363,
            -17.6098999
          ],
          [
            177.3648331,
            -17.6099902
          ],
          [
            177.3645876,
            -17.6100711
          ],
          [
            177.3644278,
            -17.6100071
          ],
          [
            177.3640693,
            -17.6099417
          ],
          [
            177.3638647,
            -17.6098986
          ],
          [
            177.3636787,
            -17.6098948
          ],
          [
            177.3635158,
            -17.609958
          ],
          [
            177.3634319,
            -17.6100647
          ],
          [
            177.3634245,
            -17.6101734
          ],
          [
            177.3634273,
            -17.6102415
          ],
          [
            177.3635111,
            -17.610264
          ],
          [
            177.3635855,
            -17.610327
          ]
        ]
      },
      "id": "way/22572242"
    },
    {
      "type": "Feature",
      "properties": {
        "@id": "way/22572753",
        "natural": "coastline"
      },
      "geometry": {
        "type": "LineString",
        "coordinates": [
          [
            177.438457,
            -17.6099112
          ],
          [
            177.4384166,
            -17.6100063
          ],
          [
            177.4384461,
            -17.6101629
          ],
          [
            177.4384746,
            -17.6103432
          ],
          [
            177.4385373,
            -17.610619
          ],
          [
            177.4386087,
            -17.611111
          ],
          [
            177.4382372,
            -17.6119923
          ],
          [
            177.4379879,
            -17.612535
          ],
          [
            177.4377937,
            -17.6128306
          ],
          [
            177.4376305,
            -17.613101
          ],
          [
            177.4376115,
            -17.6131948
          ],
          [
            177.4374041,
            -17.6136311
          ],
          [
            177.437217,
            -17.6138591
          ],
          [
            177.4371265,
            -17.6141743
          ],
          [
            177.4370904,
            -17.6142546
          ],
          [
            177.437055,
            -17.6143488
          ],
          [
            177.4368869,
            -17.6144962
          ],
          [
            177.4368802,
            -17.6147169
          ],
          [
            177.4366986,
            -17.6154267
          ],
          [
            177.4364733,
            -17.6156312
          ],
          [
            177.4365404,
            -17.6160735
          ],
          [
            177.4357712,
            -17.6176546
          ],
          [
            177.4355804,
            -17.617527
          ],
          [
            177.4335575,
            -17.6174785
          ],
          [
            177.433478,
            -17.6189119
          ],
          [
            177.4333267,
            -17.619096
          ],
          [
            177.433304,
            -17.6193482
          ],
          [
            177.4334503,
            -17.6194693
          ],
          [
            177.4334145,
            -17.6197278
          ],
          [
            177.4321398,
            -17.6207719
          ],
          [
            177.4321519,
            -17.6208671
          ],
          [
            177.4321044,
            -17.6210005
          ],
          [
            177.4318948,
            -17.6211944
          ],
          [
            177.4317604,
            -17.6213382
          ],
          [
            177.4314687,
            -17.6215262
          ],
          [
            177.4312738,
            -17.6215156
          ],
          [
            177.4312617,
            -17.6216324
          ],
          [
            177.4312583,
            -17.6216654
          ],
          [
            177.431206,
            -17.6216776
          ],
          [
            177.4311555,
            -17.6216894
          ],
          [
            177.4311145,
            -17.6216726
          ],
          [
            177.4309767,
            -17.6216711
          ],
          [
            177.4307818,
            -17.6216292
          ],
          [
            177.4305356,
            -17.6217121
          ],
          [
            177.4299245,
            -17.6218477
          ],
          [
            177.4286164,
            -17.6223245
          ],
          [
            177.4282208,
            -17.6224941
          ],
          [
            177.4276147,
            -17.6227925
          ],
          [
            177.4270435,
            -17.6234643
          ],
          [
            177.4269164,
            -17.6235402
          ],
          [
            177.4267425,
            -17.6237611
          ],
          [
            177.4265875,
            -17.6238859
          ],
          [
            177.4261744,
            -17.6245877
          ],
          [
            177.4259645,
            -17.6249735
          ],
          [
            177.4257438,
            -17.6252693
          ],
          [
            177.4256053,
            -17.625269
          ],
          [
            177.4253868,
            -17.6250968
          ],
          [
            177.4253238,
            -17.6250228
          ],
          [
            177.4252628,
            -17.6250097
          ],
          [
            177.425223,
            -17.6250408
          ],
          [
            177.4253406,
            -17.6251969
          ],
          [
            177.4254772,
            -17.6253992
          ],
          [
            177.4256221,
            -17.6253912
          ],
          [
            177.4257147,
            -17.6254181
          ],
          [
            177.4257804,
            -17.6255611
          ],
          [
            177.4259206,
            -17.6255917
          ],
          [
            177.4258977,
            -17.6257254
          ],
          [
            177.4258722,
            -17.6258711
          ],
          [
            177.4256771,
            -17.6258312
          ],
          [
            177.4254833,
            -17.6257621
          ],
          [
            177.4253047,
            -17.6256752
          ],
          [
            177.425196,
            -17.6256664
          ],
          [
            177.4250167,
            -17.6257258
          ],
          [
            177.4247647,
            -17.6258564
          ],
          [
            177.4243583,
            -17.6261075
          ],
          [
            177.424038,
            -17.6262276
          ],
          [
            177.423959,
            -17.6262331
          ],
          [
            177.4238969,
            -17.6262637
          ],
          [
            177.4237299,
            -17.6264821
          ],
          [
            177.4236294,
            -17.6265554
          ],
          [
            177.4232084,
            -17.6268618
          ],
          [
            177.4227044,
            -17.6272332
          ],
          [
            177.4223819,
            -17.6273292
          ],
          [
            177.4221879,
            -17.6273355
          ],
          [
            177.422035,
            -17.6273252
          ],
          [
            177.4218285,
            -17.6273661
          ],
          [
            177.4216247,
            -17.6273585
          ],
          [
            177.4214369,
            -17.6273764
          ],
          [
            177.4213028,
            -17.6274301
          ],
          [
            177.4213645,
            -17.6274914
          ],
          [
            177.4216568,
            -17.6274786
          ],
          [
            177.4218607,
            -17.6274735
          ],
          [
            177.4220699,
            -17.6274658
          ],
          [
            177.4222067,
            -17.6274582
          ],
          [
            177.4222952,
            -17.6274582
          ],
          [
            177.4224738,
            -17.6274675
          ],
          [
            177.4226168,
            -17.6279379
          ],
          [
            177.4215468,
            -17.6289584
          ],
          [
            177.4214154,
            -17.6289204
          ],
          [
            177.421284,
            -17.6288999
          ],
          [
            177.4211928,
            -17.6289689
          ],
          [
            177.4211097,
            -17.6291172
          ],
          [
            177.4210399,
            -17.6293089
          ],
          [
            177.4210238,
            -17.6295338
          ],
          [
            177.4209782,
            -17.6296974
          ],
          [
            177.4209648,
            -17.6299352
          ],
          [
            177.4209353,
            -17.6300962
          ],
          [
            177.42082,
            -17.6303595
          ],
          [
            177.4207208,
            -17.6305563
          ],
          [
            177.4206322,
            -17.6306867
          ],
          [
            177.4206671,
            -17.6308503
          ],
          [
            177.4206805,
            -17.63095
          ],
          [
            177.4205893,
            -17.6310855
          ],
          [
            177.4203908,
            -17.6311724
          ],
          [
            177.4201655,
            -17.6313513
          ],
          [
            177.4201307,
            -17.6314561
          ],
          [
            177.4200261,
            -17.6314842
          ],
          [
            177.4199349,
            -17.6314561
          ],
          [
            177.4196774,
            -17.6310983
          ],
          [
            177.4195755,
            -17.6312798
          ],
          [
            177.4193609,
            -17.6318191
          ],
          [
            177.4190718,
            -17.632417
          ],
          [
            177.4189851,
            -17.6325992
          ],
          [
            177.4189398,
            -17.6326882
          ],
          [
            177.4189988,
            -17.6328902
          ],
          [
            177.4192214,
            -17.6330461
          ],
          [
            177.4193877,
            -17.6330793
          ],
          [
            177.4195111,
            -17.6330691
          ],
          [
            177.4199,
            -17.6327317
          ],
          [
            177.4212518,
            -17.6333477
          ],
          [
            177.4212813,
            -17.633542
          ],
          [
            177.4221182,
            -17.6340634
          ],
          [
            177.4221879,
            -17.6342475
          ],
          [
            177.4234539,
            -17.6353978
          ],
          [
            177.4233198,
            -17.6356534
          ],
          [
            177.4232393,
            -17.6357812
          ],
          [
            177.4231374,
            -17.6358451
          ],
          [
            177.4229355,
            -17.6358903
          ],
          [
            177.4227575,
            -17.6361296
          ],
          [
            177.4225636,
            -17.636172
          ],
          [
            177.4220296,
            -17.6363932
          ],
          [
            177.421807,
            -17.6365295
          ],
          [
            177.4214733,
            -17.6365749
          ],
          [
            177.4209742,
            -17.6365083
          ],
          [
            177.4207866,
            -17.6366052
          ],
          [
            177.4205006,
            -17.6366476
          ],
          [
            177.4201255,
            -17.6366779
          ],
          [
            177.4198934,
            -17.6365507
          ],
          [
            177.4195278,
            -17.6365174
          ],
          [
            177.4192195,
            -17.6366052
          ],
          [
            177.419032,
            -17.6365386
          ],
          [
            177.4188635,
            -17.6363538
          ],
          [
            177.4186727,
            -17.6363174
          ],
          [
            177.4184947,
            -17.6362084
          ],
          [
            177.4183995,
            -17.6362595
          ],
          [
            177.4182214,
            -17.6362447
          ],
          [
            177.4181769,
            -17.6360115
          ],
          [
            177.4187681,
            -17.6357897
          ],
          [
            177.4186721,
            -17.6355995
          ],
          [
            177.4185401,
            -17.6354668
          ],
          [
            177.4185079,
            -17.6353965
          ],
          [
            177.4185066,
            -17.6353096
          ],
          [
            177.4185079,
            -17.6352572
          ],
          [
            177.4185763,
            -17.6351677
          ],
          [
            177.4186501,
            -17.6351268
          ],
          [
            177.4187064,
            -17.6350834
          ],
          [
            177.4187842,
            -17.635031
          ],
          [
            177.4187963,
            -17.6349645
          ],
          [
            177.4187493,
            -17.6348124
          ],
          [
            177.4187064,
            -17.6346028
          ],
          [
            177.418423,
            -17.6346333
          ],
          [
            177.4176781,
            -17.6352582
          ],
          [
            177.4174476,
            -17.6354477
          ],
          [
            177.417037,
            -17.6357344
          ]
        ]
      },
      "id": "way/22572753"
    },
    {
      "type": "Feature",
      "properties": {
        "@id": "way/22575009",
        "natural": "coastline"
      },
      "geometry": {
        "type": "LineString",
        "coordinates": [
          [
            177.7105468,
            -17.436875
          ],
          [
            177.7100801,
            -17.4369569
          ],
          [
            177.7098978,
            -17.4371105
          ],
          [
            177.7097905,
            -17.4372486
          ],
          [
            177.7096993,
            -17.4376018
          ],
          [
            177.709592,
            -17.437873
          ],
          [
            177.709372,
            -17.4381545
          ],
          [
            177.7089375,
            -17.4385281
          ],
          [
            177.7086317,
            -17.4386458
          ],
          [
            177.7081382,
            -17.4387175
          ],
          [
            177.7077091,
            -17.4386612
          ],
          [
            177.7074248,
            -17.4385332
          ],
          [
            177.7073041,
            -17.4384897
          ],
          [
            177.7070761,
            -17.4384258
          ],
          [
            177.7068159,
            -17.4384155
          ],
          [
            177.706545,
            -17.4384258
          ],
          [
            177.7061132,
            -17.4383234
          ],
          [
            177.705794,
            -17.438175
          ],
          [
            177.7054158,
            -17.4378218
          ],
          [
            177.7051663,
            -17.437589
          ],
          [
            177.7048928,
            -17.4372896
          ],
          [
            177.7045977,
            -17.4368494
          ],
          [
            177.7041846,
            -17.4361944
          ],
          [
            177.7039164,
            -17.4359333
          ],
          [
            177.7037716,
            -17.4358259
          ],
          [
            177.7032083,
            -17.4356135
          ],
          [
            177.702983,
            -17.4355597
          ],
          [
            177.7027175,
            -17.4355239
          ],
          [
            177.7023098,
            -17.4354983
          ],
          [
            177.7016929,
            -17.4354855
          ],
          [
            177.7014005,
            -17.4355444
          ],
          [
            177.7011189,
            -17.4356365
          ],
          [
            177.70062,
            -17.4357593
          ],
          [
            177.7003223,
            -17.4358131
          ],
          [
            177.7001479,
            -17.4358182
          ],
          [
            177.6998877,
            -17.4357542
          ],
          [
            177.6996705,
            -17.4356698
          ],
          [
            177.6993862,
            -17.4355776
          ],
          [
            177.6990831,
            -17.435506
          ],
          [
            177.6986164,
            -17.435506
          ],
          [
            177.698434,
            -17.4355137
          ],
          [
            177.6982409,
            -17.4355674
          ],
          [
            177.6979539,
            -17.4356672
          ],
          [
            177.6976186,
            -17.4357696
          ],
          [
            177.6973557,
            -17.4357568
          ],
          [
            177.6971653,
            -17.4357056
          ],
          [
            177.6969829,
            -17.4356544
          ],
          [
            177.6967549,
            -17.4356365
          ],
          [
            177.6962346,
            -17.435657
          ],
          [
            177.695851,
            -17.4357158
          ],
          [
            177.6955587,
            -17.435767
          ],
          [
            177.695336,
            -17.4357824
          ],
          [
            177.6951832,
            -17.4357363
          ],
          [
            177.6948881,
            -17.4356263
          ],
          [
            177.6943034,
            -17.4353038
          ],
          [
            177.6941693,
            -17.4352219
          ],
          [
            177.6940647,
            -17.435071
          ],
          [
            177.6939332,
            -17.4349302
          ],
          [
            177.6938045,
            -17.4348611
          ],
          [
            177.6935765,
            -17.4348483
          ],
          [
            177.6929972,
            -17.4348714
          ],
          [
            177.6925197,
            -17.4349379
          ],
          [
            177.691648,
            -17.4351759
          ],
          [
            177.6913476,
            -17.4352603
          ],
          [
            177.6908997,
            -17.4354599
          ],
          [
            177.6902962,
            -17.4357491
          ],
          [
            177.6897114,
            -17.4361688
          ],
          [
            177.6895398,
            -17.4363581
          ],
          [
            177.6893735,
            -17.4365552
          ],
          [
            177.6892903,
            -17.4368213
          ],
          [
            177.6892367,
            -17.4373126
          ],
          [
            177.6891884,
            -17.4376146
          ],
          [
            177.6890758,
            -17.4377476
          ],
          [
            177.6889041,
            -17.4378398
          ],
          [
            177.688719,
            -17.4378756
          ],
          [
            177.6885983,
            -17.4379012
          ],
          [
            177.6883838,
            -17.438001
          ],
          [
            177.6882067,
            -17.4381085
          ],
          [
            177.6881236,
            -17.438134
          ],
          [
            177.6879734,
            -17.4381315
          ],
          [
            177.687681,
            -17.4381494
          ],
          [
            177.6872116,
            -17.4382876
          ],
          [
            177.6869729,
            -17.4384078
          ],
          [
            177.6869005,
            -17.4384846
          ],
          [
            177.6868254,
            -17.4386049
          ],
          [
            177.6867449,
            -17.4387456
          ],
          [
            177.6866108,
            -17.4389043
          ],
          [
            177.6863439,
            -17.439173
          ],
          [
            177.6862286,
            -17.4392305
          ],
          [
            177.6861642,
            -17.4392267
          ],
          [
            177.6860918,
            -17.4391666
          ],
          [
            177.6860221,
            -17.4391474
          ],
          [
            177.6859698,
            -17.4391563
          ],
          [
            177.6859175,
            -17.4391794
          ],
          [
            177.6856586,
            -17.4393598
          ],
          [
            177.6854092,
            -17.4394698
          ],
          [
            177.6852295,
            -17.4395338
          ],
          [
            177.6849237,
            -17.4396233
          ],
          [
            177.6843846,
            -17.4397999
          ],
          [
            177.6840761,
            -17.439846
          ],
          [
            177.6835719,
            -17.439956
          ],
          [
            177.6828209,
            -17.4402759
          ],
          [
            177.6823702,
            -17.4405087
          ],
          [
            177.6820296,
            -17.440826
          ],
          [
            177.681697,
            -17.4412406
          ],
          [
            177.6814797,
            -17.4415067
          ],
          [
            177.6811686,
            -17.4418905
          ],
          [
            177.6810533,
            -17.4420568
          ],
          [
            177.6806268,
            -17.4424842
          ],
          [
            177.680195,
            -17.4429397
          ],
          [
            177.6799321,
            -17.4432365
          ],
          [
            177.6795405,
            -17.4437227
          ],
          [
            177.6791489,
            -17.4440195
          ],
          [
            177.6785964,
            -17.4443419
          ],
          [
            177.6779151,
            -17.4446413
          ],
          [
            177.6774779,
            -17.4449023
          ],
          [
            177.6772016,
            -17.4451505
          ],
          [
            177.6771216,
            -17.4452852
          ],
          [
            177.6769683,
            -17.4456546
          ],
          [
            177.6768824,
            -17.4457467
          ],
          [
            177.6765981,
            -17.4459028
          ],
          [
            177.6764399,
            -17.4459028
          ],
          [
            177.6762924,
            -17.4458337
          ],
          [
            177.6760617,
            -17.4455778
          ],
          [
            177.6758498,
            -17.4453834
          ],
          [
            177.6755708,
            -17.4452605
          ],
          [
            177.6751739,
            -17.4452324
          ],
          [
            177.6747072,
            -17.4452657
          ],
          [
            177.6745194,
            -17.445368
          ],
          [
            177.6741868,
            -17.4457851
          ],
          [
            177.6739964,
            -17.4459514
          ],
          [
            177.6738355,
            -17.4460589
          ],
          [
            177.6736772,
            -17.4462406
          ],
          [
            177.6735431,
            -17.4464965
          ],
          [
            177.6733607,
            -17.4470287
          ],
          [
            177.673299,
            -17.4476121
          ],
          [
            177.6732883,
            -17.4479806
          ],
          [
            177.6733301,
            -17.4482397
          ],
          [
            177.6698792,
            -17.4497819
          ]
        ]
      },
      "id": "way/22575009"
    },
    {
      "type": "Feature",
      "properties": {
        "@id": "way/37065255",
        "natural": "coastline"
      },
      "geometry": {
        "type": "LineString",
        "coordinates": [
          [
            177.4386543,
            -17.6054439
          ],
          [
            177.43848,
            -17.605375
          ],
          [
            177.4383708,
            -17.6053802
          ],
          [
            177.4383032,
            -17.6053998
          ],
          [
            177.4381247,
            -17.605632
          ],
          [
            177.4378961,
            -17.6061285
          ],
          [
            177.4378187,
            -17.6063365
          ],
          [
            177.4377738,
            -17.6064571
          ],
          [
            177.4379535,
            -17.6071483
          ],
          [
            177.4380264,
            -17.607266
          ],
          [
            177.4384067,
            -17.6074301
          ],
          [
            177.4385202,
            -17.6075185
          ],
          [
            177.4388058,
            -17.6075964
          ],
          [
            177.4388351,
            -17.6076337
          ],
          [
            177.4390292,
            -17.607693
          ],
          [
            177.4391452,
            -17.6078303
          ],
          [
            177.4391351,
            -17.6078891
          ],
          [
            177.4391947,
            -17.6083016
          ],
          [
            177.4391663,
            -17.6083016
          ],
          [
            177.4391736,
            -17.6084041
          ],
          [
            177.4398664,
            -17.6083452
          ],
          [
            177.4398959,
            -17.6083497
          ],
          [
            177.4399173,
            -17.6083631
          ],
          [
            177.4399291,
            -17.6083817
          ],
          [
            177.4399415,
            -17.6084047
          ],
          [
            177.4399468,
            -17.6084385
          ],
          [
            177.4399458,
            -17.6084571
          ],
          [
            177.4399411,
            -17.6084708
          ],
          [
            177.4399344,
            -17.6084753
          ],
          [
            177.4397993,
            -17.6084935
          ],
          [
            177.4397901,
            -17.608498
          ],
          [
            177.4397842,
            -17.6085085
          ],
          [
            177.4397832,
            -17.6085248
          ],
          [
            177.4397966,
            -17.6086336
          ],
          [
            177.4398429,
            -17.6090749
          ],
          [
            177.4398542,
            -17.6091828
          ],
          [
            177.439903,
            -17.6091804
          ],
          [
            177.4399115,
            -17.6092747
          ],
          [
            177.4397199,
            -17.6092985
          ],
          [
            177.4397477,
            -17.6094682
          ]
        ]
      },
      "id": "way/37065255"
    },
    {
      "type": "Feature",
      "properties": {
        "@id": "way/156783522",
        "natural": "coastline",
        "source": "Bing"
      },
      "geometry": {
        "type": "LineString",
        "coordinates": [
          [
            177.4397477,
            -17.6094682
          ],
          [
            177.4396612,
            -17.6094778
          ],
          [
            177.4395157,
            -17.6094918
          ],
          [
            177.4393627,
            -17.6095077
          ],
          [
            177.4393106,
            -17.6089688
          ],
          [
            177.4392835,
            -17.6089712
          ],
          [
            177.4392623,
            -17.608973
          ],
          [
            177.4393143,
            -17.6095119
          ],
          [
            177.4389735,
            -17.6095442
          ],
          [
            177.4387365,
            -17.6095724
          ],
          [
            177.4386594,
            -17.6095698
          ],
          [
            177.4386211,
            -17.6095468
          ],
          [
            177.4378602,
            -17.6089773
          ],
          [
            177.4378818,
            -17.6089508
          ],
          [
            177.4377932,
            -17.6088853
          ],
          [
            177.4377594,
            -17.6089268
          ],
          [
            177.4377288,
            -17.6089644
          ],
          [
            177.4383874,
            -17.6094514
          ],
          [
            177.4384287,
            -17.609614
          ],
          [
            177.4384603,
            -17.6098129
          ],
          [
            177.438457,
            -17.6099112
          ]
        ]
      },
      "id": "way/156783522"
    },
    {
      "type": "Feature",
      "properties": {
        "@id": "way/156783527",
        "natural": "coastline",
        "source": "Bing"
      },
      "geometry": {
        "type": "LineString",
        "coordinates": [
          [
            177.439534,
            -17.6042243
          ],
          [
            177.4394907,
            -17.6045221
          ],
          [
            177.4394821,
            -17.6046577
          ],
          [
            177.4396188,
            -17.6047427
          ],
          [
            177.4395683,
            -17.6048236
          ],
          [
            177.439482,
            -17.6048609
          ],
          [
            177.4394254,
            -17.6049598
          ],
          [
            177.4393445,
            -17.6049701
          ],
          [
            177.4391894,
            -17.6052182
          ],
          [
            177.4390073,
            -17.6051616
          ],
          [
            177.4389426,
            -17.6052272
          ],
          [
            177.4388827,
            -17.6052809
          ],
          [
            177.4388375,
            -17.6053277
          ],
          [
            177.438721,
            -17.6053645
          ],
          [
            177.4386543,
            -17.6054439
          ]
        ]
      },
      "id": "way/156783527"
    },
    {
      "type": "Feature",
      "properties": {
        "@id": "way/320662953",
        "natural": "coastline"
      },
      "geometry": {
        "type": "LineString",
        "coordinates": [
          [
            177.6698792,
            -17.4497819
          ],
          [
            177.6690584,
            -17.4496898
          ],
          [
            177.6685408,
            -17.449608
          ],
          [
            177.6680821,
            -17.4495465
          ],
          [
            177.6677147,
            -17.4494979
          ],
          [
            177.6673794,
            -17.4495235
          ],
          [
            177.6671487,
            -17.4496131
          ],
          [
            177.6669958,
            -17.4497282
          ],
          [
            177.6668134,
            -17.4499329
          ],
          [
            177.6665425,
            -17.4501709
          ],
          [
            177.6663762,
            -17.4503167
          ],
          [
            177.6660785,
            -17.4505086
          ],
          [
            177.6656308,
            -17.4508615
          ],
          [
            177.6653087,
            -17.4510869
          ],
          [
            177.6649117,
            -17.4513633
          ],
          [
            177.6646328,
            -17.4515884
          ],
          [
            177.6620595,
            -17.451261
          ],
          [
            177.6618808,
            -17.4511074
          ],
          [
            177.661685,
            -17.4509871
          ],
          [
            177.6614463,
            -17.4509283
          ],
          [
            177.6608965,
            -17.450744
          ],
          [
            177.6604941,
            -17.4506289
          ],
          [
            177.6601455,
            -17.450547
          ],
          [
            177.6597834,
            -17.4504856
          ],
          [
            177.6591799,
            -17.4504498
          ],
          [
            177.6583511,
            -17.4504344
          ],
          [
            177.6578093,
            -17.4504344
          ],
          [
            177.657533,
            -17.4504344
          ],
          [
            177.6570368,
            -17.4504472
          ],
          [
            177.6566881,
            -17.4504344
          ],
          [
            177.656047,
            -17.4504012
          ],
          [
            177.6556742,
            -17.4503705
          ],
          [
            177.6554167,
            -17.4503346
          ],
          [
            177.6549715,
            -17.4502963
          ],
          [
            177.6543009,
            -17.4503091
          ],
          [
            177.6537886,
            -17.4503602
          ],
          [
            177.653507,
            -17.4504524
          ],
          [
            177.6531181,
            -17.4506391
          ],
          [
            177.6527506,
            -17.4507952
          ],
          [
            177.6523268,
            -17.4511534
          ],
          [
            177.6520157,
            -17.4515526
          ],
          [
            177.6518494,
            -17.4518699
          ],
          [
            177.6517537,
            -17.4522672
          ],
          [
            177.6497481,
            -17.4521946
          ],
          [
            177.6470053,
            -17.4522281
          ],
          [
            177.6465359,
            -17.4521539
          ],
          [
            177.6459378,
            -17.4521667
          ],
          [
            177.6449776,
            -17.4522435
          ],
          [
            177.6443955,
            -17.4523458
          ],
          [
            177.6440468,
            -17.4524149
          ],
          [
            177.643607,
            -17.4525582
          ],
          [
            177.6430652,
            -17.4526938
          ],
          [
            177.642231,
            -17.4528038
          ],
          [
            177.6416919,
            -17.4528064
          ],
          [
            177.6412627,
            -17.452809
          ],
          [
            177.6410669,
            -17.4527629
          ],
          [
            177.6408926,
            -17.4526964
          ],
          [
            177.6405948,
            -17.452548
          ],
          [
            177.6401979,
            -17.4523944
          ],
          [
            177.6398599,
            -17.4522793
          ],
          [
            177.6395853,
            -17.4522191
          ],
          [
            177.63872,
            -17.4520951
          ],
          [
            177.6378134,
            -17.4519492
          ],
          [
            177.6371616,
            -17.4518776
          ],
          [
            177.6366279,
            -17.4518162
          ],
          [
            177.6364267,
            -17.4518264
          ],
          [
            177.6362309,
            -17.4517676
          ],
          [
            177.6360002,
            -17.4516575
          ],
          [
            177.6357186,
            -17.4515731
          ],
          [
            177.634576,
            -17.4512942
          ],
          [
            177.6336272,
            -17.4511472
          ],
          [
            177.632795,
            -17.4511253
          ],
          [
            177.6321861,
            -17.4511586
          ],
          [
            177.6315343,
            -17.4512558
          ],
          [
            177.6305741,
            -17.4514016
          ],
          [
            177.6297936,
            -17.4515398
          ],
          [
            177.6293135,
            -17.4515398
          ],
          [
            177.628777,
            -17.4514707
          ],
          [
            177.6282942,
            -17.4514247
          ],
          [
            177.6278114,
            -17.4514451
          ],
          [
            177.6273394,
            -17.4515117
          ],
          [
            177.6269639,
            -17.4516217
          ],
          [
            177.6264971,
            -17.4517241
          ],
          [
            177.6262799,
            -17.4517829
          ],
          [
            177.62573,
            -17.451829
          ],
          [
            177.6253438,
            -17.4517957
          ],
          [
            177.6247886,
            -17.451788
          ],
          [
            177.623772,
            -17.4517983
          ],
          [
            177.6227179,
            -17.4518597
          ],
          [
            177.6223209,
            -17.4518725
          ],
          [
            177.6218408,
            -17.4517701
          ],
          [
            177.6217014,
            -17.4517676
          ],
          [
            177.6215056,
            -17.4518597
          ],
          [
            177.6213768,
            -17.4520132
          ],
          [
            177.6212534,
            -17.4521411
          ],
          [
            177.6210898,
            -17.4521923
          ],
          [
            177.6208913,
            -17.4521744
          ],
          [
            177.6205882,
            -17.4521258
          ],
          [
            177.6203763,
            -17.4520362
          ],
          [
            177.620202,
            -17.451875
          ],
          [
            177.620084,
            -17.4517676
          ],
          [
            177.6199418,
            -17.4517394
          ],
          [
            177.6195832,
            -17.4517419
          ],
          [
            177.6190755,
            -17.4518008
          ],
          [
            177.6183808,
            -17.4519415
          ],
          [
            177.6179677,
            -17.4521002
          ],
          [
            177.6178095,
            -17.4521923
          ],
          [
            177.6175815,
            -17.4522614
          ],
          [
            177.6170585,
            -17.4523816
          ],
          [
            177.6163235,
            -17.4525428
          ],
          [
            177.6157308,
            -17.4527143
          ],
          [
            177.615484,
            -17.4528064
          ],
          [
            177.6153955,
            -17.4528627
          ],
          [
            177.6153311,
            -17.4529676
          ],
          [
            177.6151514,
            -17.4531109
          ],
          [
            177.614859,
            -17.4532644
          ],
          [
            177.6145399,
            -17.4533591
          ],
          [
            177.6141268,
            -17.453354
          ],
          [
            177.613872,
            -17.4533386
          ],
          [
            177.6136976,
            -17.4533002
          ],
          [
            177.6135984,
            -17.4532721
          ],
          [
            177.6134482,
            -17.4532798
          ],
          [
            177.6132873,
            -17.4533079
          ],
          [
            177.6128903,
            -17.453377
          ],
          [
            177.6123324,
            -17.4534512
          ],
          [
            177.6119596,
            -17.4535254
          ],
          [
            177.611804,
            -17.4535228
          ],
          [
            177.6115438,
            -17.4535356
          ],
          [
            177.6112837,
            -17.4535484
          ],
          [
            177.6110959,
            -17.4535715
          ],
          [
            177.6109081,
            -17.453638
          ],
          [
            177.6106721,
            -17.4536789
          ],
          [
            177.610479,
            -17.4537455
          ],
          [
            177.6103744,
            -17.4538606
          ],
          [
            177.610361,
            -17.4539629
          ],
          [
            177.6104549,
            -17.4540883
          ],
          [
            177.6105487,
            -17.4542214
          ],
          [
            177.6106346,
            -17.4543288
          ],
          [
            177.6107848,
            -17.4544414
          ],
          [
            177.6113614,
            -17.4548124
          ],
          [
            177.6117772,
            -17.4550734
          ],
          [
            177.6120159,
            -17.4552884
          ],
          [
            177.6121205,
            -17.4554086
          ],
          [
            177.6122063,
            -17.4556696
          ],
          [
            177.6122989,
            -17.4557822
          ],
          [
            177.6123659,
            -17.4558513
          ],
          [
            177.6124759,
            -17.455928
          ],
          [
            177.6125845,
            -17.4560163
          ],
          [
            177.6126865,
            -17.456125
          ],
          [
            177.6128957,
            -17.4563093
          ],
          [
            177.6130673,
            -17.4564986
          ],
          [
            177.6132309,
            -17.4566521
          ],
          [
            177.6133221,
            -17.4567698
          ],
          [
            177.6134026,
            -17.456885
          ],
          [
            177.6134375,
            -17.4570078
          ],
          [
            177.6134925,
            -17.4571779
          ],
          [
            177.6135689,
            -17.4572867
          ],
          [
            177.6136789,
            -17.4574223
          ],
          [
            177.6137996,
            -17.4575221
          ],
          [
            177.6138639,
            -17.4575758
          ],
          [
            177.6140329,
            -17.4577767
          ],
          [
            177.6141,
            -17.4578701
          ],
          [
            177.6141295,
            -17.4579596
          ],
          [
            177.6141188,
            -17.4580773
          ],
          [
            177.6141013,
            -17.4581976
          ],
          [
            177.6140986,
            -17.4582667
          ],
          [
            177.6141375,
            -17.4583498
          ],
          [
            177.6142596,
            -17.4584624
          ],
          [
            177.6144108,
            -17.4585582
          ],
          [
            177.6144822,
            -17.4599481
          ],
          [
            177.6142609,
            -17.4601933
          ],
          [
            177.6141259,
            -17.4603522
          ],
          [
            177.6140571,
            -17.4604645
          ],
          [
            177.6140329,
            -17.4606078
          ],
          [
            177.6140383,
            -17.4607473
          ],
          [
            177.6140209,
            -17.460856
          ],
          [
            177.6139766,
            -17.4609097
          ],
          [
            177.6139189,
            -17.4609289
          ],
          [
            177.6138452,
            -17.4609583
          ],
          [
            177.6138076,
            -17.4609967
          ],
          [
            177.613809,
            -17.4610568
          ],
          [
            177.6138331,
            -17.4611528
          ],
          [
            177.6138693,
            -17.4613191
          ],
          [
            177.6139069,
            -17.4616236
          ],
          [
            177.6139927,
            -17.4619153
          ],
          [
            177.6140383,
            -17.4620764
          ],
          [
            177.6140946,
            -17.4621993
          ],
          [
            177.6142234,
            -17.4623502
          ],
          [
            177.614277,
            -17.4624372
          ],
          [
            177.6142985,
            -17.4625089
          ],
          [
            177.6142904,
            -17.4625728
          ],
          [
            177.6143065,
            -17.4626176
          ],
          [
            177.6143313,
            -17.4626297
          ],
          [
            177.6144004,
            -17.4626381
          ],
          [
            177.6146297,
            -17.4626496
          ],
          [
            177.6147893,
            -17.4626457
          ],
          [
            177.6148698,
            -17.4626381
          ],
          [
            177.6150253,
            -17.462615
          ],
          [
            177.6151031,
            -17.4626163
          ],
          [
            177.615197,
            -17.4626777
          ],
          [
            177.6152506,
            -17.4627954
          ],
          [
            177.6151755,
            -17.4633302
          ],
          [
            177.6151702,
            -17.4638521
          ],
          [
            177.6152158,
            -17.4643331
          ],
          [
            177.6152426,
            -17.4644943
          ],
          [
            177.6152533,
            -17.464699
          ],
          [
            177.6152131,
            -17.4648192
          ],
          [
            177.6151085,
            -17.4650035
          ],
          [
            177.6149744,
            -17.465157
          ],
          [
            177.6148885,
            -17.4652875
          ],
          [
            177.6148537,
            -17.4654154
          ],
          [
            177.6148376,
            -17.4658631
          ],
          [
            177.614792,
            -17.4659706
          ],
          [
            177.6147142,
            -17.4660525
          ],
          [
            177.6145774,
            -17.4660627
          ],
          [
            177.614442,
            -17.4659962
          ],
          [
            177.6143762,
            -17.4659668
          ],
          [
            177.6143213,
            -17.4659706
          ],
          [
            177.6142435,
            -17.4660128
          ],
          [
            177.6141845,
            -17.4660845
          ],
          [
            177.6140732,
            -17.4663902
          ],
          [
            177.6139578,
            -17.4666998
          ],
          [
            177.6138666,
            -17.4670836
          ],
          [
            177.6137942,
            -17.4674469
          ],
          [
            177.6137942,
            -17.4676567
          ],
          [
            177.6137513,
            -17.4679483
          ],
          [
            177.6135904,
            -17.4685854
          ],
          [
            177.6134428,
            -17.4691329
          ],
          [
            177.6133811,
            -17.4694579
          ],
          [
            177.6134066,
            -17.4698608
          ],
          [
            177.613416,
            -17.4700182
          ],
          [
            177.6134187,
            -17.470164
          ],
          [
            177.6133677,
            -17.4703687
          ],
          [
            177.6132792,
            -17.4704941
          ],
          [
            177.6132373,
            -17.4705289
          ],
          [
            177.6131746,
            -17.470581
          ],
          [
            177.6130244,
            -17.4706911
          ],
          [
            177.6128688,
            -17.4708471
          ],
          [
            177.6127267,
            -17.470993
          ],
          [
            177.6125202,
            -17.4711669
          ],
          [
            177.6123244,
            -17.4713281
          ],
          [
            177.6120159,
            -17.4716761
          ],
          [
            177.61145,
            -17.4722568
          ],
          [
            177.6111147,
            -17.4727071
          ],
          [
            177.6109806,
            -17.4729323
          ],
          [
            177.6108733,
            -17.4730525
          ],
          [
            177.6107419,
            -17.4731369
          ],
          [
            177.6105246,
            -17.4732214
          ],
          [
            177.6102483,
            -17.4732956
          ],
          [
            177.6101008,
            -17.4733723
          ],
          [
            177.6099291,
            -17.4735156
          ],
          [
            177.609787,
            -17.4736998
          ],
          [
            177.6096046,
            -17.4739045
          ],
          [
            177.6092398,
            -17.4742013
          ],
          [
            177.6085424,
            -17.4747129
          ],
          [
            177.6081562,
            -17.475153
          ],
          [
            177.6079416,
            -17.4755419
          ],
          [
            177.6077646,
            -17.4759768
          ],
          [
            177.607668,
            -17.4763913
          ],
          [
            177.6059943,
            -17.4774044
          ],
          [
            177.605823,
            -17.4771599
          ],
          [
            177.6054901,
            -17.4769669
          ],
          [
            177.6050422,
            -17.4767699
          ],
          [
            177.6046506,
            -17.4765959
          ],
          [
            177.6040578,
            -17.4764987
          ],
          [
            177.6037252,
            -17.4764424
          ],
          [
            177.6035294,
            -17.476445
          ],
          [
            177.6032008,
            -17.4764859
          ],
          [
            177.6028575,
            -17.4765793
          ],
          [
            177.6025705,
            -17.476729
          ],
          [
            177.602482,
            -17.4768032
          ],
          [
            177.6024123,
            -17.4768825
          ],
          [
            177.6023224,
            -17.4770193
          ],
          [
            177.6022741,
            -17.4770795
          ],
          [
            177.6021507,
            -17.4771537
          ],
          [
            177.6020622,
            -17.4772343
          ],
          [
            177.6019603,
            -17.4773519
          ],
          [
            177.6018584,
            -17.4775093
          ],
          [
            177.6017591,
            -17.4776896
          ],
          [
            177.6017041,
            -17.4778598
          ],
          [
            177.6016331,
            -17.4783459
          ],
          [
            177.6016304,
            -17.4786503
          ],
          [
            177.6016854,
            -17.4788358
          ],
          [
            177.6017819,
            -17.4790392
          ],
          [
            177.601794,
            -17.4791863
          ],
          [
            177.6017685,
            -17.4792682
          ],
          [
            177.6016988,
            -17.4793858
          ],
          [
            177.6015861,
            -17.4794946
          ],
          [
            177.6014963,
            -17.4796084
          ],
          [
            177.6014654,
            -17.4796813
          ],
          [
            177.6014507,
            -17.4797606
          ],
          [
            177.6014453,
            -17.4799832
          ],
          [
            177.6014587,
            -17.4800651
          ],
          [
            177.601507,
            -17.480129
          ],
          [
            177.601617,
            -17.4801546
          ],
          [
            177.6017189,
            -17.4801777
          ],
          [
            177.6017766,
            -17.4802365
          ],
          [
            177.601798,
            -17.4802864
          ],
          [
            177.6018034,
            -17.4804041
          ],
          [
            177.6017538,
            -17.4804834
          ],
          [
            177.601672,
            -17.4804936
          ],
          [
            177.6015754,
            -17.4804885
          ],
          [
            177.601503,
            -17.4804974
          ],
          [
            177.6014721,
            -17.4805218
          ],
          [
            177.6014601,
            -17.4805819
          ],
          [
            177.6014507,
            -17.4807546
          ],
          [
            177.6014507,
            -17.4808889
          ],
          [
            177.601444,
            -17.4809567
          ],
          [
            177.6014078,
            -17.4810616
          ],
          [
            177.6013729,
            -17.4811485
          ],
          [
            177.6013541,
            -17.4812829
          ],
          [
            177.6013286,
            -17.4813686
          ],
          [
            177.6012857,
            -17.4814274
          ],
          [
            177.6012214,
            -17.4814479
          ],
          [
            177.6011999,
            -17.4814837
          ],
          [
            177.6011918,
            -17.4815259
          ],
          [
            177.6011784,
            -17.4815937
          ],
          [
            177.6011422,
            -17.4817063
          ],
          [
            177.6010899,
            -17.4818112
          ],
          [
            177.6010001,
            -17.4819237
          ],
          [
            177.600988,
            -17.4819966
          ],
          [
            177.6009893,
            -17.4820568
          ],
          [
            177.6010054,
            -17.4821309
          ],
          [
            177.6010001,
            -17.4822051
          ],
          [
            177.6009826,
            -17.4822576
          ],
          [
            177.6009303,
            -17.4822896
          ],
          [
            177.6008794,
            -17.482319
          ],
          [
            177.6008391,
            -17.4823599
          ],
          [
            177.6008123,
            -17.4824597
          ],
          [
            177.6008284,
            -17.4825684
          ],
          [
            177.6008847,
            -17.4827641
          ],
          [
            177.6008861,
            -17.4830327
          ],
          [
            177.6008619,
            -17.4831031
          ],
          [
            177.6008217,
            -17.4831747
          ],
          [
            177.6007386,
            -17.4832246
          ],
          [
            177.6006058,
            -17.4832911
          ],
          [
            177.6005682,
            -17.4833692
          ],
          [
            177.6005575,
            -17.4834677
          ],
          [
            177.6005709,
            -17.4835227
          ],
          [
            177.6006044,
            -17.4836429
          ],
          [
            177.6006031,
            -17.4836966
          ],
          [
            177.6005629,
            -17.4837107
          ],
          [
            177.6005159,
            -17.4836941
          ],
          [
            177.6004757,
            -17.4836557
          ],
          [
            177.6004221,
            -17.4836442
          ],
          [
            177.6003724,
            -17.483657
          ],
          [
            177.6002786,
            -17.4837184
          ],
          [
            177.599954,
            -17.4839716
          ],
          [
            177.5997233,
            -17.4841149
          ],
          [
            177.5996295,
            -17.4841277
          ],
          [
            177.5994927,
            -17.4840535
          ],
          [
            177.5993076,
            -17.4838668
          ],
          [
            177.5991547,
            -17.4837926
          ],
          [
            177.5989535,
            -17.4837644
          ],
          [
            177.5987712,
            -17.4837209
          ],
          [
            177.5983018,
            -17.4836774
          ],
          [
            177.5980121,
            -17.4836621
          ],
          [
            177.5978592,
            -17.4837081
          ],
          [
            177.5974944,
            -17.4839716
          ],
          [
            177.5970653,
            -17.4842249
          ],
          [
            177.596793,
            -17.4843989
          ],
          [
            177.5967112,
            -17.4844129
          ],
          [
            177.5966616,
            -17.4844564
          ],
          [
            177.5966361,
            -17.4845217
          ],
          [
            177.5966308,
            -17.4845984
          ],
          [
            177.5966066,
            -17.4846445
          ],
          [
            177.5965771,
            -17.4846649
          ],
          [
            177.5965194,
            -17.4846713
          ],
          [
            177.5964591,
            -17.4845907
          ],
          [
            177.5964054,
            -17.4845357
          ],
          [
            177.5963612,
            -17.4845345
          ],
          [
            177.5963169,
            -17.4845767
          ],
          [
            177.5962941,
            -17.4846406
          ],
          [
            177.5962445,
            -17.4847558
          ],
          [
            177.5961533,
            -17.484867
          ],
          [
            177.5960085,
            -17.4850589
          ],
          [
            177.595861,
            -17.4851971
          ],
          [
            177.5956947,
            -17.4853659
          ],
          [
            177.5954694,
            -17.4856064
          ],
          [
            177.595295,
            -17.4858213
          ],
          [
            177.5951808,
            -17.4858423
          ],
          [
            177.5949535,
            -17.4858022
          ],
          [
            177.5947451,
            -17.4858392
          ],
          [
            177.5942643,
            -17.4856754
          ],
          [
            177.5938516,
            -17.4856442
          ],
          [
            177.5936011,
            -17.4857863
          ],
          [
            177.5934681,
            -17.4856055
          ],
          [
            177.5927211,
            -17.4855646
          ],
          [
            177.5922174,
            -17.4856482
          ],
          [
            177.5918839,
            -17.4857461
          ],
          [
            177.591841,
            -17.4858519
          ],
          [
            177.5916633,
            -17.4858571
          ],
          [
            177.5915399,
            -17.4858264
          ],
          [
            177.591516,
            -17.4857323
          ],
          [
            177.5913976,
            -17.4854688
          ],
          [
            177.5911778,
            -17.4852337
          ],
          [
            177.5909503,
            -17.4850078
          ],
          [
            177.5906306,
            -17.4851024
          ]
        ]
      },
      "id": "way/320662953"
    },
    {
      "type": "Feature",
      "properties": {
        "@id": "way/323644141",
        "natural": "coastline"
      },
      "geometry": {
        "type": "LineString",
        "coordinates": [
          [
            177.3938209,
            -17.6632884
          ],
          [
            177.3938696,
            -17.6634409
          ],
          [
            177.3939393,
            -17.6636591
          ],
          [
            177.3926269,
            -17.6641542
          ],
          [
            177.3923327,
            -17.6645071
          ],
          [
            177.3916966,
            -17.6645358
          ],
          [
            177.3911623,
            -17.6644106
          ],
          [
            177.3910245,
            -17.6643783
          ],
          [
            177.3906409,
            -17.6641922
          ],
          [
            177.3899674,
            -17.663867
          ],
          [
            177.3894796,
            -17.6638282
          ],
          [
            177.3890486,
            -17.6640064
          ],
          [
            177.3886827,
            -17.6644635
          ],
          [
            177.3880729,
            -17.6648819
          ],
          [
            177.3878534,
            -17.6648974
          ],
          [
            177.3877314,
            -17.6649594
          ],
          [
            177.387024,
            -17.6652615
          ],
          [
            177.3856987,
            -17.665432
          ],
          [
            177.3856987,
            -17.6655792
          ],
          [
            177.3854884,
            -17.665799
          ],
          [
            177.3853501,
            -17.6661012
          ],
          [
            177.38522,
            -17.6662561
          ],
          [
            177.3849428,
            -17.6665444
          ],
          [
            177.3846692,
            -17.6669635
          ],
          [
            177.3845565,
            -17.6674082
          ],
          [
            177.38446,
            -17.6678682
          ],
          [
            177.3843044,
            -17.668272
          ],
          [
            177.3842025,
            -17.6688292
          ],
          [
            177.3839396,
            -17.6694016
          ],
          [
            177.383827,
            -17.6697083
          ],
          [
            177.3836929,
            -17.6699792
          ],
          [
            177.3833281,
            -17.6706795
          ],
          [
            177.3832476,
            -17.6707817
          ],
          [
            177.3831993,
            -17.6708584
          ],
          [
            177.3831135,
            -17.670935
          ],
          [
            177.3830304,
            -17.6709785
          ],
          [
            177.3828775,
            -17.6710015
          ],
          [
            177.3827407,
            -17.6710194
          ],
          [
            177.3826951,
            -17.6709453
          ],
          [
            177.3826897,
            -17.6708481
          ],
          [
            177.382679,
            -17.670774
          ],
          [
            177.3826173,
            -17.6707229
          ],
          [
            177.3825261,
            -17.6707178
          ],
          [
            177.3823974,
            -17.6707843
          ],
          [
            177.3823008,
            -17.6709478
          ],
          [
            177.3823249,
            -17.6711804
          ],
          [
            177.382392,
            -17.6712238
          ],
          [
            177.3824831,
            -17.6712647
          ],
          [
            177.3826092,
            -17.6712136
          ],
          [
            177.3827111,
            -17.6711778
          ],
          [
            177.3827568,
            -17.6710948
          ],
          [
            177.382793,
            -17.6710948
          ],
          [
            177.3828681,
            -17.6710948
          ],
          [
            177.3829445,
            -17.6710884
          ],
          [
            177.3830129,
            -17.6710603
          ],
          [
            177.3831242,
            -17.6710526
          ],
          [
            177.383194,
            -17.6710884
          ],
          [
            177.3832516,
            -17.671188
          ],
          [
            177.3833656,
            -17.6715126
          ],
          [
            177.3835319,
            -17.6719189
          ],
          [
            177.3835978,
            -17.6723045
          ],
          [
            177.3837894,
            -17.6723611
          ],
          [
            177.3840094,
            -17.6724173
          ],
          [
            177.3841435,
            -17.6727598
          ],
          [
            177.3842454,
            -17.6730409
          ],
          [
            177.3842722,
            -17.6733322
          ],
          [
            177.3842722,
            -17.6737002
          ],
          [
            177.3842668,
            -17.6740325
          ],
          [
            177.3845351,
            -17.6747378
          ],
          [
            177.3846209,
            -17.6750138
          ],
          [
            177.384578,
            -17.6751263
          ],
          [
            177.3844492,
            -17.6751007
          ],
          [
            177.3841917,
            -17.6749985
          ],
          [
            177.3840791,
            -17.6750905
          ],
          [
            177.3841102,
            -17.6752999
          ],
          [
            177.3844744,
            -17.6758003
          ],
          [
            177.3845672,
            -17.676082
          ],
          [
            177.3849907,
            -17.6785331
          ],
          [
            177.3848957,
            -17.6789901
          ],
          [
            177.3848913,
            -17.6790115
          ],
          [
            177.3851346,
            -17.6800957
          ],
          [
            177.3850554,
            -17.6804546
          ],
          [
            177.3831832,
            -17.6806309
          ],
          [
            177.3831256,
            -17.6806437
          ],
          [
            177.3831256,
            -17.6806986
          ],
          [
            177.3831323,
            -17.6807382
          ],
          [
            177.3831457,
            -17.6808328
          ],
          [
            177.3831502,
            -17.6808875
          ],
          [
            177.3831564,
            -17.6809619
          ],
          [
            177.3830907,
            -17.6811612
          ],
          [
            177.3828037,
            -17.6815266
          ],
          [
            177.3826843,
            -17.6814934
          ],
          [
            177.3826495,
            -17.681473
          ],
          [
            177.3825771,
            -17.6814397
          ],
          [
            177.3825435,
            -17.6814385
          ],
          [
            177.3824215,
            -17.6814653
          ],
          [
            177.3823303,
            -17.681496
          ],
          [
            177.3822324,
            -17.6815598
          ],
          [
            177.3821761,
            -17.6816225
          ],
          [
            177.3821533,
            -17.6817298
          ],
          [
            177.3821694,
            -17.6817758
          ],
          [
            177.3821975,
            -17.6818026
          ],
          [
            177.3822887,
            -17.6818473
          ],
          [
            177.3823799,
            -17.6818895
          ],
          [
            177.3824094,
            -17.6819278
          ],
          [
            177.3823947,
            -17.6819994
          ],
          [
            177.3823397,
            -17.6820518
          ],
          [
            177.3822136,
            -17.6821336
          ],
          [
            177.382219,
            -17.6821936
          ],
          [
            177.3822324,
            -17.682269
          ],
          [
            177.3822659,
            -17.6823546
          ],
          [
            177.3823357,
            -17.6825731
          ],
          [
            177.3823518,
            -17.682591
          ],
          [
            177.3824255,
            -17.6826446
          ],
          [
            177.3824818,
            -17.6826868
          ],
          [
            177.3825328,
            -17.6827903
          ],
          [
            177.3826522,
            -17.6828797
          ],
          [
            177.3827313,
            -17.6829896
          ],
          [
            177.382797,
            -17.6830944
          ],
          [
            177.3828788,
            -17.6831583
          ],
          [
            177.3829955,
            -17.6832069
          ],
          [
            177.3831055,
            -17.6832324
          ],
          [
            177.383194,
            -17.683235
          ],
          [
            177.383257,
            -17.6832132
          ],
          [
            177.3833066,
            -17.6832017
          ],
          [
            177.3833469,
            -17.6832056
          ],
          [
            177.3833683,
            -17.6832439
          ],
          [
            177.3833308,
            -17.6833167
          ],
          [
            177.3833469,
            -17.6833474
          ],
          [
            177.3836513,
            -17.6834726
          ],
          [
            177.3837197,
            -17.683525
          ],
          [
            177.3837693,
            -17.6836042
          ],
          [
            177.3837867,
            -17.6836617
          ],
          [
            177.3838578,
            -17.6837167
          ],
          [
            177.3839611,
            -17.6837167
          ],
          [
            177.3840831,
            -17.6837077
          ],
          [
            177.3846102,
            -17.6831072
          ],
          [
            177.3848824,
            -17.682789
          ],
          [
            177.384861,
            -17.6827098
          ],
          [
            177.3848261,
            -17.6826357
          ],
          [
            177.3847939,
            -17.6825897
          ],
          [
            177.3847429,
            -17.6825744
          ],
          [
            177.3847148,
            -17.682568
          ],
          [
            177.3846477,
            -17.682568
          ],
          [
            177.3840858,
            -17.682844
          ],
          [
            177.3839946,
            -17.6828989
          ],
          [
            177.3839074,
            -17.6829168
          ],
          [
            177.3838109,
            -17.682904
          ],
          [
            177.3837586,
            -17.6828874
          ],
          [
            177.3837157,
            -17.6828516
          ],
          [
            177.3836862,
            -17.6827993
          ],
          [
            177.3833415,
            -17.6820863
          ],
          [
            177.3833308,
            -17.6820505
          ],
          [
            177.3833321,
            -17.6820262
          ],
          [
            177.3833415,
            -17.6820032
          ],
          [
            177.3835936,
            -17.6818908
          ],
          [
            177.3836245,
            -17.6818576
          ],
          [
            177.3836298,
            -17.6817988
          ],
          [
            177.3834904,
            -17.6814806
          ],
          [
            177.3834904,
            -17.6814448
          ],
          [
            177.3835158,
            -17.6814206
          ],
          [
            177.384287,
            -17.6810641
          ],
          [
            177.3842266,
            -17.680958
          ],
          [
            177.3843004,
            -17.680921
          ],
          [
            177.3843755,
            -17.6810296
          ],
          [
            177.384637,
            -17.6808865
          ],
          [
            177.384692,
            -17.6808865
          ],
          [
            177.3847443,
            -17.6809044
          ],
          [
            177.384802,
            -17.6809312
          ],
          [
            177.3848502,
            -17.6809746
          ],
          [
            177.3850621,
            -17.6813643
          ],
          [
            177.3853344,
            -17.681878
          ],
          [
            177.3852003,
            -17.6819841
          ],
          [
            177.385274,
            -17.6821284
          ],
          [
            177.3853075,
            -17.6821208
          ],
          [
            177.3853987,
            -17.6819828
          ],
          [
            177.3854846,
            -17.682016
          ],
          [
            177.3854363,
            -17.6821412
          ],
          [
            177.3854524,
            -17.682177
          ],
          [
            177.3855667,
            -17.6821052
          ],
          [
            177.3857144,
            -17.6819507
          ],
          [
            177.3857392,
            -17.6817093
          ],
          [
            177.3859878,
            -17.6815544
          ],
          [
            177.3862459,
            -17.6815909
          ],
          [
            177.386265,
            -17.6814724
          ],
          [
            177.38594,
            -17.6813814
          ],
          [
            177.3856652,
            -17.6807153
          ],
          [
            177.385787,
            -17.6804431
          ],
          [
            177.3860929,
            -17.6802792
          ],
          [
            177.3864006,
            -17.680249
          ],
          [
            177.386671,
            -17.6804096
          ],
          [
            177.3870394,
            -17.681099
          ],
          [
            177.3868769,
            -17.6813996
          ],
          [
            177.3864849,
            -17.6815089
          ],
          [
            177.386504,
            -17.6816455
          ],
          [
            177.3867335,
            -17.6815453
          ],
          [
            177.3868386,
            -17.6818095
          ],
          [
            177.3863893,
            -17.6820827
          ],
          [
            177.386265,
            -17.6819643
          ],
          [
            177.3858429,
            -17.6821595
          ],
          [
            177.3856334,
            -17.6824236
          ],
          [
            177.3857032,
            -17.682444
          ],
          [
            177.3858011,
            -17.6823405
          ],
          [
            177.3861592,
            -17.6825271
          ],
          [
            177.386149,
            -17.6825791
          ],
          [
            177.3860042,
            -17.6828313
          ],
          [
            177.3858661,
            -17.6829273
          ],
          [
            177.3856487,
            -17.682903
          ],
          [
            177.3854996,
            -17.6827583
          ],
          [
            177.3855797,
            -17.682645
          ],
          [
            177.3855298,
            -17.6826188
          ],
          [
            177.384791,
            -17.6835515
          ],
          [
            177.3849276,
            -17.6836068
          ],
          [
            177.3860076,
            -17.6830286
          ],
          [
            177.3862595,
            -17.6826101
          ],
          [
            177.3863938,
            -17.6826242
          ],
          [
            177.3865065,
            -17.6827009
          ],
          [
            177.3865575,
            -17.6827775
          ],
          [
            177.3866887,
            -17.6828989
          ],
          [
            177.3871207,
            -17.6830382
          ],
          [
            177.3874561,
            -17.6832287
          ],
          [
            177.3879468,
            -17.6833857
          ],
          [
            177.3880729,
            -17.6835467
          ],
          [
            177.3882821,
            -17.6835544
          ],
          [
            177.3885047,
            -17.6836515
          ],
          [
            177.3883545,
            -17.6844846
          ],
          [
            177.3883519,
            -17.6845842
          ],
          [
            177.3883733,
            -17.6847171
          ],
          [
            177.3885275,
            -17.6848354
          ],
          [
            177.3889983,
            -17.6848679
          ],
          [
            177.3891082,
            -17.6848372
          ],
          [
            177.3891906,
            -17.6847352
          ],
          [
            177.3885586,
            -17.6847068
          ],
          [
            177.3886241,
            -17.6840448
          ],
          [
            177.3890048,
            -17.6840646
          ],
          [
            177.3890319,
            -17.6839294
          ],
          [
            177.3890464,
            -17.6836845
          ],
          [
            177.3891971,
            -17.6836116
          ],
          [
            177.3894195,
            -17.6835926
          ],
          [
            177.3894972,
            -17.6837639
          ],
          [
            177.3896205,
            -17.6838636
          ],
          [
            177.3895881,
            -17.6839127
          ],
          [
            177.3896071,
            -17.6840246
          ],
          [
            177.3895481,
            -17.6841038
          ],
          [
            177.3895454,
            -17.6841907
          ],
          [
            177.3895454,
            -17.6847759
          ],
          [
            177.3896565,
            -17.6847712
          ],
          [
            177.3897755,
            -17.6840517
          ],
          [
            177.3898398,
            -17.6838954
          ],
          [
            177.3900324,
            -17.6837941
          ],
          [
            177.3903528,
            -17.6837742
          ],
          [
            177.390776,
            -17.6838328
          ],
          [
            177.3912379,
            -17.6837537
          ],
          [
            177.3914713,
            -17.6837486
          ],
          [
            177.392193,
            -17.6838464
          ],
          [
            177.39266,
            -17.6836601
          ],
          [
            177.3930776,
            -17.6833207
          ],
          [
            177.3945021,
            -17.6836931
          ],
          [
            177.394757,
            -17.6837639
          ],
          [
            177.3949528,
            -17.6839275
          ],
          [
            177.3950225,
            -17.6840297
          ],
          [
            177.3951218,
            -17.684137
          ],
          [
            177.3953122,
            -17.684229
          ],
          [
            177.3955992,
            -17.6842367
          ],
          [
            177.3959264,
            -17.6841805
          ],
          [
            177.3961329,
            -17.6841728
          ],
          [
            177.3966989,
            -17.6840808
          ],
          [
            177.3969001,
            -17.6840553
          ],
          [
            177.3971817,
            -17.6839658
          ],
          [
            177.3975116,
            -17.6838227
          ],
          [
            177.3977262,
            -17.6837103
          ],
          [
            177.3978442,
            -17.6836234
          ],
          [
            177.3980641,
            -17.6834803
          ],
          [
            177.3981339,
            -17.683419
          ],
          [
            177.3982626,
            -17.6834241
          ],
          [
            177.3984217,
            -17.6834287
          ],
          [
            177.3985845,
            -17.6833704
          ],
          [
            177.3993435,
            -17.6836081
          ],
          [
            177.3996145,
            -17.6837435
          ],
          [
            177.399821,
            -17.6837001
          ],
          [
            177.3999283,
            -17.6837001
          ],
          [
            177.4001187,
            -17.6837333
          ],
          [
            177.4002528,
            -17.6837742
          ],
          [
            177.400454,
            -17.6838662
          ],
          [
            177.4009237,
            -17.68402
          ],
          [
            177.4011367,
            -17.6839006
          ],
          [
            177.4014384,
            -17.68385
          ],
          [
            177.4016071,
            -17.6839306
          ],
          [
            177.4020662,
            -17.6842604
          ],
          [
            177.4020212,
            -17.6843072
          ],
          [
            177.4015096,
            -17.6842004
          ],
          [
            177.4015527,
            -17.6842885
          ],
          [
            177.401787,
            -17.6844347
          ],
          [
            177.4026858,
            -17.6846236
          ],
          [
            177.4033634,
            -17.6848952
          ],
          [
            177.4040038,
            -17.6852272
          ],
          [
            177.4053606,
            -17.6857628
          ],
          [
            177.4072701,
            -17.6867077
          ],
          [
            177.4074868,
            -17.6869207
          ],
          [
            177.4083064,
            -17.6879913
          ],
          [
            177.4085388,
            -17.6884336
          ],
          [
            177.408402,
            -17.6885461
          ],
          [
            177.4084539,
            -17.6886093
          ],
          [
            177.4086962,
            -17.6884471
          ],
          [
            177.4093689,
            -17.6888646
          ],
          [
            177.4104592,
            -17.6894255
          ],
          [
            177.4112035,
            -17.6898841
          ],
          [
            177.4123504,
            -17.6904725
          ],
          [
            177.4130032,
            -17.6909064
          ],
          [
            177.4129538,
            -17.6909709
          ],
          [
            177.4131285,
            -17.6911029
          ],
          [
            177.4133314,
            -17.6913476
          ],
          [
            177.4132335,
            -17.6914721
          ],
          [
            177.4132164,
            -17.691565
          ],
          [
            177.4132241,
            -17.6916951
          ],
          [
            177.4133032,
            -17.6917414
          ],
          [
            177.4134153,
            -17.6917457
          ],
          [
            177.4136763,
            -17.6916725
          ],
          [
            177.413775,
            -17.6916932
          ],
          [
            177.4146376,
            -17.6925665
          ],
          [
            177.4149177,
            -17.6927718
          ],
          [
            177.4155789,
            -17.6931963
          ],
          [
            177.4158003,
            -17.6932796
          ],
          [
            177.4161373,
            -17.6932475
          ],
          [
            177.4163756,
            -17.6931016
          ],
          [
            177.4166356,
            -17.6929016
          ],
          [
            177.4169525,
            -17.6926383
          ],
          [
            177.4171745,
            -17.6926117
          ],
          [
            177.4172602,
            -17.6928789
          ],
          [
            177.4173587,
            -17.6931861
          ],
          [
            177.4173459,
            -17.6934159
          ],
          [
            177.4173985,
            -17.694231
          ],
          [
            177.4179433,
            -17.6946848
          ],
          [
            177.4193419,
            -17.6955392
          ],
          [
            177.4197925,
            -17.6958863
          ],
          [
            177.4207683,
            -17.6966748
          ],
          [
            177.4216538,
            -17.6975341
          ],
          [
            177.4222913,
            -17.6984045
          ],
          [
            177.4232586,
            -17.6999974
          ],
          [
            177.4236924,
            -17.7008893
          ],
          [
            177.4239521,
            -17.7016535
          ],
          [
            177.424315,
            -17.7027405
          ]
        ]
      },
      "id": "way/323644141"
    },
    {
      "type": "Feature",
      "properties": {
        "@id": "way/323644146",
        "natural": "coastline"
      },
      "geometry": {
        "type": "LineString",
        "coordinates": [
          [
            177.6541641,
            -17.4484079
          ],
          [
            177.6540381,
            -17.4486778
          ],
          [
            177.6539844,
            -17.4487981
          ],
          [
            177.6539831,
            -17.4489171
          ],
          [
            177.6539952,
            -17.448967
          ],
          [
            177.6540166,
            -17.4489862
          ],
          [
            177.6540662,
            -17.4490041
          ],
          [
            177.654195,
            -17.4490386
          ],
          [
            177.6544967,
            -17.4491013
          ],
          [
            177.6547918,
            -17.4491717
          ],
          [
            177.6553188,
            -17.4493265
          ],
          [
            177.6559009,
            -17.4495485
          ],
          [
            177.6562563,
            -17.4496156
          ],
          [
            177.6563863,
            -17.4496271
          ],
          [
            177.6566157,
            -17.4496284
          ],
          [
            177.6569845,
            -17.4496284
          ],
          [
            177.65771,
            -17.4495747
          ],
          [
            177.6582398,
            -17.4495555
          ],
          [
            177.6587521,
            -17.4495465
          ],
          [
            177.6597069,
            -17.4495913
          ],
          [
            177.6601844,
            -17.4496003
          ],
          [
            177.6603091,
            -17.4495721
          ],
          [
            177.6604445,
            -17.4495018
          ],
          [
            177.6606081,
            -17.4493866
          ],
          [
            177.6610212,
            -17.4490066
          ],
          [
            177.6611593,
            -17.4488454
          ],
          [
            177.6612411,
            -17.4487098
          ],
          [
            177.6612921,
            -17.4485256
          ],
          [
            177.6612908,
            -17.448349
          ],
          [
            177.6612961,
            -17.4481955
          ],
          [
            177.6612881,
            -17.4479115
          ],
          [
            177.6612465,
            -17.447717
          ],
          [
            177.6610628,
            -17.4474343
          ],
          [
            177.6609313,
            -17.4472129
          ],
          [
            177.6608428,
            -17.4470057
          ],
          [
            177.660698,
            -17.4464862
          ],
          [
            177.6606095,
            -17.4462764
          ],
          [
            177.6604056,
            -17.4460487
          ],
          [
            177.6600409,
            -17.4456751
          ],
          [
            177.6594347,
            -17.4453066
          ],
          [
            177.6590806,
            -17.44513
          ],
          [
            177.6587051,
            -17.4449816
          ],
          [
            177.6582518,
            -17.444956
          ],
          [
            177.6576213,
            -17.4450283
          ],
          [
            177.6571884,
            -17.4452419
          ],
          [
            177.656435,
            -17.4457367
          ],
          [
            177.65609,
            -17.4460359
          ],
          [
            177.6555299,
            -17.4466081
          ],
          [
            177.6550037,
            -17.447218
          ],
          [
            177.6545745,
            -17.4477759
          ],
          [
            177.6541641,
            -17.4484079
          ]
        ]
      },
      "id": "way/323644146"
    },
    {
      "type": "Feature",
      "properties": {
        "@id": "way/323644147",
        "natural": "coastline"
      },
      "geometry": {
        "type": "LineString",
        "coordinates": [
          [
            177.6426387,
            -17.4483183
          ],
          [
            177.6413351,
            -17.4471873
          ],
          [
            177.6410535,
            -17.4469519
          ],
          [
            177.6408577,
            -17.446801
          ],
          [
            177.6406887,
            -17.4466525
          ],
          [
            177.6404473,
            -17.4463634
          ],
          [
            177.6403132,
            -17.4461894
          ],
          [
            177.6401201,
            -17.4459924
          ],
          [
            177.6398519,
            -17.4457877
          ],
          [
            177.6395863,
            -17.4456597
          ],
          [
            177.6393101,
            -17.4455036
          ],
          [
            177.6389453,
            -17.4452477
          ],
          [
            177.6384893,
            -17.4449151
          ],
          [
            177.6381218,
            -17.4447283
          ],
          [
            177.6376256,
            -17.4446004
          ],
          [
            177.637175,
            -17.4445287
          ],
          [
            177.6368102,
            -17.4445159
          ],
          [
            177.6365635,
            -17.4444942
          ],
          [
            177.6362993,
            -17.4445031
          ],
          [
            177.6360364,
            -17.4445466
          ],
          [
            177.6359291,
            -17.4445786
          ],
          [
            177.6358326,
            -17.4445978
          ],
          [
            177.635732,
            -17.4446042
          ],
          [
            177.6355952,
            -17.4446042
          ],
          [
            177.6353243,
            -17.4446375
          ],
          [
            177.6352049,
            -17.4446707
          ],
          [
            177.6350158,
            -17.4447565
          ],
          [
            177.6345773,
            -17.4449292
          ],
          [
            177.634344,
            -17.4450942
          ],
          [
            177.6341455,
            -17.4452861
          ],
          [
            177.6340114,
            -17.4453885
          ],
          [
            177.6339135,
            -17.4454768
          ],
          [
            177.6337887,
            -17.4455625
          ],
          [
            177.6337485,
            -17.4456201
          ],
          [
            177.6336385,
            -17.4457902
          ],
          [
            177.6334293,
            -17.4461715
          ],
          [
            177.6333435,
            -17.4463903
          ],
          [
            177.6332214,
            -17.4467511
          ],
          [
            177.6331423,
            -17.4470607
          ],
          [
            177.6331048,
            -17.4474112
          ],
          [
            177.633094,
            -17.4478104
          ],
          [
            177.6331021,
            -17.448161
          ],
          [
            177.6331061,
            -17.4485358
          ],
          [
            177.6331544,
            -17.4488173
          ],
          [
            177.633267,
            -17.449045
          ],
          [
            177.6335728,
            -17.449393
          ],
          [
            177.6339671,
            -17.4497205
          ],
          [
            177.634466,
            -17.4500813
          ],
          [
            177.6351204,
            -17.4504421
          ],
          [
            177.6362872,
            -17.4509206
          ],
          [
            177.637134,
            -17.4511902
          ],
          [
            177.6378295,
            -17.4513812
          ],
          [
            177.6387495,
            -17.4515424
          ],
          [
            177.639235,
            -17.4516626
          ],
          [
            177.6394576,
            -17.451742
          ],
          [
            177.6400584,
            -17.4519364
          ],
          [
            177.6407322,
            -17.4521347
          ],
          [
            177.641252,
            -17.4522639
          ],
          [
            177.6416033,
            -17.45231
          ],
          [
            177.6420566,
            -17.4523254
          ],
          [
            177.6423731,
            -17.4522767
          ],
          [
            177.6425636,
            -17.4521232
          ],
          [
            177.6426467,
            -17.4520285
          ],
          [
            177.6428452,
            -17.4517778
          ],
          [
            177.6431107,
            -17.4514451
          ],
          [
            177.643505,
            -17.4506468
          ],
          [
            177.6435855,
            -17.4503167
          ],
          [
            177.6435587,
            -17.4500685
          ],
          [
            177.643459,
            -17.4495991
          ],
          [
            177.6430973,
            -17.4488659
          ],
          [
            177.6426387,
            -17.4483183
          ]
        ]
      },
      "id": "way/323644147"
    },
    {
      "type": "Feature",
      "properties": {
        "@id": "way/323644148",
        "natural": "coastline"
      },
      "geometry": {
        "type": "LineString",
        "coordinates": [
          [
            177.3844201,
            -17.6789132
          ],
          [
            177.3841978,
            -17.6789859
          ],
          [
            177.3839487,
            -17.6790383
          ],
          [
            177.383499,
            -17.6791007
          ],
          [
            177.3833924,
            -17.6791467
          ],
          [
            177.3833207,
            -17.6792551
          ],
          [
            177.3833115,
            -17.6793967
          ],
          [
            177.383374,
            -17.6794831
          ],
          [
            177.3834567,
            -17.6794941
          ],
          [
            177.3836498,
            -17.6794371
          ],
          [
            177.3838097,
            -17.6794114
          ],
          [
            177.3841167,
            -17.67945
          ],
          [
            177.3845635,
            -17.6795622
          ],
          [
            177.3846517,
            -17.679553
          ],
          [
            177.3846788,
            -17.6795111
          ],
          [
            177.384671,
            -17.6794513
          ],
          [
            177.3846463,
            -17.6794162
          ],
          [
            177.3846138,
            -17.6794006
          ],
          [
            177.3844214,
            -17.6794227
          ],
          [
            177.3844019,
            -17.6794058
          ],
          [
            177.3844058,
            -17.6793759
          ],
          [
            177.3846281,
            -17.6793343
          ],
          [
            177.3846372,
            -17.6792992
          ],
          [
            177.3846255,
            -17.6792654
          ],
          [
            177.384593,
            -17.6792589
          ],
          [
            177.3844292,
            -17.6792992
          ],
          [
            177.3844019,
            -17.6792888
          ],
          [
            177.3843941,
            -17.6792654
          ],
          [
            177.3844071,
            -17.6792459
          ],
          [
            177.3845865,
            -17.6792069
          ],
          [
            177.3845943,
            -17.67919
          ],
          [
            177.3845902,
            -17.679172
          ],
          [
            177.3845852,
            -17.6791497
          ],
          [
            177.3845553,
            -17.6791328
          ],
          [
            177.3843668,
            -17.67919
          ],
          [
            177.3843551,
            -17.6791705
          ],
          [
            177.3843551,
            -17.6791536
          ],
          [
            177.3843759,
            -17.6791341
          ],
          [
            177.3845072,
            -17.6790769
          ],
          [
            177.3845085,
            -17.6790535
          ],
          [
            177.3844929,
            -17.6790314
          ],
          [
            177.3844682,
            -17.679021
          ],
          [
            177.3843252,
            -17.6790626
          ],
          [
            177.3843122,
            -17.679047
          ],
          [
            177.3843382,
            -17.6790236
          ],
          [
            177.3844487,
            -17.6789716
          ],
          [
            177.3844552,
            -17.6789495
          ],
          [
            177.3844383,
            -17.67893
          ],
          [
            177.3844201,
            -17.6789132
          ]
        ]
      },
      "id": "way/323644148"
    },
    {
      "type": "Feature",
      "properties": {
        "@id": "way/399977479",
        "natural": "coastline"
      },
      "geometry": {
        "type": "LineString",
        "coordinates": [
          [
            177.5069082,
            -17.5724108
          ],
          [
            177.506066,
            -17.5727432
          ],
          [
            177.5036386,
            -17.5737558
          ],
          [
            177.5034428,
            -17.5738453
          ],
          [
            177.5033542,
            -17.573945
          ],
          [
            177.4994624,
            -17.5789695
          ],
          [
            177.4993256,
            -17.5791152
          ],
          [
            177.497845,
            -17.5793556
          ],
          [
            177.4952888,
            -17.5797238
          ],
          [
            177.4936607,
            -17.5798925
          ],
          [
            177.4934167,
            -17.5799769
          ],
          [
            177.4931377,
            -17.5807261
          ],
          [
            177.493009,
            -17.580992
          ],
          [
            177.4929017,
            -17.581015
          ],
          [
            177.4927488,
            -17.5809281
          ],
          [
            177.4922687,
            -17.5805599
          ],
          [
            177.4921024,
            -17.5805267
          ],
          [
            177.491861,
            -17.5805164
          ],
          [
            177.491456,
            -17.5806059
          ],
          [
            177.4913272,
            -17.5807057
          ],
          [
            177.4911502,
            -17.5807082
          ],
          [
            177.4908176,
            -17.580698
          ],
          [
            177.4906996,
            -17.58079
          ],
          [
            177.4904448,
            -17.5809307
          ],
          [
            177.4901497,
            -17.5809844
          ],
          [
            177.4898171,
            -17.5809562
          ],
          [
            177.4896133,
            -17.5810508
          ],
          [
            177.4895114,
            -17.5814037
          ],
          [
            177.4894631,
            -17.5815571
          ],
          [
            177.4894202,
            -17.581777
          ],
          [
            177.4895596,
            -17.5820071
          ],
          [
            177.4897957,
            -17.5821196
          ],
          [
            177.4900371,
            -17.5820889
          ],
          [
            177.4902517,
            -17.5821299
          ],
          [
            177.4907291,
            -17.5824162
          ],
          [
            177.4910617,
            -17.5825543
          ],
          [
            177.4915338,
            -17.582677
          ],
          [
            177.4919039,
            -17.582677
          ],
          [
            177.4920487,
            -17.5825901
          ],
          [
            177.4921828,
            -17.5825748
          ],
          [
            177.4922901,
            -17.5826873
          ],
          [
            177.4923813,
            -17.5828714
          ],
          [
            177.4924256,
            -17.5830312
          ],
          [
            177.4924618,
            -17.5831015
          ],
          [
            177.4925423,
            -17.5840424
          ],
          [
            177.4926013,
            -17.5850856
          ],
          [
            177.4925905,
            -17.5857709
          ],
          [
            177.4924511,
            -17.5859345
          ],
          [
            177.492274,
            -17.586047
          ],
          [
            177.4920487,
            -17.5860265
          ],
          [
            177.4917966,
            -17.5859907
          ],
          [
            177.4917224,
            -17.5860592
          ],
          [
            177.4924265,
            -17.587309
          ],
          [
            177.4920218,
            -17.5883258
          ],
          [
            177.491967,
            -17.5886754
          ],
          [
            177.4912671,
            -17.5888844
          ],
          [
            177.4909004,
            -17.5890572
          ],
          [
            177.490386,
            -17.5895394
          ],
          [
            177.4900492,
            -17.5898034
          ],
          [
            177.489887,
            -17.5900823
          ],
          [
            177.489557,
            -17.5902581
          ],
          [
            177.4894685,
            -17.5903859
          ],
          [
            177.4893746,
            -17.5904729
          ],
          [
            177.4891841,
            -17.5905649
          ],
          [
            177.4889508,
            -17.5905726
          ],
          [
            177.4887121,
            -17.5904933
          ],
          [
            177.4884492,
            -17.5904064
          ],
          [
            177.48813,
            -17.5903169
          ],
          [
            177.487902,
            -17.5902325
          ],
          [
            177.4877197,
            -17.5902521
          ]
        ]
      },
      "id": "way/399977479"
    },
    {
      "type": "Feature",
      "properties": {
        "@id": "way/400086185",
        "natural": "coastline"
      },
      "geometry": {
        "type": "LineString",
        "coordinates": [
          [
            177.3877726,
            -17.6574661
          ],
          [
            177.3879133,
            -17.6575815
          ],
          [
            177.3882524,
            -17.658
          ],
          [
            177.3885914,
            -17.6583282
          ],
          [
            177.3887285,
            -17.6582164
          ],
          [
            177.3887646,
            -17.6581515
          ],
          [
            177.3886275,
            -17.6580072
          ],
          [
            177.3885662,
            -17.6578665
          ],
          [
            177.388458,
            -17.6577042
          ],
          [
            177.3882776,
            -17.6575924
          ],
          [
            177.3873866,
            -17.6567338
          ],
          [
            177.3872856,
            -17.656539
          ],
          [
            177.3870511,
            -17.6561639
          ],
          [
            177.3872928,
            -17.6560052
          ],
          [
            177.3875958,
            -17.6561639
          ],
          [
            177.3876427,
            -17.6564092
          ],
          [
            177.387769,
            -17.6565102
          ],
          [
            177.3882127,
            -17.6564561
          ],
          [
            177.3890856,
            -17.6572352
          ],
          [
            177.3894716,
            -17.6577222
          ],
          [
            177.3898215,
            -17.6582164
          ],
          [
            177.390139,
            -17.6583896
          ],
          [
            177.3905574,
            -17.6584292
          ],
          [
            177.390745,
            -17.6588188
          ],
          [
            177.3906236,
            -17.6591274
          ],
          [
            177.3909701,
            -17.6593868
          ],
          [
            177.3912628,
            -17.6596579
          ],
          [
            177.3915718,
            -17.6599446
          ],
          [
            177.3917344,
            -17.6601615
          ],
          [
            177.3918564,
            -17.66027
          ],
          [
            177.3919621,
            -17.6602855
          ],
          [
            177.3921166,
            -17.6603165
          ],
          [
            177.3921816,
            -17.6604017
          ],
          [
            177.3923457,
            -17.6605179
          ],
          [
            177.3924208,
            -17.6605614
          ],
          [
            177.3925361,
            -17.6606125
          ],
          [
            177.3927051,
            -17.6606789
          ],
          [
            177.3928338,
            -17.6606764
          ],
          [
            177.3929331,
            -17.6607019
          ],
          [
            177.3929894,
            -17.6608093
          ],
          [
            177.393263,
            -17.6617345
          ],
          [
            177.3935567,
            -17.6625855
          ],
          [
            177.3938209,
            -17.6632884
          ]
        ]
      },
      "id": "way/400086185"
    },
    {
      "type": "Feature",
      "properties": {
        "@id": "way/706888297",
        "natural": "coastline"
      },
      "geometry": {
        "type": "LineString",
        "coordinates": [
          [
            177.471385,
            -17.5373298
          ],
          [
            177.4712374,
            -17.5373298
          ],
          [
            177.4711489,
            -17.5373502
          ],
          [
            177.4709907,
            -17.5374116
          ],
          [
            177.4708888,
            -17.5374909
          ],
          [
            177.4708539,
            -17.5375881
          ],
          [
            177.4708995,
            -17.5376929
          ],
          [
            177.4709183,
            -17.5377952
          ],
          [
            177.4709625,
            -17.5378835
          ],
          [
            177.4709974,
            -17.5379308
          ],
          [
            177.471098,
            -17.5379704
          ],
          [
            177.4712348,
            -17.5380267
          ],
          [
            177.4713219,
            -17.5380587
          ],
          [
            177.4714145,
            -17.5380612
          ],
          [
            177.4715861,
            -17.5380996
          ],
          [
            177.4716626,
            -17.5381149
          ],
          [
            177.471853,
            -17.5381418
          ],
          [
            177.4719469,
            -17.538129
          ],
          [
            177.4720139,
            -17.5381201
          ],
          [
            177.472026,
            -17.538106
          ],
          [
            177.4720193,
            -17.5380561
          ],
          [
            177.4719858,
            -17.538028
          ],
          [
            177.4719657,
            -17.5379947
          ],
          [
            177.4719858,
            -17.5379461
          ],
          [
            177.4720274,
            -17.537927
          ],
          [
            177.4720756,
            -17.5379257
          ],
          [
            177.4721641,
            -17.5379257
          ],
          [
            177.4722446,
            -17.5379039
          ],
          [
            177.4722674,
            -17.5378605
          ],
          [
            177.4722473,
            -17.5378208
          ],
          [
            177.4721923,
            -17.5378042
          ],
          [
            177.4721105,
            -17.5377761
          ],
          [
            177.4721025,
            -17.5377441
          ],
          [
            177.4721132,
            -17.5377147
          ],
          [
            177.4721923,
            -17.5376738
          ],
          [
            177.4723827,
            -17.5376265
          ],
          [
            177.4724847,
            -17.5375651
          ],
          [
            177.4724954,
            -17.5375165
          ],
          [
            177.4724552,
            -17.5374525
          ],
          [
            177.4723586,
            -17.5373988
          ],
          [
            177.472136,
            -17.5373758
          ],
          [
            177.4718704,
            -17.5374167
          ],
          [
            177.4717176,
            -17.5374449
          ],
          [
            177.4715674,
            -17.5374372
          ],
          [
            177.4714842,
            -17.537386
          ],
          [
            177.471385,
            -17.5373298
          ]
        ]
      },
      "id": "way/706888297"
    },
    {
      "type": "Feature",
      "properties": {
        "@id": "way/918451650",
        "natural": "coastline"
      },
      "geometry": {
        "type": "LineString",
        "coordinates": [
          [
            177.5815568,
            -17.4902909
          ],
          [
            177.581436,
            -17.4906589
          ],
          [
            177.5812536,
            -17.4911577
          ],
          [
            177.5811088,
            -17.4917282
          ],
          [
            177.5809264,
            -17.4921324
          ],
          [
            177.580795,
            -17.4922066
          ],
          [
            177.5806314,
            -17.4922629
          ],
          [
            177.5804275,
            -17.4923192
          ]
        ]
      },
      "id": "way/918451650"
    },
    {
      "type": "Feature",
      "properties": {
        "@id": "way/918451653",
        "natural": "coastline"
      },
      "geometry": {
        "type": "LineString",
        "coordinates": [
          [
            177.4794914,
            -17.595744
          ],
          [
            177.479498,
            -17.5958173
          ],
          [
            177.4792121,
            -17.5959117
          ],
          [
            177.4786721,
            -17.5961091
          ],
          [
            177.4783415,
            -17.5962284
          ],
          [
            177.4783112,
            -17.596169
          ],
          [
            177.4782059,
            -17.5961891
          ],
          [
            177.4781617,
            -17.5962815
          ],
          [
            177.4777067,
            -17.5964461
          ],
          [
            177.4773022,
            -17.5965706
          ],
          [
            177.4771421,
            -17.5966108
          ],
          [
            177.47698,
            -17.5966449
          ],
          [
            177.4769252,
            -17.5967152
          ],
          [
            177.4765839,
            -17.5968517
          ],
          [
            177.4760868,
            -17.5970384
          ],
          [
            177.4758383,
            -17.5971127
          ],
          [
            177.4757802,
            -17.5971325
          ],
          [
            177.4756936,
            -17.5971239
          ],
          [
            177.4755559,
            -17.5971861
          ],
          [
            177.4755215,
            -17.597262
          ],
          [
            177.475261,
            -17.5973502
          ],
          [
            177.4750501,
            -17.5974487
          ],
          [
            177.4746907,
            -17.5975307
          ],
          [
            177.4742087,
            -17.5977215
          ],
          [
            177.4740688,
            -17.5978077
          ],
          [
            177.473817,
            -17.5979184
          ],
          [
            177.4733371,
            -17.5980313
          ],
          [
            177.4731418,
            -17.5981303
          ],
          [
            177.4729809,
            -17.598161
          ],
          [
            177.4728709,
            -17.5982147
          ],
          [
            177.4727932,
            -17.5982709
          ],
          [
            177.4725169,
            -17.5983681
          ],
          [
            177.4723155,
            -17.5984477
          ],
          [
            177.4722757,
            -17.5984685
          ],
          [
            177.4721979,
            -17.5984961
          ],
          [
            177.4718946,
            -17.5986109
          ],
          [
            177.471495,
            -17.5987285
          ],
          [
            177.4707869,
            -17.5990277
          ],
          [
            177.470441,
            -17.5991559
          ],
          [
            177.4697683,
            -17.5994228
          ],
          [
            177.4687913,
            -17.5997709
          ],
          [
            177.4686635,
            -17.5998
          ],
          [
            177.4676284,
            -17.5996813
          ],
          [
            177.4662471,
            -17.5995419
          ],
          [
            177.4665759,
            -17.5994778
          ],
          [
            177.4666643,
            -17.5990165
          ],
          [
            177.4671872,
            -17.5987999
          ],
          [
            177.4672423,
            -17.5986642
          ],
          [
            177.4671464,
            -17.5984328
          ],
          [
            177.4671355,
            -17.5982818
          ],
          [
            177.4670229,
            -17.5981822
          ],
          [
            177.4670992,
            -17.5979124
          ],
          [
            177.4671105,
            -17.5978096
          ],
          [
            177.4673516,
            -17.5978328
          ],
          [
            177.4674205,
            -17.5977668
          ],
          [
            177.4673112,
            -17.5975868
          ],
          [
            177.4673642,
            -17.5970778
          ],
          [
            177.4672793,
            -17.5969868
          ],
          [
            177.4672051,
            -17.5967402
          ],
          [
            177.4668169,
            -17.5966015
          ],
          [
            177.4666802,
            -17.596657
          ],
          [
            177.4665379,
            -17.5968049
          ],
          [
            177.4663116,
            -17.5966933
          ],
          [
            177.4662068,
            -17.596448
          ],
          [
            177.4659526,
            -17.5964329
          ],
          [
            177.4658774,
            -17.5961879
          ],
          [
            177.465797,
            -17.5961422
          ],
          [
            177.4656032,
            -17.5962542
          ],
          [
            177.4654761,
            -17.5964026
          ],
          [
            177.4650363,
            -17.5964296
          ],
          [
            177.4644859,
            -17.5971182
          ],
          [
            177.4648737,
            -17.5975477
          ],
          [
            177.4639599,
            -17.5981031
          ],
          [
            177.4639188,
            -17.5981281
          ],
          [
            177.4625225,
            -17.5987647
          ],
          [
            177.4625659,
            -17.5993498
          ],
          [
            177.4625605,
            -17.5994674
          ],
          [
            177.4624921,
            -17.5995531
          ],
          [
            177.4624103,
            -17.5996259
          ],
          [
            177.4623205,
            -17.5996643
          ],
          [
            177.4622253,
            -17.599686
          ],
          [
            177.4621381,
            -17.5996924
          ],
          [
            177.462067,
            -17.5996745
          ],
          [
            177.4619651,
            -17.5997103
          ],
          [
            177.4618712,
            -17.599787
          ],
          [
            177.4617478,
            -17.5998944
          ],
          [
            177.4616486,
            -17.5998893
          ],
          [
            177.4615064,
            -17.6000478
          ],
          [
            177.4613589,
            -17.600214
          ],
          [
            177.4612918,
            -17.6002983
          ],
          [
            177.461198,
            -17.600462
          ],
          [
            177.4611846,
            -17.6005924
          ],
          [
            177.4612972,
            -17.6007151
          ],
          [
            177.4614233,
            -17.6007483
          ],
          [
            177.461434,
            -17.6008506
          ],
          [
            177.4613562,
            -17.6012136
          ],
          [
            177.4613267,
            -17.6014003
          ],
          [
            177.4612758,
            -17.6015715
          ],
          [
            177.461257,
            -17.6016355
          ],
          [
            177.461037,
            -17.601638
          ],
          [
            177.4609861,
            -17.6015358
          ],
          [
            177.460919,
            -17.601229
          ],
          [
            177.4608788,
            -17.6010244
          ],
          [
            177.46086,
            -17.6008864
          ],
          [
            177.4609056,
            -17.6007048
          ],
          [
            177.4609834,
            -17.6006128
          ],
          [
            177.4610102,
            -17.6004747
          ],
          [
            177.4610102,
            -17.6003316
          ],
          [
            177.4610102,
            -17.6002625
          ],
          [
            177.4609212,
            -17.6002431
          ],
          [
            177.4608741,
            -17.6002329
          ],
          [
            177.4614566,
            -17.598549
          ],
          [
            177.4616074,
            -17.5980743
          ],
          [
            177.4616999,
            -17.597938
          ],
          [
            177.4617785,
            -17.5976263
          ],
          [
            177.4619085,
            -17.5974389
          ],
          [
            177.462049,
            -17.5973605
          ],
          [
            177.4620931,
            -17.5972152
          ],
          [
            177.4621051,
            -17.5970049
          ],
          [
            177.4620391,
            -17.5969439
          ],
          [
            177.4621172,
            -17.5967394
          ],
          [
            177.4622056,
            -17.5963859
          ],
          [
            177.4625177,
            -17.5955225
          ],
          [
            177.4616792,
            -17.595635
          ]
        ]
      },
      "id": "way/918451653"
    },
    {
      "type": "Feature",
      "properties": {
        "@id": "way/918451655",
        "natural": "coastline"
      },
      "geometry": {
        "type": "LineString",
        "coordinates": [
          [
            177.4875718,
            -17.5907861
          ],
          [
            177.4874997,
            -17.5909024
          ],
          [
            177.4870545,
            -17.5910993
          ],
          [
            177.4867809,
            -17.5912782
          ],
          [
            177.4865878,
            -17.5914828
          ],
          [
            177.4865019,
            -17.5916362
          ],
          [
            177.4862927,
            -17.5918663
          ],
          [
            177.4860889,
            -17.5921731
          ],
          [
            177.4857777,
            -17.5924032
          ],
          [
            177.4854666,
            -17.5925771
          ],
          [
            177.4852735,
            -17.5927203
          ],
          [
            177.4849623,
            -17.5930066
          ],
          [
            177.4847746,
            -17.5932214
          ],
          [
            177.4847692,
            -17.5935282
          ],
          [
            177.4846995,
            -17.5937378
          ],
          [
            177.4844474,
            -17.5939219
          ],
          [
            177.4809229,
            -17.5952156
          ],
          [
            177.4794914,
            -17.595744
          ]
        ]
      },
      "id": "way/918451655"
    },
    {
      "type": "Feature",
      "properties": {
        "@id": "way/918451656",
        "natural": "coastline"
      },
      "geometry": {
        "type": "LineString",
        "coordinates": [
          [
            177.4877197,
            -17.5902521
          ],
          [
            177.4876488,
            -17.5905082
          ],
          [
            177.4875718,
            -17.5907861
          ]
        ]
      },
      "id": "way/918451656"
    },
    {
      "type": "Feature",
      "properties": {
        "@id": "way/918451658",
        "natural": "coastline"
      },
      "geometry": {
        "type": "LineString",
        "coordinates": [
          [
            177.4616792,
            -17.595635
          ],
          [
            177.4614671,
            -17.595657
          ],
          [
            177.4605696,
            -17.5958322
          ],
          [
            177.460494,
            -17.5960395
          ],
          [
            177.4603231,
            -17.5965032
          ],
          [
            177.4599784,
            -17.5966359
          ],
          [
            177.4597332,
            -17.5968542
          ],
          [
            177.4596122,
            -17.5973211
          ],
          [
            177.4595389,
            -17.597604
          ],
          [
            177.4592654,
            -17.5978101
          ],
          [
            177.4588845,
            -17.5981105
          ],
          [
            177.4586418,
            -17.5982792
          ],
          [
            177.4584473,
            -17.5983521
          ],
          [
            177.458383,
            -17.598347
          ],
          [
            177.4583414,
            -17.5983815
          ],
          [
            177.4582247,
            -17.5985438
          ],
          [
            177.4581737,
            -17.598811
          ],
          [
            177.4580933,
            -17.5990091
          ],
          [
            177.4580678,
            -17.5990616
          ],
          [
            177.4580477,
            -17.5991715
          ],
          [
            177.4579458,
            -17.5992904
          ],
          [
            177.4578868,
            -17.5992482
          ],
          [
            177.4578463,
            -17.5992594
          ],
          [
            177.4579029,
            -17.5993582
          ],
          [
            177.4578544,
            -17.5993762
          ],
          [
            177.457849,
            -17.5994686
          ],
          [
            177.4578854,
            -17.5994968
          ],
          [
            177.4577615,
            -17.5994943
          ],
          [
            177.457748,
            -17.5995225
          ],
          [
            177.4578408,
            -17.5997888
          ],
          [
            177.4578583,
            -17.6000433
          ],
          [
            177.4575301,
            -17.6002796
          ],
          [
            177.4571234,
            -17.6004381
          ],
          [
            177.4564999,
            -17.6005507
          ],
          [
            177.4565056,
            -17.6005941
          ],
          [
            177.4562132,
            -17.6008325
          ],
          [
            177.4558363,
            -17.6009848
          ],
          [
            177.4553792,
            -17.6011093
          ],
          [
            177.4549265,
            -17.6013524
          ],
          [
            177.4545092,
            -17.6015259
          ],
          [
            177.4539703,
            -17.6016376
          ],
          [
            177.4537799,
            -17.6012345
          ],
          [
            177.4535904,
            -17.6008332
          ],
          [
            177.4526829,
            -17.6012152
          ],
          [
            177.4527212,
            -17.6012791
          ],
          [
            177.4527694,
            -17.6013109
          ],
          [
            177.4530593,
            -17.601932
          ],
          [
            177.4530833,
            -17.602069
          ],
          [
            177.4529381,
            -17.6021455
          ],
          [
            177.4527232,
            -17.6020592
          ],
          [
            177.4525385,
            -17.6020389
          ],
          [
            177.4519345,
            -17.6022624
          ],
          [
            177.4514542,
            -17.6017389
          ],
          [
            177.4509095,
            -17.6019611
          ],
          [
            177.4507282,
            -17.6020421
          ],
          [
            177.4505948,
            -17.6018611
          ],
          [
            177.4479249,
            -17.6030099
          ],
          [
            177.4464646,
            -17.6034544
          ],
          [
            177.4463249,
            -17.6032344
          ],
          [
            177.4462411,
            -17.6030699
          ],
          [
            177.4455719,
            -17.6030579
          ],
          [
            177.4446134,
            -17.6003782
          ],
          [
            177.4445494,
            -17.600399
          ],
          [
            177.4455086,
            -17.6030808
          ],
          [
            177.4457296,
            -17.6036986
          ],
          [
            177.4430152,
            -17.6045916
          ],
          [
            177.4427776,
            -17.6046166
          ],
          [
            177.442607,
            -17.6045027
          ],
          [
            177.442308,
            -17.6036472
          ],
          [
            177.4422653,
            -17.6035943
          ],
          [
            177.4416029,
            -17.602772
          ],
          [
            177.4414529,
            -17.6028085
          ],
          [
            177.4412665,
            -17.6028499
          ],
          [
            177.4403096,
            -17.6035976
          ],
          [
            177.439534,
            -17.6042243
          ]
        ]
      },
      "id": "way/918451658"
    },
    {
      "type": "Feature",
      "properties": {
        "@id": "way/918451659",
        "natural": "coastline"
      },
      "geometry": {
        "type": "LineString",
        "coordinates": [
          [
            177.5061701,
            -17.5671718
          ],
          [
            177.5063691,
            -17.5674705
          ],
          [
            177.506412,
            -17.5677825
          ],
          [
            177.5064415,
            -17.5679896
          ],
          [
            177.5064629,
            -17.5681635
          ],
          [
            177.5064924,
            -17.5683374
          ],
          [
            177.5065729,
            -17.5685522
          ],
          [
            177.5066614,
            -17.5687158
          ],
          [
            177.5067204,
            -17.5688539
          ],
          [
            177.506699,
            -17.5691454
          ],
          [
            177.5067043,
            -17.569373
          ],
          [
            177.5067204,
            -17.5696338
          ],
          [
            177.5067231,
            -17.5697923
          ],
          [
            177.5068223,
            -17.5699995
          ],
          [
            177.5069404,
            -17.5701555
          ],
          [
            177.507053,
            -17.5702859
          ],
          [
            177.5071844,
            -17.5704265
          ],
          [
            177.5073293,
            -17.5705058
          ],
          [
            177.5076994,
            -17.5706208
          ],
          [
            177.507965,
            -17.570741
          ],
          [
            177.50734,
            -17.571728
          ],
          [
            177.5072113,
            -17.5718866
          ],
          [
            177.5071362,
            -17.5719812
          ],
          [
            177.5070772,
            -17.5720375
          ],
          [
            177.5070932,
            -17.5721244
          ],
          [
            177.5070959,
            -17.5721985
          ],
          [
            177.5070369,
            -17.5722625
          ],
          [
            177.5069082,
            -17.5724108
          ]
        ]
      },
      "id": "way/918451659"
    },
    {
      "type": "Feature",
      "properties": {
        "@id": "way/918451661",
        "natural": "coastline"
      },
      "geometry": {
        "type": "LineString",
        "coordinates": [
          [
            177.5041053,
            -17.5617297
          ],
          [
            177.5042657,
            -17.562074
          ],
          [
            177.5046861,
            -17.5635003
          ],
          [
            177.5055115,
            -17.5663001
          ],
          [
            177.5058333,
            -17.5663686
          ],
          [
            177.5060211,
            -17.5669062
          ],
          [
            177.506209,
            -17.566971
          ],
          [
            177.5061701,
            -17.5671718
          ]
        ]
      },
      "id": "way/918451661"
    },
    {
      "type": "Feature",
      "properties": {
        "@id": "way/918451664",
        "natural": "coastline"
      },
      "geometry": {
        "type": "LineString",
        "coordinates": [
          [
            177.504572,
            -17.5524673
          ],
          [
            177.5043064,
            -17.5524954
          ],
          [
            177.5041831,
            -17.5525824
          ],
          [
            177.5040168,
            -17.5527179
          ],
          [
            177.503837,
            -17.5528662
          ],
          [
            177.5034428,
            -17.5531552
          ],
          [
            177.503247,
            -17.5532549
          ],
          [
            177.503145,
            -17.5533521
          ],
          [
            177.503078,
            -17.5535107
          ],
          [
            177.5028849,
            -17.5540809
          ],
          [
            177.5026059,
            -17.5548098
          ],
          [
            177.5023243,
            -17.5554133
          ],
          [
            177.5022089,
            -17.5557841
          ],
          [
            177.5021955,
            -17.5559733
          ],
          [
            177.5022411,
            -17.5562061
          ],
          [
            177.5023752,
            -17.5567431
          ],
          [
            177.5025737,
            -17.5574668
          ],
          [
            177.5027212,
            -17.557899
          ],
          [
            177.5029385,
            -17.5587582
          ],
          [
            177.5032228,
            -17.559753
          ],
          [
            177.503365,
            -17.560336
          ],
          [
            177.5035205,
            -17.5608295
          ],
          [
            177.5036949,
            -17.5611339
          ],
          [
            177.5038049,
            -17.5613129
          ],
          [
            177.5039658,
            -17.5615046
          ],
          [
            177.5040194,
            -17.561589
          ],
          [
            177.5040731,
            -17.5616709
          ],
          [
            177.5041053,
            -17.5617297
          ]
        ]
      },
      "id": "way/918451664"
    },
    {
      "type": "Feature",
      "properties": {
        "@id": "way/918451665",
        "natural": "coastline"
      },
      "geometry": {
        "type": "LineString",
        "coordinates": [
          [
            177.5047892,
            -17.5525031
          ],
          [
            177.504572,
            -17.5524673
          ]
        ]
      },
      "id": "way/918451665"
    },
    {
      "type": "Feature",
      "properties": {
        "@id": "way/918451666",
        "natural": "coastline"
      },
      "geometry": {
        "type": "LineString",
        "coordinates": [
          [
            177.5052194,
            -17.5345165
          ],
          [
            177.5055242,
            -17.5352147
          ],
          [
            177.5054973,
            -17.5354602
          ],
          [
            177.5055778,
            -17.5357083
          ],
          [
            177.5055483,
            -17.5358464
          ],
          [
            177.5054866,
            -17.5359666
          ],
          [
            177.5055376,
            -17.5363017
          ],
          [
            177.5055349,
            -17.5365165
          ],
          [
            177.5054625,
            -17.5367288
          ],
          [
            177.5055134,
            -17.5369718
          ],
          [
            177.5055027,
            -17.5372991
          ],
          [
            177.5055698,
            -17.5375242
          ],
          [
            177.5056583,
            -17.5377748
          ],
          [
            177.5058353,
            -17.5378925
          ],
          [
            177.5059131,
            -17.5381431
          ],
          [
            177.505956,
            -17.5383042
          ],
          [
            177.5060016,
            -17.5386904
          ],
          [
            177.5059774,
            -17.5390076
          ],
          [
            177.5059748,
            -17.5391994
          ],
          [
            177.5059801,
            -17.5396444
          ],
          [
            177.505956,
            -17.5401994
          ],
          [
            177.506015,
            -17.5405011
          ],
          [
            177.5061196,
            -17.5407313
          ],
          [
            177.5061357,
            -17.5410561
          ],
          [
            177.5060901,
            -17.5414858
          ],
          [
            177.5060123,
            -17.5417032
          ],
          [
            177.5059479,
            -17.541987
          ],
          [
            177.505964,
            -17.5421047
          ],
          [
            177.5059667,
            -17.5423988
          ],
          [
            177.5058702,
            -17.5425727
          ],
          [
            177.5059533,
            -17.5428003
          ],
          [
            177.5061223,
            -17.5430228
          ],
          [
            177.5062054,
            -17.5431507
          ],
          [
            177.506243,
            -17.5433783
          ],
          [
            177.506192,
            -17.5435522
          ],
          [
            177.5061813,
            -17.5438872
          ],
          [
            177.5062001,
            -17.5440279
          ],
          [
            177.5064227,
            -17.5441455
          ],
          [
            177.5065568,
            -17.5441967
          ],
          [
            177.5066775,
            -17.5442836
          ],
          [
            177.5067607,
            -17.5444524
          ],
          [
            177.506597,
            -17.5446366
          ],
          [
            177.5064871,
            -17.5447363
          ],
          [
            177.506656,
            -17.5449767
          ],
          [
            177.5069377,
            -17.5450637
          ],
          [
            177.5071201,
            -17.5451174
          ],
          [
            177.5072703,
            -17.545212
          ],
          [
            177.5073615,
            -17.5453705
          ],
          [
            177.5072971,
            -17.5455547
          ],
          [
            177.5071254,
            -17.5456774
          ],
          [
            177.5070745,
            -17.545859
          ],
          [
            177.5071174,
            -17.5460406
          ],
          [
            177.5072381,
            -17.5461378
          ],
          [
            177.5073239,
            -17.546281
          ],
          [
            177.5074151,
            -17.5464268
          ],
          [
            177.5074124,
            -17.5466774
          ],
          [
            177.5074097,
            -17.546992
          ],
          [
            177.5074473,
            -17.547148
          ],
          [
            177.5075921,
            -17.5474881
          ],
          [
            177.5076726,
            -17.5476185
          ],
          [
            177.5078791,
            -17.547997
          ],
          [
            177.507906,
            -17.5482323
          ],
          [
            177.5078845,
            -17.5485647
          ],
          [
            177.5080508,
            -17.5489023
          ],
          [
            177.5083083,
            -17.5493524
          ],
          [
            177.5085282,
            -17.5496491
          ],
          [
            177.5087321,
            -17.5498895
          ],
          [
            177.5087321,
            -17.5501963
          ],
          [
            177.5087106,
            -17.5505442
          ],
          [
            177.5086462,
            -17.5508152
          ],
          [
            177.5083727,
            -17.5508868
          ],
          [
            177.5081205,
            -17.5509687
          ],
          [
            177.5080669,
            -17.551163
          ],
          [
            177.5082278,
            -17.55125
          ],
          [
            177.5083244,
            -17.5514085
          ],
          [
            177.5083351,
            -17.5516029
          ],
          [
            177.5084048,
            -17.552053
          ],
          [
            177.5083512,
            -17.5523292
          ],
          [
            177.5082332,
            -17.5525951
          ],
          [
            177.5080293,
            -17.5527946
          ],
          [
            177.5073051,
            -17.5531577
          ],
          [
            177.5067794,
            -17.5533265
          ],
          [
            177.5064951,
            -17.5534595
          ],
          [
            177.5063127,
            -17.5534749
          ],
          [
            177.5061464,
            -17.5534288
          ],
          [
            177.5056153,
            -17.5529276
          ],
          [
            177.5054008,
            -17.5527332
          ],
          [
            177.5052935,
            -17.5526207
          ],
          [
            177.5052237,
            -17.5525542
          ],
          [
            177.5047892,
            -17.5525031
          ]
        ]
      },
      "id": "way/918451666"
    },
    {
      "type": "Feature",
      "properties": {
        "@id": "way/918451668",
        "natural": "coastline"
      },
      "geometry": {
        "type": "LineString",
        "coordinates": [
          [
            177.5143953,
            -17.513342
          ],
          [
            177.5143669,
            -17.5136094
          ],
          [
            177.5143057,
            -17.5137094
          ],
          [
            177.51414,
            -17.5139601
          ],
          [
            177.5136275,
            -17.5145976
          ],
          [
            177.5129088,
            -17.5152442
          ],
          [
            177.5124335,
            -17.5155408
          ],
          [
            177.5119688,
            -17.5159269
          ],
          [
            177.5113982,
            -17.516124
          ],
          [
            177.5108734,
            -17.5163963
          ],
          [
            177.5106417,
            -17.5165927
          ],
          [
            177.5104568,
            -17.5171037
          ],
          [
            177.5103926,
            -17.5176881
          ],
          [
            177.5102632,
            -17.5183481
          ],
          [
            177.5102244,
            -17.518721
          ],
          [
            177.5101095,
            -17.5189141
          ],
          [
            177.5098729,
            -17.5192322
          ],
          [
            177.5096385,
            -17.519358
          ],
          [
            177.5095367,
            -17.5195464
          ],
          [
            177.5093383,
            -17.5201193
          ],
          [
            177.5090781,
            -17.5206974
          ],
          [
            177.5089601,
            -17.5208662
          ],
          [
            177.5088528,
            -17.5209864
          ],
          [
            177.5087294,
            -17.5211296
          ],
          [
            177.5086167,
            -17.5214545
          ],
          [
            177.508437,
            -17.5216974
          ],
          [
            177.5083378,
            -17.5218509
          ],
          [
            177.5081795,
            -17.5222013
          ],
          [
            177.508091,
            -17.522429
          ],
          [
            177.5079408,
            -17.5226643
          ],
          [
            177.5077987,
            -17.5230351
          ],
          [
            177.5076619,
            -17.5232372
          ],
          [
            177.507517,
            -17.5233932
          ],
          [
            177.5073668,
            -17.5235544
          ],
          [
            177.5072756,
            -17.5238101
          ],
          [
            177.5072488,
            -17.5239252
          ],
          [
            177.5071844,
            -17.5240915
          ],
          [
            177.5070316,
            -17.5242577
          ],
          [
            177.5069323,
            -17.5243396
          ],
          [
            177.5068572,
            -17.5243831
          ],
          [
            177.5067599,
            -17.5245322
          ],
          [
            177.5066426,
            -17.5248281
          ],
          [
            177.5065863,
            -17.5252271
          ],
          [
            177.5065675,
            -17.525401
          ],
          [
            177.5065193,
            -17.5256082
          ],
          [
            177.5065085,
            -17.5259791
          ],
          [
            177.5063986,
            -17.5263244
          ],
          [
            177.506066,
            -17.5266236
          ],
          [
            177.5060445,
            -17.5268461
          ],
          [
            177.5060794,
            -17.527061
          ],
          [
            177.5060901,
            -17.5272886
          ],
          [
            177.5060284,
            -17.5275495
          ],
          [
            177.5059023,
            -17.5278539
          ],
          [
            177.5057977,
            -17.5280534
          ],
          [
            177.505779,
            -17.5282759
          ],
          [
            177.5057548,
            -17.5284703
          ],
          [
            177.5057173,
            -17.5286877
          ],
          [
            177.5056207,
            -17.5290534
          ],
          [
            177.5055912,
            -17.5292146
          ],
          [
            177.5054088,
            -17.5297005
          ],
          [
            177.5052573,
            -17.5300829
          ],
          [
            177.5051865,
            -17.5302113
          ],
          [
            177.5050172,
            -17.5306494
          ],
          [
            177.5047892,
            -17.5311942
          ],
          [
            177.5046954,
            -17.5314218
          ],
          [
            177.5045747,
            -17.5318387
          ],
          [
            177.5044781,
            -17.5321149
          ],
          [
            177.5044218,
            -17.5323911
          ],
          [
            177.5044245,
            -17.5326162
          ],
          [
            177.5044486,
            -17.5328029
          ],
          [
            177.5046203,
            -17.5332147
          ],
          [
            177.5046256,
            -17.5335011
          ],
          [
            177.5046712,
            -17.533629
          ],
          [
            177.504741,
            -17.5338208
          ],
          [
            177.5049099,
            -17.5339896
          ],
          [
            177.5050065,
            -17.5341047
          ],
          [
            177.5050896,
            -17.5342198
          ],
          [
            177.5051823,
            -17.5344579
          ],
          [
            177.5052194,
            -17.5345165
          ]
        ]
      },
      "id": "way/918451668"
    },
    {
      "type": "Feature",
      "properties": {
        "@id": "way/918451674",
        "natural": "coastline"
      },
      "geometry": {
        "type": "LineString",
        "coordinates": [
          [
            177.5438717,
            -17.5199428
          ],
          [
            177.5437939,
            -17.5201142
          ],
          [
            177.5435632,
            -17.5204032
          ],
          [
            177.5433943,
            -17.520705
          ],
          [
            177.5432414,
            -17.5209787
          ],
          [
            177.5430858,
            -17.5212294
          ],
          [
            177.542949,
            -17.5214417
          ],
          [
            177.5428605,
            -17.5216002
          ],
          [
            177.5428954,
            -17.5217128
          ],
          [
            177.5430992,
            -17.5219609
          ],
          [
            177.5432548,
            -17.5220939
          ],
          [
            177.5433326,
            -17.5221732
          ],
          [
            177.543346,
            -17.5223113
          ],
          [
            177.5433058,
            -17.5225159
          ],
          [
            177.5432199,
            -17.5225568
          ],
          [
            177.5431153,
            -17.5227359
          ],
          [
            177.5430536,
            -17.5229277
          ],
          [
            177.5429624,
            -17.5231682
          ],
          [
            177.5429088,
            -17.5233165
          ],
          [
            177.5427023,
            -17.5235723
          ],
          [
            177.5424984,
            -17.5238101
          ],
          [
            177.5423133,
            -17.5239457
          ],
          [
            177.5418949,
            -17.5242219
          ],
          [
            177.5416321,
            -17.52447
          ],
          [
            177.5415757,
            -17.5245391
          ],
          [
            177.5414094,
            -17.5245007
          ],
          [
            177.5412351,
            -17.5245468
          ],
          [
            177.5410581,
            -17.5245851
          ],
          [
            177.5409266,
            -17.5246158
          ],
          [
            177.5408998,
            -17.5246823
          ],
          [
            177.5408247,
            -17.5248256
          ],
          [
            177.5406799,
            -17.5249969
          ],
          [
            177.5406182,
            -17.5251248
          ],
          [
            177.5404277,
            -17.5253013
          ],
          [
            177.5401971,
            -17.5254573
          ],
          [
            177.5400925,
            -17.5256312
          ],
          [
            177.5400603,
            -17.5257975
          ],
          [
            177.5398564,
            -17.5259791
          ],
          [
            177.5395989,
            -17.52624
          ],
          [
            177.5394219,
            -17.5263627
          ],
          [
            177.5391215,
            -17.5264267
          ],
          [
            177.5388506,
            -17.5264139
          ],
          [
            177.5384992,
            -17.5263806
          ],
          [
            177.5381774,
            -17.5263193
          ],
          [
            177.538003,
            -17.5263141
          ],
          [
            177.5378501,
            -17.5263704
          ],
          [
            177.5375658,
            -17.5264855
          ]
        ]
      },
      "id": "way/918451674"
    },
    {
      "type": "Feature",
      "properties": {
        "@id": "way/918451675",
        "natural": "coastline"
      },
      "geometry": {
        "type": "LineString",
        "coordinates": [
          [
            177.5513081,
            -17.5118894
          ],
          [
            177.551512,
            -17.5122987
          ],
          [
            177.55141,
            -17.512378
          ],
          [
            177.5513162,
            -17.5124739
          ],
          [
            177.5509849,
            -17.5130801
          ],
          [
            177.5507167,
            -17.5134715
          ],
          [
            177.550647,
            -17.513717
          ],
          [
            177.5505531,
            -17.5138705
          ],
          [
            177.550309,
            -17.5141365
          ],
          [
            177.5502017,
            -17.5142926
          ],
          [
            177.5500837,
            -17.5144026
          ],
          [
            177.5498638,
            -17.5145918
          ],
          [
            177.549676,
            -17.5147837
          ],
          [
            177.5493488,
            -17.5149781
          ],
          [
            177.5492147,
            -17.5151571
          ],
          [
            177.5490591,
            -17.515349
          ],
          [
            177.5488874,
            -17.5155152
          ],
          [
            177.548815,
            -17.5155894
          ],
          [
            177.5485682,
            -17.5158861
          ],
          [
            177.5484717,
            -17.5161649
          ],
          [
            177.54841,
            -17.5163772
          ],
          [
            177.5483054,
            -17.5165102
          ],
          [
            177.5480935,
            -17.5165307
          ],
          [
            177.5479245,
            -17.5166023
          ],
          [
            177.5477368,
            -17.516656
          ],
          [
            177.5475731,
            -17.5165946
          ],
          [
            177.5476161,
            -17.5164872
          ],
          [
            177.5476053,
            -17.5163542
          ],
          [
            177.547549,
            -17.5162365
          ],
          [
            177.5474068,
            -17.5161726
          ],
          [
            177.547203,
            -17.5161726
          ],
          [
            177.5470689,
            -17.5162237
          ],
          [
            177.547034,
            -17.5163312
          ],
          [
            177.5469589,
            -17.5164744
          ],
          [
            177.5469241,
            -17.5166867
          ],
          [
            177.5468865,
            -17.5168325
          ],
          [
            177.5467926,
            -17.5170192
          ],
          [
            177.5467926,
            -17.5171599
          ],
          [
            177.5468382,
            -17.5172699
          ],
          [
            177.5468007,
            -17.5174055
          ],
          [
            177.546798,
            -17.5175027
          ],
          [
            177.5468865,
            -17.5176587
          ],
          [
            177.5469857,
            -17.5177098
          ],
          [
            177.5471494,
            -17.5176766
          ],
          [
            177.5473398,
            -17.5175871
          ],
          [
            177.5474149,
            -17.5175334
          ],
          [
            177.5475758,
            -17.5175768
          ],
          [
            177.5476563,
            -17.5177278
          ],
          [
            177.5476187,
            -17.5179912
          ],
          [
            177.5475463,
            -17.5181754
          ],
          [
            177.5474283,
            -17.5183033
          ],
          [
            177.5473613,
            -17.5184516
          ],
          [
            177.5471091,
            -17.5185949
          ],
          [
            177.5469294,
            -17.5186051
          ],
          [
            177.5467738,
            -17.5186076
          ],
          [
            177.5466049,
            -17.5186639
          ],
          [
            177.5463769,
            -17.5188046
          ],
          [
            177.5462052,
            -17.5189581
          ],
          [
            177.5461408,
            -17.5191473
          ],
          [
            177.5460389,
            -17.5192471
          ],
          [
            177.545878,
            -17.5190425
          ],
          [
            177.5458056,
            -17.5189018
          ],
          [
            177.5457117,
            -17.518843
          ],
          [
            177.5453979,
            -17.5187458
          ],
          [
            177.545312,
            -17.5188327
          ],
          [
            177.5452852,
            -17.5189325
          ],
          [
            177.545296,
            -17.519109
          ],
          [
            177.5453764,
            -17.5192241
          ],
          [
            177.5455105,
            -17.5193238
          ],
          [
            177.5455078,
            -17.5195208
          ],
          [
            177.5452986,
            -17.5196768
          ],
          [
            177.5450894,
            -17.5196231
          ],
          [
            177.5449499,
            -17.5194952
          ],
          [
            177.5447863,
            -17.5193852
          ],
          [
            177.5445798,
            -17.5193673
          ],
          [
            177.544443,
            -17.5193801
          ],
          [
            177.5442499,
            -17.5195464
          ],
          [
            177.5441372,
            -17.5196845
          ],
          [
            177.5440085,
            -17.5198149
          ],
          [
            177.5438717,
            -17.5199428
          ]
        ]
      },
      "id": "way/918451675"
    },
    {
      "type": "Feature",
      "properties": {
        "@id": "way/918451677",
        "natural": "coastline"
      },
      "geometry": {
        "type": "LineString",
        "coordinates": [
          [
            177.5513673,
            -17.5118405
          ],
          [
            177.5513081,
            -17.5118894
          ]
        ]
      },
      "id": "way/918451677"
    },
    {
      "type": "Feature",
      "properties": {
        "@id": "way/918451678",
        "natural": "coastline"
      },
      "geometry": {
        "type": "LineString",
        "coordinates": [
          [
            177.5375658,
            -17.5264855
          ],
          [
            177.5373405,
            -17.526662
          ],
          [
            177.5373405,
            -17.5268359
          ],
          [
            177.5373915,
            -17.5269689
          ],
          [
            177.5372627,
            -17.5272017
          ],
          [
            177.5370482,
            -17.5272784
          ],
          [
            177.5367558,
            -17.5273551
          ],
          [
            177.5365251,
            -17.5274779
          ],
          [
            177.5363454,
            -17.5275904
          ],
          [
            177.536214,
            -17.5277797
          ],
          [
            177.5360718,
            -17.5279613
          ],
          [
            177.5358841,
            -17.5281582
          ],
          [
            177.5358573,
            -17.5283859
          ],
          [
            177.5358734,
            -17.5285675
          ],
          [
            177.5357956,
            -17.5288053
          ],
          [
            177.53575,
            -17.5290176
          ],
          [
            177.5355944,
            -17.5292043
          ],
          [
            177.5353825,
            -17.5293245
          ],
          [
            177.5350338,
            -17.5295573
          ],
          [
            177.5348568,
            -17.52979
          ],
          [
            177.5347871,
            -17.5299614
          ],
          [
            177.5347495,
            -17.5300739
          ],
          [
            177.5343981,
            -17.5303297
          ],
          [
            177.5341889,
            -17.530501
          ],
          [
            177.5339341,
            -17.530611
          ],
          [
            177.5338268,
            -17.5306468
          ],
          [
            177.5337276,
            -17.5306392
          ],
          [
            177.5335157,
            -17.5303911
          ],
          [
            177.5334808,
            -17.530276
          ],
          [
            177.5332099,
            -17.5302325
          ],
          [
            177.5330195,
            -17.5301865
          ],
          [
            177.5328585,
            -17.530143
          ],
          [
            177.5327352,
            -17.5300407
          ],
          [
            177.5325984,
            -17.5300509
          ],
          [
            177.5323838,
            -17.5301404
          ],
          [
            177.5321183,
            -17.5302351
          ],
          [
            177.5317696,
            -17.5303016
          ],
          [
            177.5315818,
            -17.5303987
          ],
          [
            177.5313458,
            -17.5304934
          ],
          [
            177.5311258,
            -17.5305394
          ],
          [
            177.5310078,
            -17.5306161
          ],
          [
            177.5309944,
            -17.5307133
          ],
          [
            177.5308362,
            -17.5307287
          ],
          [
            177.5307852,
            -17.530588
          ],
          [
            177.5307316,
            -17.5304422
          ],
          [
            177.530643,
            -17.5303706
          ],
          [
            177.5305036,
            -17.530345
          ],
          [
            177.5301307,
            -17.5302402
          ],
          [
            177.5299457,
            -17.5301379
          ],
          [
            177.5297847,
            -17.5300739
          ],
          [
            177.5296614,
            -17.5300202
          ],
          [
            177.529479,
            -17.5297133
          ],
          [
            177.5295755,
            -17.5296314
          ],
          [
            177.5296453,
            -17.5294831
          ],
          [
            177.5296667,
            -17.5293296
          ],
          [
            177.5297418,
            -17.5290176
          ],
          [
            177.5297579,
            -17.5288693
          ],
          [
            177.5297981,
            -17.5287465
          ],
          [
            177.5298947,
            -17.5285291
          ],
          [
            177.529892,
            -17.528368
          ],
          [
            177.5298384,
            -17.5282094
          ],
          [
            177.5297472,
            -17.5281071
          ],
          [
            177.5295648,
            -17.5280892
          ],
          [
            177.5294307,
            -17.5281659
          ],
          [
            177.5292966,
            -17.528304
          ],
          [
            177.5291678,
            -17.5285163
          ],
          [
            177.5289667,
            -17.5287388
          ],
          [
            177.5288272,
            -17.5288769
          ],
          [
            177.5287172,
            -17.5291097
          ],
          [
            177.5286475,
            -17.5292376
          ],
          [
            177.5283524,
            -17.5293834
          ],
          [
            177.5281915,
            -17.5293501
          ],
          [
            177.5280547,
            -17.5292376
          ],
          [
            177.5279206,
            -17.529235
          ],
          [
            177.5277033,
            -17.5292836
          ],
          [
            177.5274995,
            -17.5293399
          ],
          [
            177.5272447,
            -17.5293552
          ],
          [
            177.5270542,
            -17.5292606
          ],
          [
            177.5268397,
            -17.5290841
          ],
          [
            177.526601,
            -17.5288539
          ],
          [
            177.526499,
            -17.5287056
          ],
          [
            177.5263354,
            -17.5285854
          ],
          [
            177.526145,
            -17.5284831
          ],
          [
            177.5261235,
            -17.5283808
          ],
          [
            177.5262549,
            -17.5280866
          ],
          [
            177.526322,
            -17.5279255
          ],
          [
            177.5263837,
            -17.5278002
          ],
          [
            177.5265098,
            -17.5274932
          ],
          [
            177.5264856,
            -17.5273014
          ],
          [
            177.5264749,
            -17.5271275
          ],
          [
            177.5264803,
            -17.5270201
          ],
          [
            177.5264052,
            -17.5268999
          ],
          [
            177.5263971,
            -17.5267566
          ],
          [
            177.5263971,
            -17.5266594
          ],
          [
            177.5262281,
            -17.5266543
          ],
          [
            177.5260752,
            -17.5268001
          ],
          [
            177.5258526,
            -17.5268564
          ],
          [
            177.5257051,
            -17.526818
          ],
          [
            177.5256702,
            -17.5266876
          ],
          [
            177.5256595,
            -17.5264932
          ],
          [
            177.52552,
            -17.5264625
          ],
          [
            177.5254342,
            -17.5264062
          ],
          [
            177.5252625,
            -17.5264727
          ],
          [
            177.5250399,
            -17.5266441
          ],
          [
            177.5249809,
            -17.5267183
          ],
          [
            177.5249433,
            -17.5268896
          ],
          [
            177.524997,
            -17.5270508
          ],
          [
            177.5250506,
            -17.527194
          ],
          [
            177.5250319,
            -17.5273142
          ],
          [
            177.5250801,
            -17.5275086
          ],
          [
            177.5251123,
            -17.5276646
          ],
          [
            177.5251928,
            -17.5278309
          ],
          [
            177.5252411,
            -17.5279511
          ],
          [
            177.5250748,
            -17.5280278
          ],
          [
            177.5249407,
            -17.5279792
          ],
          [
            177.5246537,
            -17.5280585
          ],
          [
            177.5245813,
            -17.5280483
          ],
          [
            177.5244847,
            -17.5280176
          ],
          [
            177.5244498,
            -17.5278974
          ],
          [
            177.5244284,
            -17.5277874
          ],
          [
            177.5242835,
            -17.527616
          ],
          [
            177.524077,
            -17.5274805
          ],
          [
            177.5239858,
            -17.5273551
          ],
          [
            177.5239,
            -17.5271377
          ],
          [
            177.5238383,
            -17.5269459
          ],
          [
            177.523782,
            -17.5267873
          ],
          [
            177.5237203,
            -17.5266518
          ],
          [
            177.523554,
            -17.5265367
          ],
          [
            177.5234467,
            -17.5264906
          ],
          [
            177.5234225,
            -17.5264062
          ],
          [
            177.5234279,
            -17.5262067
          ],
          [
            177.523444,
            -17.5260123
          ],
          [
            177.5235271,
            -17.525864
          ],
          [
            177.5235754,
            -17.5257796
          ],
          [
            177.5236264,
            -17.5257284
          ],
          [
            177.52379,
            -17.5256875
          ],
          [
            177.5239214,
            -17.5256415
          ],
          [
            177.5240555,
            -17.5256491
          ],
          [
            177.5242299,
            -17.5256798
          ],
          [
            177.5243399,
            -17.5256901
          ],
          [
            177.524474,
            -17.5257208
          ],
          [
            177.5245008,
            -17.5256568
          ],
          [
            177.5242433,
            -17.5254931
          ],
          [
            177.5240877,
            -17.5253857
          ],
          [
            177.5238919,
            -17.5253243
          ],
          [
            177.5237122,
            -17.5252655
          ],
          [
            177.5236183,
            -17.5251197
          ],
          [
            177.5234359,
            -17.5249534
          ],
          [
            177.5232536,
            -17.5247718
          ],
          [
            177.5231677,
            -17.5246388
          ],
          [
            177.5230578,
            -17.5245212
          ],
          [
            177.5228915,
            -17.5243294
          ],
          [
            177.5227922,
            -17.5241503
          ],
          [
            177.5227332,
            -17.524002
          ],
          [
            177.5226769,
            -17.5237385
          ],
          [
            177.5225723,
            -17.5234444
          ],
          [
            177.5225079,
            -17.5231937
          ],
          [
            177.5224999,
            -17.5230914
          ],
          [
            177.5225455,
            -17.5229328
          ],
          [
            177.5225133,
            -17.5227922
          ],
          [
            177.5224248,
            -17.5227308
          ],
          [
            177.5222826,
            -17.5223267
          ],
          [
            177.522237,
            -17.522163
          ],
          [
            177.5221699,
            -17.5219967
          ],
          [
            177.5220975,
            -17.5218202
          ],
          [
            177.5218534,
            -17.5213931
          ],
          [
            177.5218293,
            -17.5212575
          ],
          [
            177.5217569,
            -17.5211143
          ],
          [
            177.5217086,
            -17.5210094
          ],
          [
            177.5216174,
            -17.5207715
          ],
          [
            177.5216335,
            -17.5204416
          ],
          [
            177.5215638,
            -17.5202574
          ],
          [
            177.5213975,
            -17.5201219
          ],
          [
            177.5213465,
            -17.5200477
          ],
          [
            177.5212499,
            -17.5198763
          ],
          [
            177.5209308,
            -17.5192803
          ],
          [
            177.520684,
            -17.518843
          ],
          [
            177.5206438,
            -17.518513
          ],
          [
            177.5205043,
            -17.518334
          ],
          [
            177.5204372,
            -17.5181984
          ],
          [
            177.5203648,
            -17.5180475
          ],
          [
            177.5203192,
            -17.5178608
          ],
          [
            177.5202763,
            -17.517674
          ],
          [
            177.520287,
            -17.5171164
          ],
          [
            177.5203648,
            -17.5166228
          ],
          [
            177.5204453,
            -17.5161751
          ],
          [
            177.5204855,
            -17.5158708
          ],
          [
            177.520456,
            -17.5157608
          ],
          [
            177.5203782,
            -17.5156278
          ],
          [
            177.5200725,
            -17.5148962
          ],
          [
            177.5199276,
            -17.5145765
          ],
          [
            177.5198498,
            -17.5143105
          ],
          [
            177.5198284,
            -17.5140624
          ],
          [
            177.5198203,
            -17.5138194
          ],
          [
            177.5198176,
            -17.5136045
          ],
          [
            177.5199088,
            -17.5132541
          ],
          [
            177.5199759,
            -17.5129983
          ],
          [
            177.5200081,
            -17.5126197
          ],
          [
            177.5199866,
            -17.5122591
          ],
          [
            177.5199249,
            -17.5118472
          ],
          [
            177.5198793,
            -17.5115428
          ],
          [
            177.5197855,
            -17.5108573
          ],
          [
            177.519705,
            -17.5102869
          ],
          [
            177.5196433,
            -17.5097881
          ],
          [
            177.5195709,
            -17.5092305
          ],
          [
            177.5195038,
            -17.5090565
          ],
          [
            177.5193483,
            -17.5087445
          ],
          [
            177.5191927,
            -17.5084912
          ],
          [
            177.5189781,
            -17.5082252
          ],
          [
            177.5188252,
            -17.5081664
          ],
          [
            177.5187018,
            -17.5081024
          ],
          [
            177.5186026,
            -17.5080487
          ],
          [
            177.5185302,
            -17.508018
          ],
          [
            177.5183424,
            -17.507995
          ],
          [
            177.5181439,
            -17.5080231
          ],
          [
            177.5179803,
            -17.5080999
          ],
          [
            177.517814,
            -17.5081894
          ],
          [
            177.5176021,
            -17.5082354
          ],
          [
            177.5174037,
            -17.5083557
          ],
          [
            177.5171757,
            -17.5084529
          ],
          [
            177.5169638,
            -17.508394
          ],
          [
            177.5168028,
            -17.5084043
          ],
          [
            177.5166741,
            -17.5084964
          ],
          [
            177.5164515,
            -17.5086652
          ],
          [
            177.5162905,
            -17.5087726
          ],
          [
            177.5160599,
            -17.5089261
          ],
          [
            177.515907,
            -17.5090514
          ],
          [
            177.515789,
            -17.5091716
          ],
          [
            177.5156441,
            -17.5093558
          ],
          [
            177.5155771,
            -17.5095528
          ],
          [
            177.5154161,
            -17.510003
          ],
          [
            177.5154161,
            -17.5104532
          ],
          [
            177.5152767,
            -17.5107985
          ],
          [
            177.5152793,
            -17.5113101
          ],
          [
            177.5152498,
            -17.5114917
          ],
          [
            177.5152123,
            -17.5116733
          ],
          [
            177.5150165,
            -17.5120288
          ],
          [
            177.5149199,
            -17.5122693
          ],
          [
            177.5148287,
            -17.5124867
          ],
          [
            177.5146303,
            -17.5128269
          ],
          [
            177.5145176,
            -17.5130264
          ],
          [
            177.5144505,
            -17.5131543
          ],
          [
            177.5144157,
            -17.5132208
          ],
          [
            177.5143953,
            -17.513342
          ]
        ]
      },
      "id": "way/918451678"
    },
    {
      "type": "Feature",
      "properties": {
        "@id": "way/918451680",
        "natural": "coastline"
      },
      "geometry": {
        "type": "LineString",
        "coordinates": [
          [
            177.5555138,
            -17.5102498
          ],
          [
            177.5554374,
            -17.5102933
          ],
          [
            177.5553824,
            -17.5103202
          ],
          [
            177.5551786,
            -17.5103572
          ],
          [
            177.5550954,
            -17.5104071
          ],
          [
            177.5550766,
            -17.5104877
          ],
          [
            177.5550552,
            -17.5105696
          ],
          [
            177.554964,
            -17.5106565
          ],
          [
            177.554858,
            -17.5107166
          ],
          [
            177.554736,
            -17.5107831
          ],
          [
            177.5546247,
            -17.5107742
          ],
          [
            177.5545174,
            -17.5107345
          ],
          [
            177.5544021,
            -17.5107218
          ],
          [
            177.5542505,
            -17.5107461
          ],
          [
            177.5541607,
            -17.5107985
          ],
          [
            177.5540373,
            -17.510888
          ],
          [
            177.553867,
            -17.5109187
          ],
          [
            177.5536403,
            -17.5110492
          ],
          [
            177.553466,
            -17.5111975
          ],
          [
            177.5532943,
            -17.5112896
          ],
          [
            177.5531816,
            -17.5113868
          ],
          [
            177.5526774,
            -17.5116196
          ],
          [
            177.5521973,
            -17.5119214
          ],
          [
            177.551583,
            -17.5122539
          ],
          [
            177.5513673,
            -17.5118405
          ]
        ]
      },
      "id": "way/918451680"
    },
    {
      "type": "Feature",
      "properties": {
        "@id": "way/918451681",
        "natural": "coastline"
      },
      "geometry": {
        "type": "LineString",
        "coordinates": [
          [
            177.5633123,
            -17.5078185
          ],
          [
            177.5631675,
            -17.5078466
          ],
          [
            177.5628966,
            -17.5078799
          ],
          [
            177.562682,
            -17.5079438
          ],
          [
            177.562497,
            -17.507995
          ],
          [
            177.562159,
            -17.5080641
          ],
          [
            177.5619176,
            -17.5080206
          ],
          [
            177.5617298,
            -17.5079566
          ],
          [
            177.5615528,
            -17.5078824
          ],
          [
            177.5613436,
            -17.5078415
          ],
          [
            177.5611585,
            -17.5078799
          ],
          [
            177.5609359,
            -17.5079617
          ],
          [
            177.5608233,
            -17.5080359
          ]
        ]
      },
      "id": "way/918451681"
    },
    {
      "type": "Feature",
      "properties": {
        "@id": "way/918451683",
        "natural": "coastline"
      },
      "geometry": {
        "type": "LineString",
        "coordinates": [
          [
            177.5703102,
            -17.5048487
          ],
          [
            177.5699857,
            -17.5050866
          ],
          [
            177.5697738,
            -17.5052375
          ],
          [
            177.5696665,
            -17.5053475
          ],
          [
            177.5693285,
            -17.5056672
          ],
          [
            177.5691462,
            -17.505987
          ],
          [
            177.5689664,
            -17.5062709
          ],
          [
            177.5687706,
            -17.5065497
          ],
          [
            177.5685829,
            -17.5065216
          ],
          [
            177.5684461,
            -17.5064858
          ],
          [
            177.5681832,
            -17.50645
          ],
          [
            177.5679767,
            -17.5063707
          ],
          [
            177.5678962,
            -17.5062812
          ],
          [
            177.5678024,
            -17.5061251
          ],
          [
            177.5677085,
            -17.5060049
          ],
          [
            177.5675449,
            -17.5059972
          ],
          [
            177.5673839,
            -17.5059512
          ],
          [
            177.5672471,
            -17.5057875
          ],
          [
            177.5671265,
            -17.5057644
          ],
          [
            177.5670513,
            -17.5058642
          ],
          [
            177.567046,
            -17.5061226
          ],
          [
            177.5669628,
            -17.5063502
          ],
          [
            177.5668824,
            -17.5065139
          ],
          [
            177.5667563,
            -17.5066597
          ],
          [
            177.5665712,
            -17.5067032
          ],
          [
            177.5663969,
            -17.5068004
          ],
          [
            177.5663567,
            -17.5069462
          ],
          [
            177.5663915,
            -17.5071509
          ],
          [
            177.566421,
            -17.5073529
          ],
          [
            177.5664023,
            -17.5074706
          ],
          [
            177.566472,
            -17.5076241
          ],
          [
            177.5664747,
            -17.5077443
          ],
          [
            177.5664934,
            -17.5079003
          ],
          [
            177.5665364,
            -17.5080462
          ],
          [
            177.5665551,
            -17.5081766
          ],
          [
            177.5663298,
            -17.5082457
          ],
          [
            177.5662065,
            -17.5080871
          ],
          [
            177.5661314,
            -17.5080615
          ],
          [
            177.565898,
            -17.5080257
          ],
          [
            177.5657585,
            -17.5079438
          ],
          [
            177.5656271,
            -17.5079259
          ],
          [
            177.5654796,
            -17.5079617
          ],
          [
            177.565316,
            -17.5080717
          ],
          [
            177.5651818,
            -17.5081587
          ],
          [
            177.5650665,
            -17.5082354
          ],
          [
            177.5649485,
            -17.5083045
          ],
          [
            177.5647527,
            -17.5083633
          ],
          [
            177.5646454,
            -17.5083019
          ],
          [
            177.564514,
            -17.5081817
          ],
          [
            177.5642806,
            -17.5081254
          ],
          [
            177.5641975,
            -17.5082175
          ],
          [
            177.5640231,
            -17.5084043
          ],
          [
            177.5638407,
            -17.5085552
          ],
          [
            177.5636905,
            -17.5087163
          ],
          [
            177.5635698,
            -17.5087624
          ],
          [
            177.5635752,
            -17.5085245
          ],
          [
            177.5637013,
            -17.5084043
          ],
          [
            177.5636101,
            -17.5082508
          ],
          [
            177.5635457,
            -17.5080794
          ],
          [
            177.5634545,
            -17.5078952
          ],
          [
            177.5633123,
            -17.5078185
          ]
        ]
      },
      "id": "way/918451683"
    },
    {
      "type": "Feature",
      "properties": {
        "@id": "way/918451684",
        "natural": "coastline"
      },
      "geometry": {
        "type": "LineString",
        "coordinates": [
          [
            177.5794351,
            -17.4975429
          ],
          [
            177.5793332,
            -17.497768
          ],
          [
            177.579124,
            -17.4982208
          ],
          [
            177.5788853,
            -17.4982054
          ],
          [
            177.5787297,
            -17.498185
          ],
          [
            177.578699,
            -17.4982347
          ],
          [
            177.5786278,
            -17.4983589
          ],
          [
            177.5786304,
            -17.4984408
          ],
          [
            177.5786975,
            -17.4984664
          ],
          [
            177.5786439,
            -17.4985278
          ],
          [
            177.5786895,
            -17.4986045
          ],
          [
            177.5787619,
            -17.4986915
          ],
          [
            177.5787699,
            -17.4987989
          ],
          [
            177.578499,
            -17.498891
          ],
          [
            177.5781611,
            -17.4989677
          ],
          [
            177.5779277,
            -17.4990649
          ],
          [
            177.5779304,
            -17.4992415
          ],
          [
            177.5779062,
            -17.4994333
          ],
          [
            177.5779921,
            -17.4995587
          ],
          [
            177.5781047,
            -17.4996661
          ],
          [
            177.5782603,
            -17.4997326
          ],
          [
            177.578381,
            -17.4998119
          ],
          [
            177.5784293,
            -17.4998963
          ],
          [
            177.5784588,
            -17.5000805
          ],
          [
            177.578432,
            -17.5002314
          ],
          [
            177.5783837,
            -17.5003133
          ],
          [
            177.5781745,
            -17.5002135
          ],
          [
            177.5779814,
            -17.50017
          ],
          [
            177.5778446,
            -17.5001879
          ],
          [
            177.5777292,
            -17.5002084
          ],
          [
            177.5775227,
            -17.5001624
          ],
          [
            177.5773725,
            -17.5002058
          ],
          [
            177.5771418,
            -17.5001777
          ],
          [
            177.5768334,
            -17.5001265
          ],
          [
            177.5763559,
            -17.5000907
          ],
          [
            177.5760716,
            -17.5001956
          ],
          [
            177.5759053,
            -17.5004668
          ],
          [
            177.5759616,
            -17.5007942
          ],
          [
            177.5759643,
            -17.5011626
          ],
          [
            177.5761172,
            -17.5013467
          ],
          [
            177.5757712,
            -17.5016
          ],
          [
            177.575613,
            -17.5016793
          ],
          [
            177.5754547,
            -17.50171
          ],
          [
            177.5752187,
            -17.5017791
          ],
          [
            177.5750685,
            -17.5018149
          ],
          [
            177.5749236,
            -17.5019044
          ],
          [
            177.5748003,
            -17.5018609
          ],
          [
            177.5746286,
            -17.5018097
          ],
          [
            177.5742289,
            -17.5018072
          ],
          [
            177.5739875,
            -17.501797
          ],
          [
            177.5736764,
            -17.5018584
          ],
          [
            177.5733814,
            -17.5020246
          ],
          [
            177.5732982,
            -17.5021935
          ],
          [
            177.5731748,
            -17.5023597
          ],
          [
            177.5730193,
            -17.5024365
          ],
          [
            177.5728503,
            -17.5024825
          ],
          [
            177.5727993,
            -17.502549
          ],
          [
            177.5726411,
            -17.5026974
          ],
          [
            177.572287,
            -17.5029737
          ],
          [
            177.5722361,
            -17.5031374
          ],
          [
            177.5721905,
            -17.5032883
          ],
          [
            177.5720483,
            -17.503406
          ],
          [
            177.571882,
            -17.5034929
          ],
          [
            177.5717184,
            -17.5035722
          ],
          [
            177.571544,
            -17.5036771
          ],
          [
            177.5713831,
            -17.5038638
          ],
          [
            177.5711873,
            -17.5040276
          ],
          [
            177.5710505,
            -17.504112
          ],
          [
            177.5709003,
            -17.5043115
          ],
          [
            177.5707957,
            -17.5044701
          ],
          [
            177.570608,
            -17.5046389
          ],
          [
            177.5704497,
            -17.5047822
          ],
          [
            177.5703102,
            -17.5048487
          ]
        ]
      },
      "id": "way/918451684"
    },
    {
      "type": "Feature",
      "properties": {
        "@id": "way/918451685",
        "natural": "coastline"
      },
      "geometry": {
        "type": "LineString",
        "coordinates": [
          [
            177.5804275,
            -17.4923192
          ],
          [
            177.5802532,
            -17.4923985
          ],
          [
            177.5800574,
            -17.4923729
          ],
          [
            177.5798616,
            -17.4923806
          ],
          [
            177.5797516,
            -17.4924061
          ],
          [
            177.5797006,
            -17.4925289
          ],
          [
            177.5795773,
            -17.4926747
          ],
          [
            177.5793949,
            -17.4927541
          ],
          [
            177.5793359,
            -17.4927975
          ],
          [
            177.5791615,
            -17.4929561
          ],
          [
            177.5790918,
            -17.4930994
          ],
          [
            177.5790623,
            -17.4932273
          ],
          [
            177.5790971,
            -17.4934217
          ],
          [
            177.5790998,
            -17.4935675
          ],
          [
            177.5790408,
            -17.4936571
          ],
          [
            177.5790381,
            -17.4937901
          ],
          [
            177.5790998,
            -17.4938669
          ],
          [
            177.5792661,
            -17.493941
          ],
          [
            177.579293,
            -17.4941252
          ],
          [
            177.5792366,
            -17.4942403
          ],
          [
            177.5792393,
            -17.4943222
          ],
          [
            177.5794244,
            -17.4942915
          ],
          [
            177.579596,
            -17.4942685
          ],
          [
            177.5797194,
            -17.494312
          ],
          [
            177.5800896,
            -17.4945115
          ],
          [
            177.5801808,
            -17.494601
          ],
          [
            177.5801674,
            -17.4947443
          ],
          [
            177.5802693,
            -17.4948927
          ],
          [
            177.5801942,
            -17.4952099
          ],
          [
            177.5800493,
            -17.4953813
          ],
          [
            177.5799099,
            -17.4956013
          ],
          [
            177.5798053,
            -17.4957522
          ],
          [
            177.5796255,
            -17.4960285
          ],
          [
            177.5794807,
            -17.496228
          ],
          [
            177.5794163,
            -17.4963738
          ],
          [
            177.579309,
            -17.4968266
          ],
          [
            177.579242,
            -17.4969775
          ],
          [
            177.5793171,
            -17.4970927
          ],
          [
            177.5794217,
            -17.4970722
          ],
          [
            177.5795451,
            -17.4970466
          ],
          [
            177.5796148,
            -17.4971413
          ],
          [
            177.5795397,
            -17.4973357
          ],
          [
            177.5794753,
            -17.4974764
          ],
          [
            177.5794351,
            -17.4975429
          ]
        ]
      },
      "id": "way/918451685"
    },
    {
      "type": "Feature",
      "properties": {
        "@id": "way/918451688",
        "natural": "coastline"
      },
      "geometry": {
        "type": "LineString",
        "coordinates": [
          [
            177.5608233,
            -17.5080359
          ],
          [
            177.560665,
            -17.5082226
          ],
          [
            177.5605684,
            -17.508458
          ],
          [
            177.5605255,
            -17.5085833
          ],
          [
            177.5604585,
            -17.5087163
          ],
          [
            177.5604075,
            -17.5088493
          ],
          [
            177.560378,
            -17.509054
          ],
          [
            177.560311,
            -17.5092637
          ],
          [
            177.5600937,
            -17.5092816
          ],
          [
            177.5598228,
            -17.5091589
          ],
          [
            177.5595599,
            -17.5091589
          ],
          [
            177.5594017,
            -17.5091563
          ],
          [
            177.5593722,
            -17.5090463
          ],
          [
            177.5592729,
            -17.5089312
          ],
          [
            177.5591201,
            -17.5088928
          ],
          [
            177.5589055,
            -17.5089133
          ],
          [
            177.5587794,
            -17.5089772
          ],
          [
            177.5586909,
            -17.5090514
          ],
          [
            177.5586292,
            -17.5092407
          ],
          [
            177.5585273,
            -17.5093098
          ],
          [
            177.5582617,
            -17.5093967
          ],
          [
            177.5581491,
            -17.5094888
          ],
          [
            177.5580257,
            -17.5096551
          ],
          [
            177.5579265,
            -17.5098546
          ],
          [
            177.5576127,
            -17.5099672
          ],
          [
            177.5574276,
            -17.5100362
          ],
          [
            177.5572988,
            -17.5101385
          ],
          [
            177.5571755,
            -17.5102792
          ],
          [
            177.5569662,
            -17.5102946
          ],
          [
            177.5567892,
            -17.5102332
          ],
          [
            177.55658,
            -17.5101769
          ],
          [
            177.5564271,
            -17.5101488
          ],
          [
            177.556242,
            -17.5101104
          ],
          [
            177.5561267,
            -17.5100899
          ],
          [
            177.5560597,
            -17.5101283
          ],
          [
            177.5560516,
            -17.5102639
          ],
          [
            177.5561482,
            -17.5103867
          ],
          [
            177.556242,
            -17.510466
          ],
          [
            177.5563279,
            -17.5105376
          ],
          [
            177.5564083,
            -17.5106297
          ],
          [
            177.5562957,
            -17.5106495
          ],
          [
            177.5561656,
            -17.5105517
          ],
          [
            177.5561012,
            -17.5104711
          ],
          [
            177.5560422,
            -17.5103867
          ],
          [
            177.5560087,
            -17.5103253
          ],
          [
            177.5559483,
            -17.5102639
          ],
          [
            177.5558813,
            -17.5102332
          ],
          [
            177.5558022,
            -17.5102281
          ],
          [
            177.5556305,
            -17.5102319
          ],
          [
            177.5555138,
            -17.5102498
          ]
        ]
      },
      "id": "way/918451688"
    },
    {
      "type": "Feature",
      "properties": {
        "@id": "way/918460732",
        "natural": "coastline"
      },
      "geometry": {
        "type": "LineString",
        "coordinates": [
          [
            177.3933636,
            -17.6626392
          ],
          [
            177.3933676,
            -17.66256
          ],
          [
            177.3933166,
            -17.6625063
          ],
          [
            177.3933059,
            -17.6624143
          ],
          [
            177.393263,
            -17.6622047
          ],
          [
            177.3932388,
            -17.6620616
          ],
          [
            177.3931718,
            -17.6619134
          ],
          [
            177.3931128,
            -17.6616961
          ],
          [
            177.3931128,
            -17.6615581
          ],
          [
            177.3930189,
            -17.661208
          ],
          [
            177.3929733,
            -17.6610648
          ],
          [
            177.3929197,
            -17.6608962
          ],
          [
            177.3928258,
            -17.660822
          ],
          [
            177.392689,
            -17.6608042
          ],
          [
            177.3926112,
            -17.660822
          ],
          [
            177.392461,
            -17.6608425
          ],
          [
            177.392351,
            -17.660845
          ],
          [
            177.3922786,
            -17.6607914
          ],
          [
            177.3922518,
            -17.6606687
          ],
          [
            177.3922518,
            -17.6605639
          ],
          [
            177.3921445,
            -17.6604719
          ],
          [
            177.3921142,
            -17.6605041
          ],
          [
            177.3919946,
            -17.6605489
          ],
          [
            177.3918564,
            -17.6605024
          ],
          [
            177.3917344,
            -17.6604095
          ],
          [
            177.3915881,
            -17.6602778
          ],
          [
            177.3913035,
            -17.6600221
          ],
          [
            177.3905551,
            -17.6593016
          ],
          [
            177.389284,
            -17.6584437
          ],
          [
            177.389064,
            -17.6583643
          ],
          [
            177.3887826,
            -17.6585447
          ],
          [
            177.3885229,
            -17.658909
          ],
          [
            177.3884796,
            -17.659093
          ],
          [
            177.3885413,
            -17.6592181
          ],
          [
            177.3886235,
            -17.659343
          ],
          [
            177.3916456,
            -17.6619006
          ],
          [
            177.3918629,
            -17.6621357
          ],
          [
            177.3920801,
            -17.6621306
          ],
          [
            177.3923054,
            -17.6622379
          ],
          [
            177.3931181,
            -17.662698
          ],
          [
            177.3932885,
            -17.6627453
          ],
          [
            177.3933421,
            -17.6627299
          ],
          [
            177.3933636,
            -17.6626392
          ]
        ]
      },
      "id": "way/918460732"
    },
    {
      "type": "Feature",
      "properties": {
        "@id": "way/918460733",
        "natural": "coastline"
      },
      "geometry": {
        "type": "LineString",
        "coordinates": [
          [
            177.3828909,
            -17.6543225
          ],
          [
            177.3829016,
            -17.6542101
          ],
          [
            177.3829311,
            -17.6541487
          ],
          [
            177.3828641,
            -17.6541283
          ],
          [
            177.3827407,
            -17.654182
          ],
          [
            177.3827112,
            -17.6543047
          ],
          [
            177.382738,
            -17.6544657
          ],
          [
            177.3827755,
            -17.6545986
          ],
          [
            177.3828748,
            -17.6546804
          ],
          [
            177.3829794,
            -17.6546344
          ],
          [
            177.3830008,
            -17.6545193
          ],
          [
            177.3829526,
            -17.6544401
          ],
          [
            177.3829767,
            -17.654389
          ],
          [
            177.3830035,
            -17.6543328
          ],
          [
            177.3829821,
            -17.6543123
          ],
          [
            177.3828909,
            -17.6543225
          ]
        ]
      },
      "id": "way/918460733"
    },
    {
      "type": "Feature",
      "properties": {
        "@id": "way/918460734",
        "natural": "coastline"
      },
      "geometry": {
        "type": "LineString",
        "coordinates": [
          [
            177.3814478,
            -17.6541257
          ],
          [
            177.3813084,
            -17.6540695
          ],
          [
            177.3811099,
            -17.6539647
          ],
          [
            177.3810509,
            -17.6538983
          ],
          [
            177.3810267,
            -17.6538139
          ],
          [
            177.3809677,
            -17.6538293
          ],
          [
            177.3809704,
            -17.6539571
          ],
          [
            177.3810294,
            -17.6541078
          ],
          [
            177.3812011,
            -17.6542842
          ],
          [
            177.3813432,
            -17.6543762
          ],
          [
            177.3814854,
            -17.654412
          ],
          [
            177.3816195,
            -17.6543864
          ],
          [
            177.3816732,
            -17.6543047
          ],
          [
            177.3816437,
            -17.6542484
          ],
          [
            177.3815712,
            -17.6542075
          ],
          [
            177.3815659,
            -17.6541513
          ],
          [
            177.3815364,
            -17.6541309
          ],
          [
            177.3814478,
            -17.6541257
          ]
        ]
      },
      "id": "way/918460734"
    },
    {
      "type": "Feature",
      "properties": {
        "@id": "way/918460735",
        "natural": "coastline"
      },
      "geometry": {
        "type": "LineString",
        "coordinates": [
          [
            177.3992511,
            -17.6455392
          ],
          [
            177.3985855,
            -17.6450727
          ],
          [
            177.3983173,
            -17.6450515
          ],
          [
            177.3980636,
            -17.645046
          ],
          [
            177.397932,
            -17.6452559
          ],
          [
            177.3978201,
            -17.6453588
          ],
          [
            177.397717,
            -17.6456348
          ],
          [
            177.3973349,
            -17.6468192
          ],
          [
            177.3971644,
            -17.6470832
          ],
          [
            177.3968632,
            -17.6472705
          ],
          [
            177.3953822,
            -17.6479507
          ],
          [
            177.3950489,
            -17.6480335
          ],
          [
            177.3947577,
            -17.6480267
          ],
          [
            177.3945366,
            -17.6481106
          ],
          [
            177.3935378,
            -17.6481592
          ],
          [
            177.3928959,
            -17.6481548
          ],
          [
            177.392203,
            -17.6480533
          ],
          [
            177.3909717,
            -17.6477124
          ],
          [
            177.3903792,
            -17.6474231
          ],
          [
            177.3895777,
            -17.646734
          ],
          [
            177.3890982,
            -17.6460589
          ],
          [
            177.3889935,
            -17.6456391
          ],
          [
            177.3888738,
            -17.6449638
          ],
          [
            177.3888554,
            -17.6448586
          ]
        ]
      },
      "id": "way/918460735"
    },
    {
      "type": "Feature",
      "properties": {
        "@id": "way/918460736",
        "natural": "coastline"
      },
      "geometry": {
        "type": "LineString",
        "coordinates": [
          [
            177.3888554,
            -17.6448586
          ],
          [
            177.3887358,
            -17.6439553
          ],
          [
            177.3886442,
            -17.6432603
          ],
          [
            177.3887622,
            -17.6428616
          ],
          [
            177.3888105,
            -17.6424935
          ],
          [
            177.3887998,
            -17.6422072
          ],
          [
            177.3888105,
            -17.6419465
          ],
          [
            177.3889553,
            -17.6417114
          ],
          [
            177.3890465,
            -17.6416142
          ],
          [
            177.3892128,
            -17.6415069
          ],
          [
            177.3895991,
            -17.6412359
          ],
          [
            177.3895508,
            -17.6410161
          ],
          [
            177.389465,
            -17.6407912
          ],
          [
            177.3892772,
            -17.6405918
          ],
          [
            177.3890465,
            -17.6404487
          ],
          [
            177.3888427,
            -17.6402595
          ],
          [
            177.3886818,
            -17.6399783
          ],
          [
            177.3883653,
            -17.6397483
          ],
          [
            177.38814,
            -17.6395233
          ],
          [
            177.3879307,
            -17.6393035
          ],
          [
            177.3877644,
            -17.6391962
          ],
          [
            177.3876196,
            -17.6391246
          ],
          [
            177.3873353,
            -17.6391859
          ],
          [
            177.3869115,
            -17.6394569
          ],
          [
            177.3866701,
            -17.6397534
          ],
          [
            177.3864931,
            -17.6399017
          ],
          [
            177.3863536,
            -17.639779
          ],
          [
            177.3860478,
            -17.6397994
          ],
          [
            177.385726,
            -17.6398199
          ],
          [
            177.385506,
            -17.6398096
          ],
          [
            177.3852915,
            -17.6399579
          ],
          [
            177.3851627,
            -17.6401368
          ],
          [
            177.3850608,
            -17.6403208
          ],
          [
            177.3850286,
            -17.6407043
          ],
          [
            177.3849106,
            -17.6411644
          ],
          [
            177.3848838,
            -17.6414506
          ],
          [
            177.3847657,
            -17.6416756
          ],
          [
            177.3846048,
            -17.6418187
          ],
          [
            177.3845833,
            -17.6420181
          ],
          [
            177.3845833,
            -17.6422532
          ],
          [
            177.3845136,
            -17.6427542
          ],
          [
            177.3844653,
            -17.6431223
          ],
          [
            177.3844439,
            -17.6433983
          ],
          [
            177.3844975,
            -17.6436131
          ],
          [
            177.3846745,
            -17.6436744
          ],
          [
            177.3847067,
            -17.6437971
          ],
          [
            177.3846745,
            -17.6442009
          ],
          [
            177.3845136,
            -17.6442214
          ],
          [
            177.3844385,
            -17.6443287
          ],
          [
            177.3844653,
            -17.6445843
          ],
          [
            177.3846209,
            -17.6448655
          ],
          [
            177.3847443,
            -17.6450189
          ],
          [
            177.3847818,
            -17.645254
          ],
          [
            177.384696,
            -17.6458828
          ],
          [
            177.3846638,
            -17.646164
          ],
          [
            177.3846585,
            -17.6464247
          ],
          [
            177.3846853,
            -17.6465474
          ],
          [
            177.3848355,
            -17.6466649
          ],
          [
            177.3849213,
            -17.646849
          ],
          [
            177.3850232,
            -17.6471608
          ],
          [
            177.3850822,
            -17.6473857
          ],
          [
            177.3850769,
            -17.6477129
          ],
          [
            177.3850501,
            -17.6478969
          ],
          [
            177.384991,
            -17.6481781
          ],
          [
            177.3849159,
            -17.6484081
          ],
          [
            177.3848838,
            -17.6491187
          ],
          [
            177.3848838,
            -17.6493845
          ],
          [
            177.3848247,
            -17.649681
          ],
          [
            177.3847604,
            -17.649911
          ],
          [
            177.384696,
            -17.6501155
          ],
          [
            177.3845994,
            -17.6502535
          ],
          [
            177.3844546,
            -17.6504376
          ],
          [
            177.384181,
            -17.6508158
          ],
          [
            177.3840845,
            -17.6510459
          ],
          [
            177.3840523,
            -17.6512248
          ],
          [
            177.3840094,
            -17.6513832
          ],
          [
            177.3840094,
            -17.651465
          ],
          [
            177.3840952,
            -17.6515826
          ],
          [
            177.3842615,
            -17.6516184
          ],
          [
            177.3844546,
            -17.6516542
          ],
          [
            177.3846048,
            -17.6516542
          ],
          [
            177.3848355,
            -17.6509692
          ],
          [
            177.3867023,
            -17.6513015
          ],
          [
            177.3871207,
            -17.6515264
          ],
          [
            177.3873782,
            -17.6516746
          ],
          [
            177.3875123,
            -17.6517973
          ],
          [
            177.3876142,
            -17.6519455
          ],
          [
            177.387743,
            -17.6522165
          ],
          [
            177.3877913,
            -17.6523801
          ],
          [
            177.3878074,
            -17.6525181
          ],
          [
            177.3876142,
            -17.6523238
          ],
          [
            177.3875016,
            -17.6521909
          ],
          [
            177.3873299,
            -17.6521705
          ],
          [
            177.3872763,
            -17.6522932
          ],
          [
            177.3873943,
            -17.6524772
          ],
          [
            177.3874694,
            -17.6526663
          ],
          [
            177.3874319,
            -17.6528963
          ],
          [
            177.3875767,
            -17.6531826
          ],
          [
            177.3876947,
            -17.6534331
          ],
          [
            177.3877805,
            -17.6536631
          ],
          [
            177.3878771,
            -17.6538267
          ],
          [
            177.387979,
            -17.6539749
          ],
          [
            177.3881346,
            -17.6543941
          ],
          [
            177.3880541,
            -17.6546446
          ],
          [
            177.3877859,
            -17.6554931
          ],
          [
            177.3872924,
            -17.655212
          ],
          [
            177.3870671,
            -17.6550791
          ],
          [
            177.3867559,
            -17.6549564
          ],
          [
            177.3864609,
            -17.6547315
          ],
          [
            177.3861712,
            -17.6545935
          ],
          [
            177.3859137,
            -17.6545679
          ],
          [
            177.3854256,
            -17.6545832
          ],
          [
            177.3852861,
            -17.6545935
          ],
          [
            177.3850661,
            -17.6543225
          ],
          [
            177.3847228,
            -17.6541794
          ],
          [
            177.3843098,
            -17.6539852
          ],
          [
            177.3842025,
            -17.6538318
          ],
          [
            177.3842561,
            -17.6535558
          ],
          [
            177.3843849,
            -17.6532951
          ],
          [
            177.3845029,
            -17.6530548
          ],
          [
            177.3845404,
            -17.652835
          ],
          [
            177.3845512,
            -17.652743
          ],
          [
            177.3845404,
            -17.6525948
          ],
          [
            177.3844385,
            -17.6524721
          ],
          [
            177.3843688,
            -17.6525181
          ],
          [
            177.3843419,
            -17.6526561
          ],
          [
            177.3842937,
            -17.6528555
          ],
          [
            177.3842293,
            -17.653065
          ],
          [
            177.384122,
            -17.6530804
          ],
          [
            177.3840469,
            -17.6528912
          ],
          [
            177.3840469,
            -17.6527123
          ],
          [
            177.3840469,
            -17.652559
          ],
          [
            177.3840308,
            -17.6524567
          ],
          [
            177.3839182,
            -17.6524976
          ],
          [
            177.3838592,
            -17.6526305
          ],
          [
            177.383827,
            -17.6528963
          ],
          [
            177.3837572,
            -17.6531571
          ],
          [
            177.3836231,
            -17.6534331
          ],
          [
            177.3833764,
            -17.6539187
          ],
          [
            177.3832637,
            -17.6540976
          ],
          [
            177.3831993,
            -17.6542868
          ],
          [
            177.3831779,
            -17.6544043
          ],
          [
            177.3832208,
            -17.6545884
          ],
          [
            177.383489,
            -17.6548133
          ],
          [
            177.383666,
            -17.6550177
          ],
          [
            177.3839557,
            -17.6551098
          ],
          [
            177.3842132,
            -17.6551302
          ],
          [
            177.3844385,
            -17.6550842
          ],
          [
            177.3844868,
            -17.6549615
          ],
          [
            177.3846155,
            -17.6548184
          ],
          [
            177.3847926,
            -17.6547366
          ],
          [
            177.3850018,
            -17.654711
          ],
          [
            177.3853129,
            -17.6547928
          ],
          [
            177.385506,
            -17.6548082
          ],
          [
            177.3856777,
            -17.6548082
          ],
          [
            177.3857742,
            -17.6548899
          ],
          [
            177.3857099,
            -17.6549513
          ],
          [
            177.3855168,
            -17.6549513
          ],
          [
            177.38527,
            -17.6548644
          ],
          [
            177.3851144,
            -17.6548542
          ],
          [
            177.3850876,
            -17.6549308
          ],
          [
            177.3852915,
            -17.6552324
          ],
          [
            177.385506,
            -17.6554216
          ],
          [
            177.385785,
            -17.6556209
          ],
          [
            177.38608,
            -17.6558612
          ],
          [
            177.3863965,
            -17.6560503
          ],
          [
            177.3867828,
            -17.6563366
          ],
          [
            177.3870027,
            -17.6565615
          ],
          [
            177.3871797,
            -17.6567864
          ],
          [
            177.3874426,
            -17.6571442
          ],
          [
            177.3877726,
            -17.6574661
          ]
        ]
      },
      "id": "way/918460736"
    },
    {
      "type": "Feature",
      "properties": {
        "@id": "way/918460737",
        "natural": "coastline"
      },
      "geometry": {
        "type": "LineString",
        "coordinates": [
          [
            177.4186528,
            -17.6411618
          ],
          [
            177.4186313,
            -17.6412078
          ],
          [
            177.4186313,
            -17.6412794
          ],
          [
            177.418693,
            -17.6413867
          ],
          [
            177.4186233,
            -17.6414251
          ],
          [
            177.4185455,
            -17.6414225
          ],
          [
            177.4184972,
            -17.6414609
          ],
          [
            177.4184999,
            -17.6415401
          ],
          [
            177.4185562,
            -17.6415708
          ],
          [
            177.4187118,
            -17.6415887
          ],
          [
            177.418811,
            -17.6416193
          ],
          [
            177.4186876,
            -17.6416347
          ],
          [
            177.4185482,
            -17.6416705
          ],
          [
            177.4184382,
            -17.6416577
          ],
          [
            177.4183282,
            -17.641673
          ],
          [
            177.4182451,
            -17.6416909
          ],
          [
            177.4182209,
            -17.6417625
          ],
          [
            177.4182118,
            -17.6417964
          ],
          [
            177.4182921,
            -17.6418215
          ],
          [
            177.4181123,
            -17.6418572
          ],
          [
            177.4180698,
            -17.6418328
          ],
          [
            177.4180816,
            -17.6417923
          ],
          [
            177.4180164,
            -17.64178
          ],
          [
            177.4179561,
            -17.6417923
          ],
          [
            177.417888,
            -17.6417188
          ],
          [
            177.4178968,
            -17.6416991
          ],
          [
            177.4178217,
            -17.6416341
          ],
          [
            177.4177575,
            -17.641667
          ],
          [
            177.417636,
            -17.6416557
          ],
          [
            177.4173858,
            -17.6417088
          ],
          [
            177.4173611,
            -17.6416391
          ],
          [
            177.4173123,
            -17.6415935
          ],
          [
            177.4172876,
            -17.6414674
          ],
          [
            177.4172382,
            -17.641361
          ],
          [
            177.4172708,
            -17.6413459
          ],
          [
            177.4172333,
            -17.6412461
          ],
          [
            177.4171147,
            -17.6410022
          ],
          [
            177.4170554,
            -17.6409965
          ],
          [
            177.4169386,
            -17.640883
          ]
        ]
      },
      "id": "way/918460737"
    },
    {
      "type": "Feature",
      "properties": {
        "@id": "way/918460738",
        "natural": "coastline"
      },
      "geometry": {
        "type": "LineString",
        "coordinates": [
          [
            177.417037,
            -17.6357344
          ],
          [
            177.4171786,
            -17.6361695
          ],
          [
            177.4175431,
            -17.6364461
          ],
          [
            177.4179466,
            -17.6364495
          ],
          [
            177.4180493,
            -17.6365838
          ],
          [
            177.4182156,
            -17.6366758
          ],
          [
            177.4184087,
            -17.6367014
          ],
          [
            177.4185321,
            -17.6367091
          ],
          [
            177.4187306,
            -17.6367091
          ],
          [
            177.4188834,
            -17.6366886
          ],
          [
            177.4190551,
            -17.6367397
          ],
          [
            177.4192724,
            -17.6368164
          ],
          [
            177.4194172,
            -17.6368445
          ],
          [
            177.4195674,
            -17.6368752
          ],
          [
            177.4197525,
            -17.6369621
          ],
          [
            177.4199295,
            -17.6370158
          ],
          [
            177.4199858,
            -17.6370363
          ],
          [
            177.4200663,
            -17.6371155
          ],
          [
            177.4201629,
            -17.6371896
          ],
          [
            177.4204686,
            -17.63732
          ],
          [
            177.4206644,
            -17.6373685
          ],
          [
            177.4208334,
            -17.6373762
          ],
          [
            177.4209595,
            -17.6373123
          ],
          [
            177.4210292,
            -17.6372663
          ],
          [
            177.4210802,
            -17.6372535
          ],
          [
            177.4212572,
            -17.6373225
          ],
          [
            177.4213752,
            -17.6374606
          ],
          [
            177.4214476,
            -17.63755
          ],
          [
            177.4216247,
            -17.6376651
          ],
          [
            177.4222496,
            -17.6380178
          ],
          [
            177.4224266,
            -17.6381482
          ],
          [
            177.4225312,
            -17.638207
          ],
          [
            177.4226654,
            -17.6382785
          ],
          [
            177.4230462,
            -17.6384702
          ],
          [
            177.4230999,
            -17.6386338
          ],
          [
            177.4230087,
            -17.6389406
          ],
          [
            177.4229228,
            -17.6391246
          ],
          [
            177.4228102,
            -17.639324
          ],
          [
            177.4226922,
            -17.6393495
          ],
          [
            177.4226278,
            -17.6394876
          ],
          [
            177.4224561,
            -17.6397023
          ],
          [
            177.4221611,
            -17.6397841
          ],
          [
            177.4218285,
            -17.6398914
          ],
          [
            177.4216247,
            -17.6399937
          ],
          [
            177.421394,
            -17.6400448
          ],
          [
            177.4211526,
            -17.6401982
          ],
          [
            177.4209917,
            -17.6403464
          ],
          [
            177.4210024,
            -17.6407145
          ],
          [
            177.4207288,
            -17.64074
          ],
          [
            177.4205035,
            -17.6407094
          ],
          [
            177.4202299,
            -17.6405867
          ],
          [
            177.4198651,
            -17.64051
          ],
          [
            177.419672,
            -17.6406071
          ],
          [
            177.4194145,
            -17.6406378
          ],
          [
            177.4192214,
            -17.6406991
          ],
          [
            177.4190846,
            -17.6407656
          ],
          [
            177.4189076,
            -17.640896
          ],
          [
            177.4188217,
            -17.6409727
          ],
          [
            177.4189612,
            -17.6413714
          ],
          [
            177.4190256,
            -17.6415324
          ],
          [
            177.4189827,
            -17.6415427
          ],
          [
            177.4188057,
            -17.6412206
          ],
          [
            177.4187574,
            -17.641149
          ],
          [
            177.418693,
            -17.6411388
          ],
          [
            177.4186528,
            -17.6411618
          ]
        ]
      },
      "id": "way/918460738"
    },
    {
      "type": "Feature",
      "properties": {
        "@id": "way/918460739",
        "natural": "coastline"
      },
      "geometry": {
        "type": "LineString",
        "coordinates": [
          [
            177.4046356,
            -17.6463707
          ],
          [
            177.4046503,
            -17.6464899
          ],
          [
            177.4046436,
            -17.6465499
          ],
          [
            177.404602,
            -17.6465934
          ],
          [
            177.4045406,
            -17.6466192
          ],
          [
            177.4044674,
            -17.6467061
          ],
          [
            177.4044211,
            -17.6467579
          ],
          [
            177.4043775,
            -17.6468191
          ],
          [
            177.4040487,
            -17.6471528
          ],
          [
            177.4037325,
            -17.6473917
          ],
          [
            177.4033045,
            -17.6474646
          ],
          [
            177.4028379,
            -17.6473947
          ],
          [
            177.4027417,
            -17.6473835
          ],
          [
            177.4025103,
            -17.6473467
          ],
          [
            177.401982,
            -17.6472548
          ],
          [
            177.4016604,
            -17.6471573
          ],
          [
            177.4013443,
            -17.6470119
          ],
          [
            177.4006977,
            -17.6465628
          ],
          [
            177.4007052,
            -17.646473
          ],
          [
            177.4006337,
            -17.6464012
          ],
          [
            177.4005357,
            -17.6464228
          ],
          [
            177.3992511,
            -17.6455392
          ]
        ]
      },
      "id": "way/918460739"
    },
    {
      "type": "Feature",
      "properties": {
        "@id": "way/918460740",
        "natural": "coastline"
      },
      "geometry": {
        "type": "LineString",
        "coordinates": [
          [
            177.4169386,
            -17.640883
          ],
          [
            177.4168812,
            -17.640979
          ],
          [
            177.4168745,
            -17.6410161
          ],
          [
            177.416857,
            -17.6410787
          ],
          [
            177.4168302,
            -17.6411669
          ],
          [
            177.4167886,
            -17.6412283
          ],
          [
            177.4167618,
            -17.6413113
          ],
          [
            177.4167591,
            -17.641397
          ],
          [
            177.4167792,
            -17.6415145
          ],
          [
            177.4167699,
            -17.6417011
          ],
          [
            177.416743,
            -17.6417931
          ],
          [
            177.4166411,
            -17.6418954
          ],
          [
            177.4165714,
            -17.6421152
          ],
          [
            177.4165714,
            -17.6424424
          ],
          [
            177.4165767,
            -17.6427542
          ],
          [
            177.4167806,
            -17.6431376
          ],
          [
            177.4168503,
            -17.6433114
          ],
          [
            177.4168557,
            -17.6434392
          ],
          [
            177.4167216,
            -17.6435722
          ],
          [
            177.4165124,
            -17.6437766
          ],
          [
            177.4164265,
            -17.6440118
          ],
          [
            177.4165392,
            -17.644247
          ],
          [
            177.4164855,
            -17.6443799
          ],
          [
            177.4161959,
            -17.6444361
          ],
          [
            177.4157399,
            -17.6443594
          ],
          [
            177.4154824,
            -17.6443134
          ],
          [
            177.4151552,
            -17.6441703
          ],
          [
            177.4148065,
            -17.6439351
          ],
          [
            177.4145544,
            -17.6439402
          ],
          [
            177.4142432,
            -17.6440374
          ],
          [
            177.4140125,
            -17.6442981
          ],
          [
            177.4140286,
            -17.6444463
          ],
          [
            177.4140608,
            -17.644569
          ],
          [
            177.4137443,
            -17.644569
          ],
          [
            177.4133742,
            -17.644569
          ],
          [
            177.4130738,
            -17.6445997
          ],
          [
            177.4126285,
            -17.6445537
          ],
          [
            177.4121296,
            -17.6445435
          ],
          [
            177.4118775,
            -17.6445383
          ],
          [
            177.4117112,
            -17.6445128
          ],
          [
            177.4112445,
            -17.6443083
          ],
          [
            177.4109387,
            -17.6442827
          ],
          [
            177.4107295,
            -17.6443748
          ],
          [
            177.410472,
            -17.6443185
          ],
          [
            177.4102628,
            -17.6440834
          ],
          [
            177.4101663,
            -17.6438635
          ],
          [
            177.4097371,
            -17.6435619
          ],
          [
            177.4093938,
            -17.6435262
          ],
          [
            177.4092919,
            -17.643567
          ],
          [
            177.409029,
            -17.6436591
          ],
          [
            177.4087018,
            -17.6438175
          ],
          [
            177.4085247,
            -17.6440783
          ],
          [
            177.4084711,
            -17.6443287
          ],
          [
            177.4083531,
            -17.6445409
          ],
          [
            177.4082163,
            -17.6445537
          ],
          [
            177.4079829,
            -17.6445716
          ],
          [
            177.4076799,
            -17.6446559
          ],
          [
            177.4072534,
            -17.6448093
          ],
          [
            177.406784,
            -17.6449575
          ],
          [
            177.4066794,
            -17.6449652
          ],
          [
            177.406615,
            -17.644909
          ],
          [
            177.4065265,
            -17.644955
          ],
          [
            177.406497,
            -17.6450828
          ],
          [
            177.4064407,
            -17.6451697
          ],
          [
            177.4063307,
            -17.6452259
          ],
          [
            177.4060571,
            -17.6453205
          ],
          [
            177.4057272,
            -17.645548
          ],
          [
            177.4053892,
            -17.6457908
          ],
          [
            177.4052283,
            -17.6459288
          ],
          [
            177.4050915,
            -17.6460183
          ],
          [
            177.4049976,
            -17.646118
          ],
          [
            177.4049145,
            -17.6462304
          ],
          [
            177.4047965,
            -17.6462994
          ],
          [
            177.4047106,
            -17.6463454
          ],
          [
            177.4046356,
            -17.6463707
          ]
        ]
      },
      "id": "way/918460740"
    },
    {
      "type": "Feature",
      "properties": {
        "@id": "way/918460741",
        "natural": "coastline"
      },
      "geometry": {
        "type": "LineString",
        "coordinates": [
          [
            177.4068403,
            -17.637596
          ],
          [
            177.4065238,
            -17.6377187
          ],
          [
            177.4060893,
            -17.6379283
          ],
          [
            177.4057513,
            -17.6381277
          ],
          [
            177.4055314,
            -17.6383629
          ],
          [
            177.4053651,
            -17.6386492
          ],
          [
            177.40529,
            -17.6389968
          ],
          [
            177.4051452,
            -17.6396614
          ],
          [
            177.4050432,
            -17.6400346
          ],
          [
            177.404952,
            -17.6402595
          ],
          [
            177.4049896,
            -17.6405202
          ],
          [
            177.4051022,
            -17.6407298
          ],
          [
            177.4053222,
            -17.6409599
          ],
          [
            177.4053222,
            -17.6411541
          ],
          [
            177.4052042,
            -17.6413433
          ],
          [
            177.4050432,
            -17.6415682
          ],
          [
            177.4049574,
            -17.6417625
          ],
          [
            177.404936,
            -17.6421152
          ],
          [
            177.4050432,
            -17.642197
          ],
          [
            177.4051398,
            -17.6420079
          ],
          [
            177.4052685,
            -17.6418647
          ],
          [
            177.4054992,
            -17.642151
          ],
          [
            177.4056977,
            -17.642289
          ],
          [
            177.4059606,
            -17.6423964
          ],
          [
            177.4061376,
            -17.6423453
          ],
          [
            177.4060142,
            -17.6420897
          ],
          [
            177.4058747,
            -17.6418954
          ],
          [
            177.4057996,
            -17.6416909
          ],
          [
            177.4057782,
            -17.6415273
          ],
          [
            177.4059069,
            -17.6413893
          ],
          [
            177.406202,
            -17.6413586
          ],
          [
            177.4063951,
            -17.6412308
          ],
          [
            177.4065238,
            -17.6410059
          ],
          [
            177.406674,
            -17.6407656
          ],
          [
            177.4068457,
            -17.6405407
          ],
          [
            177.4068725,
            -17.640418
          ],
          [
            177.4070173,
            -17.6402902
          ],
          [
            177.4071193,
            -17.6401522
          ],
          [
            177.4071246,
            -17.6400243
          ],
          [
            177.4071783,
            -17.6399195
          ],
          [
            177.4072775,
            -17.6398659
          ],
          [
            177.4075136,
            -17.6398965
          ],
          [
            177.4078757,
            -17.6398991
          ],
          [
            177.4081224,
            -17.6400474
          ],
          [
            177.4083531,
            -17.6400985
          ],
          [
            177.4084443,
            -17.6399732
          ],
          [
            177.4083129,
            -17.6398684
          ],
          [
            177.408345,
            -17.6397585
          ],
          [
            177.4084765,
            -17.6396972
          ],
          [
            177.4085113,
            -17.6395719
          ],
          [
            177.4084014,
            -17.6393981
          ],
          [
            177.4079508,
            -17.6391706
          ],
          [
            177.4077791,
            -17.6390275
          ],
          [
            177.4075645,
            -17.6389303
          ],
          [
            177.407248,
            -17.6389099
          ],
          [
            177.4069208,
            -17.6389866
          ],
          [
            177.4065721,
            -17.6390224
          ],
          [
            177.406202,
            -17.6390377
          ],
          [
            177.4059606,
            -17.6390479
          ],
          [
            177.4057889,
            -17.6389712
          ],
          [
            177.4057352,
            -17.6388588
          ],
          [
            177.405746,
            -17.638644
          ],
          [
            177.4058479,
            -17.6384753
          ],
          [
            177.4060196,
            -17.6383833
          ],
          [
            177.4063629,
            -17.6382453
          ],
          [
            177.4064916,
            -17.6380868
          ],
          [
            177.4067759,
            -17.6379795
          ],
          [
            177.4071085,
            -17.637913
          ],
          [
            177.4073285,
            -17.6378363
          ],
          [
            177.4073338,
            -17.6377085
          ],
          [
            177.407189,
            -17.6376472
          ],
          [
            177.4070173,
            -17.637596
          ],
          [
            177.4068403,
            -17.637596
          ]
        ]
      },
      "id": "way/918460741"
    },
    {
      "type": "Feature",
      "properties": {
        "@id": "way/918460742",
        "natural": "coastline"
      },
      "geometry": {
        "type": "LineString",
        "coordinates": [
          [
            177.4064246,
            -17.6360138
          ],
          [
            177.4061939,
            -17.6359933
          ],
          [
            177.405754,
            -17.6360751
          ],
          [
            177.4055502,
            -17.6361544
          ],
          [
            177.4053946,
            -17.6362899
          ],
          [
            177.4052927,
            -17.6364253
          ],
          [
            177.4051371,
            -17.6367397
          ],
          [
            177.4050674,
            -17.6369136
          ],
          [
            177.4050513,
            -17.6370541
          ],
          [
            177.4049816,
            -17.6373839
          ],
          [
            177.4048957,
            -17.6375807
          ],
          [
            177.4048018,
            -17.6377954
          ],
          [
            177.4048528,
            -17.6378261
          ],
          [
            177.405003,
            -17.6376753
          ],
          [
            177.4052015,
            -17.6374785
          ],
          [
            177.4052954,
            -17.6373353
          ],
          [
            177.4052203,
            -17.6371411
          ],
          [
            177.4052525,
            -17.6369468
          ],
          [
            177.4052632,
            -17.6368548
          ],
          [
            177.4052981,
            -17.6367218
          ],
          [
            177.4054188,
            -17.6365455
          ],
          [
            177.4056575,
            -17.6363589
          ],
          [
            177.4056977,
            -17.6363435
          ],
          [
            177.406041,
            -17.6363333
          ],
          [
            177.4063334,
            -17.6363538
          ],
          [
            177.4065667,
            -17.6363768
          ],
          [
            177.4069181,
            -17.6364483
          ],
          [
            177.407122,
            -17.6365685
          ],
          [
            177.4072561,
            -17.6366094
          ],
          [
            177.407409,
            -17.6365199
          ],
          [
            177.4073821,
            -17.636341
          ],
          [
            177.4071461,
            -17.6361978
          ],
          [
            177.4068832,
            -17.6361084
          ],
          [
            177.4066821,
            -17.63607
          ],
          [
            177.4064246,
            -17.6360138
          ]
        ]
      },
      "id": "way/918460742"
    },
    {
      "type": "Feature",
      "properties": {
        "@id": "way/918460743",
        "natural": "coastline"
      },
      "geometry": {
        "type": "LineString",
        "coordinates": [
          [
            177.4068698,
            -17.6355435
          ],
          [
            177.4064997,
            -17.6356176
          ],
          [
            177.4062288,
            -17.6356662
          ],
          [
            177.4060357,
            -17.6356432
          ],
          [
            177.4059364,
            -17.6356994
          ],
          [
            177.4062395,
            -17.6358093
          ],
          [
            177.4064809,
            -17.6358195
          ],
          [
            177.4067089,
            -17.635794
          ],
          [
            177.4069047,
            -17.6357659
          ],
          [
            177.4070522,
            -17.6357505
          ],
          [
            177.4073043,
            -17.6358349
          ],
          [
            177.4074894,
            -17.6359985
          ],
          [
            177.4076101,
            -17.6361416
          ],
          [
            177.4077791,
            -17.6362924
          ],
          [
            177.407881,
            -17.6363844
          ],
          [
            177.4079615,
            -17.636502
          ],
          [
            177.4079829,
            -17.6367627
          ],
          [
            177.4079642,
            -17.6369366
          ],
          [
            177.4079105,
            -17.6370823
          ],
          [
            177.4079347,
            -17.6372024
          ],
          [
            177.4080339,
            -17.6370772
          ],
          [
            177.4081197,
            -17.6368548
          ],
          [
            177.408109,
            -17.636594
          ],
          [
            177.4080607,
            -17.6364151
          ],
          [
            177.4079025,
            -17.6362311
          ],
          [
            177.4074519,
            -17.6358298
          ],
          [
            177.4072829,
            -17.6356892
          ],
          [
            177.4071354,
            -17.635615
          ],
          [
            177.4070469,
            -17.6355716
          ],
          [
            177.4068698,
            -17.6355435
          ]
        ]
      },
      "id": "way/918460743"
    },
    {
      "type": "Feature",
      "properties": {
        "@id": "way/918460744",
        "natural": "coastline"
      },
      "geometry": {
        "type": "LineString",
        "coordinates": [
          [
            177.4088344,
            -17.6372976
          ],
          [
            177.4091577,
            -17.6373762
          ],
          [
            177.4096352,
            -17.6372944
          ],
          [
            177.4100482,
            -17.6371513
          ],
          [
            177.4103647,
            -17.6369723
          ],
          [
            177.4107349,
            -17.6368088
          ],
          [
            177.4111211,
            -17.6367116
          ],
          [
            177.4114108,
            -17.6366912
          ],
          [
            177.4117273,
            -17.6366452
          ],
          [
            177.4121082,
            -17.6366452
          ],
          [
            177.4124569,
            -17.6366605
          ],
          [
            177.4127144,
            -17.6367116
          ],
          [
            177.4128699,
            -17.6367474
          ],
          [
            177.4129504,
            -17.6368906
          ],
          [
            177.4130416,
            -17.6370286
          ],
          [
            177.4130845,
            -17.6370644
          ],
          [
            177.4132275,
            -17.6370891
          ]
        ]
      },
      "id": "way/918460744"
    },
    {
      "type": "Feature",
      "properties": {
        "@id": "way/918460745",
        "natural": "coastline"
      },
      "geometry": {
        "type": "LineString",
        "coordinates": [
          [
            177.4132275,
            -17.6370891
          ],
          [
            177.4132334,
            -17.6368549
          ],
          [
            177.4131869,
            -17.6366203
          ],
          [
            177.4129832,
            -17.6364197
          ],
          [
            177.4126484,
            -17.6363624
          ],
          [
            177.4124504,
            -17.6364462
          ],
          [
            177.4121755,
            -17.6364765
          ],
          [
            177.4117144,
            -17.6364012
          ],
          [
            177.4105542,
            -17.6364432
          ],
          [
            177.4098337,
            -17.6364315
          ],
          [
            177.4096888,
            -17.6365741
          ],
          [
            177.4096525,
            -17.6367268
          ],
          [
            177.4097979,
            -17.6368795
          ],
          [
            177.4095398,
            -17.6370322
          ],
          [
            177.4092525,
            -17.6370613
          ],
          [
            177.4088344,
            -17.6372976
          ]
        ]
      },
      "id": "way/918460745"
    }
  ]
}