{
 "type": "FeatureCollection",
 "features": [
  {
   "id": "0",
   "type": "Feature",
   "properties": {
    "id": "s001",
    "length_m": 486,
    "existing_width_m": 0,
    "restorable_width_m": 0,
    "existing_ha": 0.0,
    "restorable_ha": 0.0,
    "wave_reduction_now": 0.0,
    "wave_reduction_restored": 0.0,
    "surge_reduction_restored_m": 0.0,
    "band_now": "exposed",
    "band_restored": "exposed",
    "people_behind": 0.0,
    "buildings_behind": 0,
    "surge_people": 0.0,
    "priority": 0.0
   },
   "geometry": {
    "type": "LineString",
    "coordinates": [
     [
      177.37,
      -17.773654121337668
     ],
     [
      177.3701084,
      -17.773522499735527
     ],
     [
      177.37029530000004,
      -17.773370099735537
     ],
     [
      177.3703832,
      -17.77333519973553
     ],
     [
      177.3706373,
      -17.77332479973552
     ],
     [
      177.3706825,
      -17.77327479973553
     ],
     [
      177.3707899,
      -17.773045599735543
     ],
     [
      177.370873,
      -17.772975799735544
     ],
     [
      177.3711014,
      -17.772953699735545
     ],
     [
      177.3712553,
      -17.77279669973555
     ],
     [
      177.371265,
      -17.772701399735524
     ],
     [
      177.3713774,
      -17.772632699735524
     ],
     [
      177.3714189,
      -17.772636199735533
     ],
     [
      177.3715435,
      -17.772582699735537
     ],
     [
      177.3717646,
      -17.77261299973555
     ],
     [
      177.371949,
      -17.772493199735543
     ],
     [
      177.3721578,
      -17.772384999735547
     ],
     [
      177.37231660000003,
      -17.772332699735543
     ],
     [
      177.3725499,
      -17.77228849973554
     ],
     [
      177.3725926,
      -17.772241999735556
     ],
     [
      177.3728455,
      -17.772266399735546
     ],
     [
      177.3731789,
      -17.772177999735543
     ],
     [
      177.373279,
      -17.772188499735545
     ],
     [
      177.3733841,
      -17.772220999735545
     ],
     [
      177.3735111,
      -17.772286099735535
     ],
     [
      177.3736271,
      -17.77231989973554
     ],
     [
      177.3737651,
      -17.772339599735545
     ],
     [
      177.37386858063186,
      -17.77240962401841
     ]
    ]
   },
   "bbox": [
    177.37,
    -17.773654121337668,
    177.37386858063186,
    -17.772177999735543
   ]
  },
  {
   "id": "1",
   "type": "Feature",
   "properties": {
    "id": "s002",
    "length_m": 486,
    "existing_width_m": 0,
    "restorable_width_m": 0,
    "existing_ha": 0.0,
    "restorable_ha": 0.0,
    "wave_reduction_now": 0.0,
    "wave_reduction_restored": 0.0,
    "surge_reduction_restored_m": 0.0,
    "band_now": "exposed",
    "band_restored": "exposed",
    "people_behind": 48.0,
    "buildings_behind": 14,
    "surge_people": 48.0,
    "priority": 0.0
   },
   "geometry": {
    "type": "LineString",
    "coordinates": [
     [
      177.37386858063186,
      -17.77240962401841
     ],
     [
      177.3740119,
      -17.772497799735554
     ],
     [
      177.37408880000004,
      -17.772469899735547
     ],
     [
      177.3741413,
      -17.772480399735535
     ],
     [
      177.3743261,
      -17.77234739973554
     ],
     [
      177.3743634,
      -17.772275299735554
     ],
     [
      177.37444160000004,
      -17.771743299735547
     ],
     [
      177.3743522,
      -17.771190199735557
     ],
     [
      177.3742517,
      -17.770849699735557
     ],
     [
      177.3742182,
      -17.770573099735582
     ],
     [
      177.3742517,
      -17.770339099735562
     ],
     [
      177.3743857,
      -17.770083799735577
     ],
     [
      177.374531,
      -17.769860399735567
     ],
     [
      177.3747879,
      -17.769658199735588
     ],
     [
      177.3748773,
      -17.769732699735567
     ],
     [
      177.3746762,
      -17.77004119973558
     ],
     [
      177.3745125545696,
      -17.770499332459266
     ]
    ]
   },
   "bbox": [
    177.37386858063186,
    -17.772497799735554,
    177.3748773,
    -17.769658199735588
   ]
  },
  {
   "id": "2",
   "type": "Feature",
   "properties": {
    "id": "s003",
    "length_m": 486,
    "existing_width_m": 0,
    "restorable_width_m": 0,
    "existing_ha": 0.0,
    "restorable_ha": 0.0,
    "wave_reduction_now": 0.0,
    "wave_reduction_restored": 0.0,
    "surge_reduction_restored_m": 0.0,
    "band_now": "exposed",
    "band_restored": "exposed",
    "people_behind": 20.0,
    "buildings_behind": 13,
    "surge_people": 20.0,
    "priority": 0.0
   },
   "geometry": {
    "type": "LineString",
    "coordinates": [
     [
      177.3745125545696,
      -17.770499332459266
     ],
     [
      177.3744863,
      -17.77058379973555
     ],
     [
      177.3745086,
      -17.77089229973556
     ],
     [
      177.37466500000002,
      -17.77148799973556
     ],
     [
      177.3748843,
      -17.771638099735547
     ],
     [
      177.3750753,
      -17.771705199735564
     ],
     [
      177.375363,
      -17.771671699735563
     ],
     [
      177.3755436,
      -17.77154019973555
     ],
     [
      177.3756488,
      -17.771370799735553
     ],
     [
      177.3756741,
      -17.771197099735563
     ],
     [
      177.3756034,
      -17.770883399735556
     ],
     [
      177.3755811,
      -17.77062629973555
     ],
     [
      177.3756369,
      -17.77048799973556
     ],
     [
      177.3758045,
      -17.770360399735583
     ],
     [
      177.3760726,
      -17.770243299735565
     ],
     [
      177.3763184,
      -17.770200799735587
     ],
     [
      177.3767094,
      -17.770232699735566
     ],
     [
      177.3768434,
      -17.770339099735576
     ],
     [
      177.3768762472046,
      -17.77039121123987
     ]
    ]
   },
   "bbox": [
    177.3744863,
    -17.771705199735564,
    177.3768762472046,
    -17.770200799735587
   ]
  },
  {
   "id": "3",
   "type": "Feature",
   "properties": {
    "id": "s004",
    "length_m": 486,
    "existing_width_m": 0,
    "restorable_width_m": 0,
    "existing_ha": 0.0,
    "restorable_ha": 0.0,
    "wave_reduction_now": 0.0,
    "wave_reduction_restored": 0.0,
    "surge_reduction_restored_m": 0.0,
    "band_now": "exposed",
    "band_restored": "exposed",
    "people_behind": 32.0,
    "buildings_behind": 10,
    "surge_people": 32.0,
    "priority": 0.0
   },
   "geometry": {
    "type": "LineString",
    "coordinates": [
     [
      177.3768762472046,
      -17.77039121123987
     ],
     [
      177.376944,
      -17.770498699735576
     ],
     [
      177.3770333,
      -17.770753999735557
     ],
     [
      177.3771227,
      -17.770870999735564
     ],
     [
      177.3772791,
      -17.770977399735568
     ],
     [
      177.37744670000004,
      -17.77100929973555
     ],
     [
      177.3776254,
      -17.771009299735564
     ],
     [
      177.3778153,
      -17.770934799735556
     ],
     [
      177.3779606,
      -17.770807199735554
     ],
     [
      177.3780276,
      -17.770647599735565
     ],
     [
      177.3780164,
      -17.770360399735562
     ],
     [
      177.3779606,
      -17.770104999735583
     ],
     [
      177.3778377,
      -17.769870999735566
     ],
     [
      177.3776254,
      -17.769604999735584
     ],
     [
      177.3773908,
      -17.769413499735577
     ],
     [
      177.3771339,
      -17.769264599735582
     ],
     [
      177.37677640000004,
      -17.769190099735585
     ],
     [
      177.3763742,
      -17.769168899735583
     ],
     [
      177.3760516958184,
      -17.7691874485766
     ]
    ]
   },
   "bbox": [
    177.3760516958184,
    -17.771009299735564,
    177.3780276,
    -17.769168899735583
   ]
  },
  {
   "id": "4",
   "type": "Feature",
   "properties": {
    "id": "s005",
    "length_m": 486,
    "existing_width_m": 0,
    "restorable_width_m": 0,
    "existing_ha": 0.0,
    "restorable_ha": 0.0,
    "wave_reduction_now": 0.0,
    "wave_reduction_restored": 0.0,
    "surge_reduction_restored_m": 0.0,
    "band_now": "exposed",
    "band_restored": "exposed",
    "people_behind": 64.0,
    "buildings_behind": 21,
    "surge_people": 64.0,
    "priority": 0.0
   },
   "geometry": {
    "type": "LineString",
    "coordinates": [
     [
      177.3760516958184,
      -17.7691874485766
     ],
     [
      177.3755922,
      -17.769285899735593
     ],
     [
      177.37521240000004,
      -17.76945609973558
     ],
     [
      177.3751007,
      -17.769477399735575
     ],
     [
      177.3750225,
      -17.769392299735575
     ],
     [
      177.3753911,
      -17.76912629973559
     ],
     [
      177.3756593,
      -17.76898799973559
     ],
     [
      177.3760391,
      -17.768870999735583
     ],
     [
      177.3764301,
      -17.768839099735583
     ],
     [
      177.3768211,
      -17.76884969973558
     ],
     [
      177.3771897,
      -17.768934799735582
     ],
     [
      177.3774802,
      -17.769051799735585
     ],
     [
      177.3779271,
      -17.76930449973558
     ],
     [
      177.37814923511127,
      -17.769493812833133
     ]
    ]
   },
   "bbox": [
    177.3750225,
    -17.769493812833133,
    177.37814923511127,
    -17.768839099735583
   ]
  },
  {
   "id": "5",
   "type": "Feature",
   "properties": {
    "id": "s006",
    "length_m": 486,
    "existing_width_m": 18,
    "restorable_width_m": 0,
    "existing_ha": 0.9,
    "restorable_ha": 0.0,
    "wave_reduction_now": 0.024,
    "wave_reduction_restored": 0.024,
    "surge_reduction_restored_m": 0.002,
    "band_now": "exposed",
    "band_restored": "exposed",
    "people_behind": 28.0,
    "buildings_behind": 11,
    "surge_people": 28.0,
    "priority": 0.0
   },
   "geometry": {
    "type": "LineString",
    "coordinates": [
     [
      177.37814923511127,
      -17.769493812833133
     ],
     [
      177.3781924,
      -17.769530599735575
     ],
     [
      177.3784018,
      -17.76988959973557
     ],
     [
      177.3785135,
      -17.77028859973557
     ],
     [
      177.3786672,
      -17.770487999735565
     ],
     [
      177.3788068,
      -17.77062099973556
     ],
     [
      177.3792397,
      -17.770700799735557
     ],
     [
      177.3793654,
      -17.770620999735563
     ],
     [
      177.3797703,
      -17.77060769973557
     ],
     [
      177.3798541,
      -17.770448099735564
     ],
     [
      177.3798122,
      -17.770155599735563
     ],
     [
      177.3796028,
      -17.769597099735574
     ],
     [
      177.3794631,
      -17.769304499735576
     ],
     [
      177.3794491,
      -17.76915819973559
     ],
     [
      177.3797564,
      -17.76897209973558
     ],
     [
      177.3799788075022,
      -17.768875810099086
     ]
    ]
   },
   "bbox": [
    177.37814923511127,
    -17.770700799735557,
    177.3799788075022,
    -17.768875810099086
   ]
  },
  {
   "id": "6",
   "type": "Feature",
   "properties": {
    "id": "s007",
    "length_m": 486,
    "existing_width_m": 70,
    "restorable_width_m": 0,
    "existing_ha": 3.4,
    "restorable_ha": 0.0,
    "wave_reduction_now": 0.091,
    "wave_reduction_restored": 0.091,
    "surge_reduction_restored_m": 0.007,
    "band_now": "exposed",
    "band_restored": "exposed",
    "people_behind": 24.0,
    "buildings_behind": 12,
    "surge_people": 24.0,
    "priority": 0.0
   },
   "geometry": {
    "type": "LineString",
    "coordinates": [
     [
      177.3799788075022,
      -17.768875810099086
     ],
     [
      177.3803708,
      -17.7687459997356
     ],
     [
      177.3809433,
      -17.76863959973559
     ],
     [
      177.38151590000004,
      -17.76847999973558
     ],
     [
      177.381837,
      -17.768413499735583
     ],
     [
      177.3822096,
      -17.768278899735588
     ],
     [
      177.382677,
      -17.76792639973559
     ],
     [
      177.3830532,
      -17.767692099735594
     ],
     [
      177.3838484,
      -17.767396399735613
     ],
     [
      177.3840871,
      -17.767273799735605
     ],
     [
      177.38416017991358,
      -17.767219369832006
     ]
    ]
   },
   "bbox": [
    177.3799788075022,
    -17.768875810099086,
    177.38416017991358,
    -17.767219369832006
   ]
  },
  {
   "id": "7",
   "type": "Feature",
   "properties": {
    "id": "s008",
    "length_m": 486,
    "existing_width_m": 98,
    "restorable_width_m": 0,
    "existing_ha": 4.8,
    "restorable_ha": 0.0,
    "wave_reduction_now": 0.128,
    "wave_reduction_restored": 0.128,
    "surge_reduction_restored_m": 0.01,
    "band_now": "exposed",
    "band_restored": "exposed",
    "people_behind": 12.0,
    "buildings_behind": 4,
    "surge_people": 12.0,
    "priority": 0.0
   },
   "geometry": {
    "type": "LineString",
    "coordinates": [
     [
      177.38416017991358,
      -17.767219369832006
     ],
     [
      177.38458200000002,
      -17.766854899735605
     ],
     [
      177.3847242,
      -17.766709299735606
     ],
     [
      177.3858339,
      -17.765284699735634
     ],
     [
      177.3862021,
      -17.765106499735644
     ],
     [
      177.38555881324328,
      -17.763768839556622
     ]
    ]
   },
   "bbox": [
    177.38416017991358,
    -17.767219369832006,
    177.3862021,
    -17.763768839556622
   ]
  },
  {
   "id": "8",
   "type": "Feature",
   "properties": {
    "id": "s009",
    "length_m": 486,
    "existing_width_m": 0,
    "restorable_width_m": 0,
    "existing_ha": 0.0,
    "restorable_ha": 0.0,
    "wave_reduction_now": 0.0,
    "wave_reduction_restored": 0.0,
    "surge_reduction_restored_m": 0.0,
    "band_now": "exposed",
    "band_restored": "exposed",
    "people_behind": 44.0,
    "buildings_behind": 11,
    "surge_people": 44.0,
    "priority": 0.0
   },
   "geometry": {
    "type": "LineString",
    "coordinates": [
     [
      177.38555881324328,
      -17.763768839556622
     ],
     [
      177.3852024,
      -17.763027699735662
     ],
     [
      177.3850628,
      -17.763213899735653
     ],
     [
      177.3851745,
      -17.763479899735653
     ],
     [
      177.3852303,
      -17.763798999735652
     ],
     [
      177.3851186,
      -17.76393199973565
     ],
     [
      177.3848812,
      -17.764064999735645
     ],
     [
      177.3846997,
      -17.76430439973564
     ],
     [
      177.3844623,
      -17.764783099735634
     ],
     [
      177.3840434,
      -17.765182099735632
     ],
     [
      177.3833591,
      -17.765607599735638
     ],
     [
      177.38323475140572,
      -17.765651393017066
     ]
    ]
   },
   "bbox": [
    177.38323475140572,
    -17.765651393017066,
    177.38555881324328,
    -17.763027699735662
   ]
  },
  {
   "id": "9",
   "type": "Feature",
   "properties": {
    "id": "s010",
    "length_m": 486,
    "existing_width_m": 0,
    "restorable_width_m": 0,
    "existing_ha": 0.0,
    "restorable_ha": 0.0,
    "wave_reduction_now": 0.0,
    "wave_reduction_restored": 0.0,
    "surge_reduction_restored_m": 0.0,
    "band_now": "exposed",
    "band_restored": "exposed",
    "people_behind": 76.0,
    "buildings_behind": 19,
    "surge_people": 76.0,
    "priority": 0.0
   },
   "geometry": {
    "type": "LineString",
    "coordinates": [
     [
      177.38323475140572,
      -17.765651393017066
     ],
     [
      177.382687,
      -17.765844299735644
     ],
     [
      177.3807757,
      -17.766432099735596
     ],
     [
      177.37881743607701,
      -17.76677702256255
     ]
    ]
   },
   "bbox": [
    177.37881743607701,
    -17.76677702256255,
    177.38323475140572,
    -17.765651393017066
   ]
  },
  {
   "id": "10",
   "type": "Feature",
   "properties": {
    "id": "s011",
    "length_m": 486,
    "existing_width_m": 0,
    "restorable_width_m": 0,
    "existing_ha": 0.0,
    "restorable_ha": 0.0,
    "wave_reduction_now": 0.0,
    "wave_reduction_restored": 0.0,
    "surge_reduction_restored_m": 0.0,
    "band_now": "exposed",
    "band_restored": "exposed",
    "people_behind": 72.0,
    "buildings_behind": 19,
    "surge_people": 72.0,
    "priority": 0.0
   },
   "geometry": {
    "type": "LineString",
    "coordinates": [
     [
      177.37881743607701,
      -17.76677702256255
     ],
     [
      177.3767122,
      -17.767190099735608
     ],
     [
      177.3752739,
      -17.767535899735584
     ],
     [
      177.3745756,
      -17.767682099735598
     ],
     [
      177.37434289061608,
      -17.767716156471202
     ]
    ]
   },
   "bbox": [
    177.37434289061608,
    -17.767716156471202,
    177.37881743607701,
    -17.76677702256255
   ]
  },
  {
   "id": "11",
   "type": "Feature",
   "properties": {
    "id": "s012",
    "length_m": 486,
    "existing_width_m": 0,
    "restorable_width_m": 0,
    "existing_ha": 0.0,
    "restorable_ha": 0.0,
    "wave_reduction_now": 0.0,
    "wave_reduction_restored": 0.0,
    "surge_reduction_restored_m": 0.0,
    "band_now": "exposed",
    "band_restored": "exposed",
    "people_behind": 56.0,
    "buildings_behind": 21,
    "surge_people": 56.0,
    "priority": 0.0
   },
   "geometry": {
    "type": "LineString",
    "coordinates": [
     [
      177.37434289061608,
      -17.767716156471202
     ],
     [
      177.3729929,
      -17.76793189973559
     ],
     [
      177.3721832,
      -17.767995499735594
     ],
     [
      177.3713934,
      -17.7681209997356
     ],
     [
      177.3706517,
      -17.768346999735595
     ],
     [
      177.3701909,
      -17.768639599735593
     ],
     [
      177.37,
      -17.768821349844515
     ]
    ]
   },
   "bbox": [
    177.37,
    -17.768821349844515,
    177.37434289061608,
    -17.767716156471202
   ]
  },
  {
   "id": "12",
   "type": "Feature",
   "properties": {
    "id": "s013",
    "length_m": 505,
    "existing_width_m": 138,
    "restorable_width_m": 0,
    "existing_ha": 7.0,
    "restorable_ha": 0.0,
    "wave_reduction_now": 0.179,
    "wave_reduction_restored": 0.179,
    "surge_reduction_restored_m": 0.014,
    "band_now": "exposed",
    "band_restored": "exposed",
    "people_behind": 0.0,
    "buildings_behind": 0,
    "surge_people": 0.0,
    "priority": 0.0
   },
   "geometry": {
    "type": "LineString",
    "coordinates": [
     [
      177.37,
      -17.779749586252294
     ],
     [
      177.3703399,
      -17.779787799735445
     ],
     [
      177.37072200000003,
      -17.779792499735443
     ],
     [
      177.3707824,
      -17.77980349973546
     ],
     [
      177.3708973,
      -17.779861799735453
     ],
     [
      177.3709883,
      -17.78000909973545
     ],
     [
      177.3711372,
      -17.780138999735442
     ],
     [
      177.3712711,
      -17.780397299735444
     ],
     [
      177.3713472,
      -17.780470499735447
     ],
     [
      177.3714555,
      -17.780503599735436
     ],
     [
      177.3716457,
      -17.78062089973545
     ],
     [
      177.3717706,
      -17.78066269973543
     ],
     [
      177.3719575,
      -17.780805199735443
     ],
     [
      177.3720799,
      -17.780753199735436
     ],
     [
      177.372137,
      -17.780707599735454
     ],
     [
      177.3724281,
      -17.78072649973544
     ],
     [
      177.372529,
      -17.78078629973543
     ],
     [
      177.3725488,
      -17.780842199735435
     ],
     [
      177.3727332,
      -17.781014699735433
     ],
     [
      177.3728531,
      -17.78102649973543
     ],
     [
      177.3729218,
      -17.780998099735438
     ],
     [
      177.3729921,
      -17.78099579973544
     ],
     [
      177.37309050000002,
      -17.781014699735426
     ],
     [
      177.3732145,
      -17.781063499735428
     ],
     [
      177.3733435,
      -17.78107849973543
     ],
     [
      177.3735809,
      -17.781009199735447
     ],
     [
      177.3736487,
      -17.78103039973544
     ],
     [
      177.373757,
      -17.78115169973544
     ],
     [
      177.37394970000003,
      -17.78120759973542
     ],
     [
      177.37401948345132,
      -17.781246508057023
     ]
    ]
   },
   "bbox": [
    177.37,
    -17.781246508057023,
    177.37401948345132,
    -17.779749586252294
   ]
  },
  {
   "id": "13",
   "type": "Feature",
   "properties": {
    "id": "s014",
    "length_m": 505,
    "existing_width_m": 815,
    "restorable_width_m": 0,
    "existing_ha": 41.1,
    "restorable_ha": 0.0,
    "wave_reduction_now": 0.66,
    "wave_reduction_restored": 0.66,
    "surge_reduction_restored_m": 0.082,
    "band_now": "strong",
    "band_restored": "strong",
    "people_behind": 0.0,
    "buildings_behind": 0,
    "surge_people": 0.0,
    "priority": 0.0
   },
   "geometry": {
    "type": "LineString",
    "coordinates": [
     [
      177.37401948345132,
      -17.781246508057023
     ],
     [
      177.3741283,
      -17.781272999735418
     ],
     [
      177.3742251,
      -17.781250099735427
     ],
     [
      177.3745559,
      -17.781282399735414
     ],
     [
      177.3746651,
      -17.781247799735425
     ],
     [
      177.3747254,
      -17.78120519973543
     ],
     [
      177.3747808,
      -17.78113829973544
     ],
     [
      177.3747883,
      -17.781009899735434
     ],
     [
      177.374823,
      -17.780898899735423
     ],
     [
      177.3750959,
      -17.780819299735434
     ],
     [
      177.3753918,
      -17.780804799735428
     ],
     [
      177.375552,
      -17.780779199735438
     ],
     [
      177.3757251,
      -17.780833799735433
     ],
     [
      177.3758456,
      -17.78083599973544
     ],
     [
      177.3759415,
      -17.78080029973545
     ],
     [
      177.3760607,
      -17.78067449973544
     ],
     [
      177.3761941,
      -17.780642199735443
     ],
     [
      177.3763297,
      -17.78064779973543
     ],
     [
      177.3764677,
      -17.78062659973544
     ],
     [
      177.3765274,
      -17.780553099735435
     ],
     [
      177.3766128,
      -17.780497399735445
     ],
     [
      177.3766946,
      -17.780467399735432
     ],
     [
      177.3768853,
      -17.780451799735445
     ],
     [
      177.37695080000003,
      -17.780375999735455
     ],
     [
      177.3771683,
      -17.780207899735448
     ],
     [
      177.3773145,
      -17.780185599735457
     ],
     [
      177.3774279,
      -17.780120999735445
     ],
     [
      177.3774958,
      -17.779952799735458
     ],
     [
      177.3775963,
      -17.77985819973546
     ],
     [
      177.3776946,
      -17.779820299735444
     ],
     [
      177.3778127,
      -17.779816999735456
     ],
     [
      177.377932,
      -17.779783599735453
     ],
     [
      177.3779928033414,
      -17.77968888357915
     ]
    ]
   },
   "bbox": [
    177.37401948345132,
    -17.781282399735414,
    177.3779928033414,
    -17.77968888357915
   ]
  },
  {
   "id": "14",
   "type": "Feature",
   "properties": {
    "id": "s015",
    "length_m": 505,
    "existing_width_m": 104,
    "restorable_width_m": 0,
    "existing_ha": 5.3,
    "restorable_ha": 0.0,
    "wave_reduction_now": 0.136,
    "wave_reduction_restored": 0.136,
    "surge_reduction_restored_m": 0.01,
    "band_now": "exposed",
    "band_restored": "exposed",
    "people_behind": 40.0,
    "buildings_behind": 11,
    "surge_people": 40.0,
    "priority": 0.0
   },
   "geometry": {
    "type": "LineString",
    "coordinates": [
     [
      177.3779928033414,
      -17.77968888357915
     ],
     [
      177.3781951,
      -17.779375999735453
     ],
     [
      177.37827930000003,
      -17.779336999735456
     ],
     [
      177.3785939,
      -17.77941269973545
     ],
     [
      177.3786945,
      -17.779475099735457
     ],
     [
      177.3788208,
      -17.779605399735466
     ],
     [
      177.3790501,
      -17.779630999735456
     ],
     [
      177.3791799,
      -17.779570899735457
     ],
     [
      177.3793448,
      -17.779411599735454
     ],
     [
      177.3793424,
      -17.779192199735448
     ],
     [
      177.3794091,
      -17.779006199735445
     ],
     [
      177.3798968,
      -17.77846609973546
     ],
     [
      177.3801015,
      -17.778206599735466
     ],
     [
      177.3801903,
      -17.778032899735468
     ],
     [
      177.3803482,
      -17.77784349973548
     ],
     [
      177.380505,
      -17.777690999735487
     ],
     [
      177.3808921,
      -17.777373599735483
     ],
     [
      177.3810231,
      -17.77724269973549
     ],
     [
      177.381105453979,
      -17.77713193985242
     ]
    ]
   },
   "bbox": [
    177.3779928033414,
    -17.77968888357915,
    177.381105453979,
    -17.77713193985242
   ]
  },
  {
   "id": "15",
   "type": "Feature",
   "properties": {
    "id": "s016",
    "length_m": 505,
    "existing_width_m": 405,
    "restorable_width_m": 0,
    "existing_ha": 20.4,
    "restorable_ha": 0.0,
    "wave_reduction_now": 0.527,
    "wave_reduction_restored": 0.527,
    "surge_reduction_restored_m": 0.041,
    "band_now": "strong",
    "band_restored": "strong",
    "people_behind": 32.0,
    "buildings_behind": 13,
    "surge_people": 32.0,
    "priority": 0.0
   },
   "geometry": {
    "type": "LineString",
    "coordinates": [
     [
      177.381105453979,
      -17.77713193985242
     ],
     [
      177.38132540000004,
      -17.776788899735482
     ],
     [
      177.3814184,
      -17.776671899735497
     ],
     [
      177.3822148,
      -17.775978699735493
     ],
     [
      177.3822949,
      -17.775883999735488
     ],
     [
      177.3823364,
      -17.775753199735494
     ],
     [
      177.382344,
      -17.77563009973552
     ],
     [
      177.3822399,
      -17.77535999973551
     ],
     [
      177.3821359,
      -17.775273699735504
     ],
     [
      177.3817506,
      -17.7752197997355
     ],
     [
      177.38168140000002,
      -17.77523609973551
     ],
     [
      177.381333,
      -17.7753855997355
     ],
     [
      177.3810307,
      -17.7755593997355
     ],
     [
      177.3808576,
      -17.775723599735503
     ],
     [
      177.3807231,
      -17.775804399735495
     ],
     [
      177.3804991,
      -17.775842299735487
     ],
     [
      177.380364,
      -17.775917399735505
     ],
     [
      177.3803371,
      -17.776085599735488
     ],
     [
      177.38034543287904,
      -17.77619264519508
     ]
    ]
   },
   "bbox": [
    177.3803371,
    -17.77713193985242,
    177.382344,
    -17.7752197997355
   ]
  },
  {
   "id": "16",
   "type": "Feature",
   "properties": {
    "id": "s017",
    "length_m": 505,
    "existing_width_m": 225,
    "restorable_width_m": 0,
    "existing_ha": 11.3,
    "restorable_ha": 0.0,
    "wave_reduction_now": 0.292,
    "wave_reduction_restored": 0.292,
    "surge_reduction_restored_m": 0.022,
    "band_now": "partial",
    "band_restored": "partial",
    "people_behind": 40.0,
    "buildings_behind": 18,
    "surge_people": 40.0,
    "priority": 0.0
   },
   "geometry": {
    "type": "LineString",
    "coordinates": [
     [
      177.38034543287904,
      -17.77619264519508
     ],
     [
      177.3803488,
      -17.776235899735497
     ],
     [
      177.3802628,
      -17.77648159973549
     ],
     [
      177.38005,
      -17.77670209973548
     ],
     [
      177.3797623,
      -17.77687369973548
     ],
     [
      177.3795985,
      -17.77700729973548
     ],
     [
      177.3794441,
      -17.77720329973548
     ],
     [
      177.379229,
      -17.777352499735485
     ],
     [
      177.3790418,
      -17.777450499735476
     ],
     [
      177.3787144,
      -17.777537399735458
     ],
     [
      177.3783518,
      -17.777379299735475
     ],
     [
      177.3780547,
      -17.777270099735492
     ],
     [
      177.3777249,
      -17.77716769973548
     ],
     [
      177.3774513,
      -17.777103099735477
     ],
     [
      177.3771261,
      -17.776976099735485
     ],
     [
      177.3769297,
      -17.776971699735476
     ],
     [
      177.3767028,
      -17.777120899735483
     ],
     [
      177.3765858,
      -17.77723669973549
     ],
     [
      177.37653121251284,
      -17.777384764818887
     ]
    ]
   },
   "bbox": [
    177.37653121251284,
    -17.777537399735458,
    177.3803488,
    -17.77619264519508
   ]
  },
  {
   "id": "17",
   "type": "Feature",
   "properties": {
    "id": "s018",
    "length_m": 505,
    "existing_width_m": 31,
    "restorable_width_m": 0,
    "existing_ha": 1.6,
    "restorable_ha": 0.0,
    "wave_reduction_now": 0.041,
    "wave_reduction_restored": 0.041,
    "surge_reduction_restored_m": 0.003,
    "band_now": "exposed",
    "band_restored": "exposed",
    "people_behind": 0.0,
    "buildings_behind": 0,
    "surge_people": 0.0,
    "priority": 0.0
   },
   "geometry": {
    "type": "LineString",
    "coordinates": [
     [
      177.37653121251284,
      -17.777384764818887
     ],
     [
      177.3764618,
      -17.777597599735483
     ],
     [
      177.3764502,
      -17.77776459973547
     ],
     [
      177.3764712,
      -17.777895999735474
     ],
     [
      177.3765671,
      -17.778022999735477
     ],
     [
      177.3766045,
      -17.778149899735478
     ],
     [
      177.3765554,
      -17.778308099735476
     ],
     [
      177.3765531,
      -17.77891169973547
     ],
     [
      177.37648060000004,
      -17.779172299735468
     ],
     [
      177.3764618,
      -17.779368299735456
     ],
     [
      177.3764057,
      -17.77962889973546
     ],
     [
      177.3761367,
      -17.779829399735437
     ],
     [
      177.3758373,
      -17.77990289973545
     ],
     [
      177.3756993,
      -17.779862799735465
     ],
     [
      177.3751847,
      -17.779579399735447
     ],
     [
      177.3751367,
      -17.779530599735455
     ],
     [
      177.3750308,
      -17.779159699735462
     ],
     [
      177.3748696,
      -17.77904469973546
     ],
     [
      177.37471000000002,
      -17.778888799735462
     ],
     [
      177.37466278926038,
      -17.77886144110211
     ]
    ]
   },
   "bbox": [
    177.37466278926038,
    -17.77990289973545,
    177.3766045,
    -17.777384764818887
   ]
  },
  {
   "id": "18",
   "type": "Feature",
   "properties": {
    "id": "s019",
    "length_m": 505,
    "existing_width_m": 2,
    "restorable_width_m": 0,
    "existing_ha": 0.1,
    "restorable_ha": 0.0,
    "wave_reduction_now": 0.002,
    "wave_reduction_restored": 0.002,
    "surge_reduction_restored_m": 0.0,
    "band_now": "exposed",
    "band_restored": "exposed",
    "people_behind": 0.0,
    "buildings_behind": 0,
    "surge_people": 0.0,
    "priority": 0.0
   },
   "geometry": {
    "type": "LineString",
    "coordinates": [
     [
      177.37466278926038,
      -17.77886144110211
     ],
     [
      177.3745578,
      -17.778800599735472
     ],
     [
      177.3744429,
      -17.77882349973547
     ],
     [
      177.3742957,
      -17.77888249973547
     ],
     [
      177.3741253,
      -17.778981699735454
     ],
     [
      177.3740525,
      -17.779062899735447
     ],
     [
      177.3739227,
      -17.779125899735465
     ],
     [
      177.3738739,
      -17.77913139973545
     ],
     [
      177.3737184,
      -17.779251099735458
     ],
     [
      177.373582,
      -17.77926839973547
     ],
     [
      177.3734315,
      -17.779239299735472
     ],
     [
      177.3732735,
      -17.779288099735464
     ],
     [
      177.3732049,
      -17.779336899735462
     ],
     [
      177.3730271,
      -17.77938099973546
     ],
     [
      177.3728211,
      -17.779552699735447
     ],
     [
      177.3727219,
      -17.77961249973545
     ],
     [
      177.3726094,
      -17.77959359973545
     ],
     [
      177.3724548,
      -17.779609399735453
     ],
     [
      177.3723291,
      -17.779674699735438
     ],
     [
      177.3722646,
      -17.779746399735448
     ],
     [
      177.3719487,
      -17.779702299735444
     ],
     [
      177.3716493,
      -17.77971729973545
     ],
     [
      177.3715716,
      -17.77968499973545
     ],
     [
      177.37148230000003,
      -17.779601499735445
     ],
     [
      177.3713781,
      -17.77960779973546
     ],
     [
      177.3712598,
      -17.779640099735456
     ],
     [
      177.37113910000002,
      -17.779644799735458
     ],
     [
      177.3710671,
      -17.77957469973545
     ],
     [
      177.3710886,
      -17.779451099735454
     ],
     [
      177.371149,
      -17.779351899735456
     ],
     [
      177.37112,
      -17.779186499735463
     ],
     [
      177.37096312627008,
      -17.778920788874736
     ]
    ]
   },
   "bbox": [
    177.37096312627008,
    -17.779746399735448,
    177.37466278926038,
    -17.778800599735472
   ]
  },
  {
   "id": "19",
   "type": "Feature",
   "properties": {
    "id": "s020",
    "length_m": 505,
    "existing_width_m": 0,
    "restorable_width_m": 0,
    "existing_ha": 0.0,
    "restorable_ha": 0.0,
    "wave_reduction_now": 0.0,
    "wave_reduction_restored": 0.0,
    "surge_reduction_restored_m": 0.0,
    "band_now": "exposed",
    "band_restored": "exposed",
    "people_behind": 0.0,
    "buildings_behind": 0,
    "surge_people": 0.0,
    "priority": 0.0
   },
   "geometry": {
    "type": "LineString",
    "coordinates": [
     [
      177.37096312627008,
      -17.778920788874736
     ],
     [
      177.370915,
      -17.778760499735473
     ],
     [
      177.3708223,
      -17.77868879973547
     ],
     [
      177.3706826,
      -17.778641499735453
     ],
     [
      177.3706073,
      -17.778328099735464
     ],
     [
      177.3706247,
      -17.778194299735468
     ],
     [
      177.3707272,
      -17.778139099735476
     ],
     [
      177.3709265,
      -17.778135999735476
     ],
     [
      177.3709985,
      -17.77811629973545
     ],
     [
      177.3710696,
      -17.77807299973547
     ],
     [
      177.3711887,
      -17.77804939973548
     ],
     [
      177.3713086,
      -17.77806589973547
     ],
     [
      177.3714798,
      -17.778049399735476
     ],
     [
      177.3715459,
      -17.77800449973547
     ],
     [
      177.37167,
      -17.77778629973548
     ],
     [
      177.3717742,
      -17.777719399735474
     ],
     [
      177.3718145,
      -17.777652099735477
     ],
     [
      177.3717709,
      -17.777493499735467
     ],
     [
      177.3717015,
      -17.77740849973549
     ],
     [
      177.3716777,
      -17.777348099735484
     ],
     [
      177.3717015,
      -17.77714409973549
     ],
     [
      177.3716697,
      -17.776983599735473
     ],
     [
      177.3716697,
      -17.776751299735498
     ],
     [
      177.37164,
      -17.776694599735485
     ],
     [
      177.371515,
      -17.776588799735492
     ],
     [
      177.3714972,
      -17.776492499735497
     ],
     [
      177.3714575,
      -17.776403799735498
     ],
     [
      177.3713246,
      -17.776262099735487
     ],
     [
      177.371279,
      -17.776180899735497
     ],
     [
      177.3712632,
      -17.776101599735497
     ],
     [
      177.3711878,
      -17.775920299735496
     ],
     [
      177.3711838,
      -17.7758446997355
     ],
     [
      177.3711025,
      -17.775710699735516
     ],
     [
      177.37106706096483,
      -17.775561436803756
     ]
    ]
   },
   "bbox": [
    177.3706073,
    -17.778920788874736,
    177.3718145,
    -17.775561436803756
   ]
  },
  {
   "id": "20",
   "type": "Feature",
   "properties": {
    "id": "s021",
    "length_m": 505,
    "existing_width_m": 0,
    "restorable_width_m": 0,
    "existing_ha": 0.0,
    "restorable_ha": 0.0,
    "wave_reduction_now": 0.0,
    "wave_reduction_restored": 0.0,
    "surge_reduction_restored_m": 0.0,
    "band_now": "exposed",
    "band_restored": "exposed",
    "people_behind": 0.0,
    "buildings_behind": 0,
    "surge_people": 0.0,
    "priority": 0.0
   },
   "geometry": {
    "type": "LineString",
    "coordinates": [
     [
      177.37106706096483,
      -17.775561436803756
     ],
     [
      177.3710708,
      -17.77548029973551
     ],
     [
      177.3711065,
      -17.775393399735503
     ],
     [
      177.3711422,
      -17.775342399735496
     ],
     [
      177.3712334,
      -17.775280099735497
     ],
     [
      177.371281,
      -17.7752214997355
     ],
     [
      177.3713167,
      -17.774992999735503
     ],
     [
      177.3714377,
      -17.77493069973551
     ],
     [
      177.3715269,
      -17.774930699735513
     ],
     [
      177.3715825,
      -17.774906099735507
     ],
     [
      177.3718383,
      -17.774709699735496
     ],
     [
      177.3720128,
      -17.774517099735526
     ],
     [
      177.372118,
      -17.774331999735537
     ],
     [
      177.37235,
      -17.774129899735513
     ],
     [
      177.3725582,
      -17.77383719973553
     ],
     [
      177.3727109,
      -17.77370499973554
     ],
     [
      177.3728022,
      -17.773540699735527
     ],
     [
      177.3730104,
      -17.77331399973553
     ],
     [
      177.3733595,
      -17.773210199735534
     ],
     [
      177.3736074,
      -17.77327439973554
     ],
     [
      177.3737918,
      -17.77321389973553
     ],
     [
      177.3739108,
      -17.773117599735535
     ],
     [
      177.3739307,
      -17.77304399973554
     ],
     [
      177.3739366,
      -17.772872099735544
     ],
     [
      177.3739921,
      -17.77267949973554
     ],
     [
      177.3739712,
      -17.772619999735518
     ],
     [
      177.37391233484854,
      -17.7725883143109
     ]
    ]
   },
   "bbox": [
    177.37106706096483,
    -17.775561436803756,
    177.3739921,
    -17.7725883143109
   ]
  },
  {
   "id": "21",
   "type": "Feature",
   "properties": {
    "id": "s022",
    "length_m": 505,
    "existing_width_m": 0,
    "restorable_width_m": 0,
    "existing_ha": 0.0,
    "restorable_ha": 0.0,
    "wave_reduction_now": 0.0,
    "wave_reduction_restored": 0.0,
    "surge_reduction_restored_m": 0.0,
    "band_now": "exposed",
    "band_restored": "exposed",
    "people_behind": 0.0,
    "buildings_behind": 0,
    "surge_people": 0.0,
    "priority": 0.0
   },
   "geometry": {
    "type": "LineString",
    "coordinates": [
     [
      177.37391233484854,
      -17.7725883143109
     ],
     [
      177.3737537,
      -17.772496299735554
     ],
     [
      177.3735685,
      -17.772450599735553
     ],
     [
      177.373375,
      -17.77235539973555
     ],
     [
      177.373136,
      -17.77231759973555
     ],
     [
      177.3729119,
      -17.772411299735545
     ],
     [
      177.3726877,
      -17.77244909973553
     ],
     [
      177.3725075,
      -17.772440399735544
     ],
     [
      177.3722536,
      -17.772484499735544
     ],
     [
      177.3720609,
      -17.77257429973554
     ],
     [
      177.3719302,
      -17.77267749973553
     ],
     [
      177.37180700000002,
      -17.77273259973554
     ],
     [
      177.3717268,
      -17.772741999735523
     ],
     [
      177.3715837,
      -17.772689299735543
     ],
     [
      177.3714928,
      -17.772696399735544
     ],
     [
      177.37137620000001,
      -17.772737299735535
     ],
     [
      177.371262,
      -17.772912099735535
     ],
     [
      177.3712298,
      -17.772996399735536
     ],
     [
      177.3710602,
      -17.77304129973553
     ],
     [
      177.3708535,
      -17.773124799735534
     ],
     [
      177.3707973,
      -17.77319409973552
     ],
     [
      177.37072120000002,
      -17.77334759973553
     ],
     [
      177.3706567,
      -17.77340349973552
     ],
     [
      177.3705889,
      -17.773542099735536
     ],
     [
      177.370512,
      -17.77357759973553
     ],
     [
      177.3704466,
      -17.773564999735537
     ],
     [
      177.3702878,
      -17.773490199735534
     ],
     [
      177.3702391,
      -17.773495699735534
     ],
     [
      177.3701125,
      -17.77362959973552
     ],
     [
      177.37,
      -17.773839110705982
     ]
    ]
   },
   "bbox": [
    177.37,
    -17.773839110705982,
    177.37391233484854,
    -17.77231759973555
   ]
  },
  {
   "id": "22",
   "type": "Feature",
   "properties": {
    "id": "s023",
    "length_m": 513,
    "existing_width_m": 93,
    "restorable_width_m": 0,
    "existing_ha": 4.8,
    "restorable_ha": 0.0,
    "wave_reduction_now": 0.121,
    "wave_reduction_restored": 0.121,
    "surge_reduction_restored_m": 0.009,
    "band_now": "exposed",
    "band_restored": "exposed",
    "people_behind": 0.0,
    "buildings_behind": 0,
    "surge_people": 0.0,
    "priority": 0.0
   },
   "geometry": {
    "type": "LineString",
    "coordinates": [
     [
      177.37,
      -17.792064304672074
     ],
     [
      177.3702669,
      -17.792120099735303
     ],
     [
      177.3706478,
      -17.792232499735302
     ],
     [
      177.3711359,
      -17.7926206997353
     ],
     [
      177.3713666,
      -17.79270239973529
     ],
     [
      177.37149,
      -17.792681999735294
     ],
     [
      177.37154900000002,
      -17.792610499735282
     ],
     [
      177.3717529,
      -17.792426599735293
     ],
     [
      177.37205860000003,
      -17.792196699735292
     ],
     [
      177.3723108,
      -17.792043499735296
     ],
     [
      177.372697,
      -17.792038399735297
     ],
     [
      177.3729277,
      -17.79210479973529
     ],
     [
      177.3732227,
      -17.792166099735304
     ],
     [
      177.373684,
      -17.7922579997353
     ],
     [
      177.3740274,
      -17.7923039997353
     ],
     [
      177.3743674990573,
      -17.792214862752726
     ]
    ]
   },
   "bbox": [
    177.37,
    -17.79270239973529,
    177.3743674990573,
    -17.792038399735297
   ]
  },
  {
   "id": "23",
   "type": "Feature",
   "properties": {
    "id": "s024",
    "length_m": 513,
    "existing_width_m": 583,
    "restorable_width_m": 0,
    "existing_ha": 29.9,
    "restorable_ha": 0.0,
    "wave_reduction_now": 0.66,
    "wave_reduction_restored": 0.66,
    "surge_reduction_restored_m": 0.058,
    "band_now": "strong",
    "band_restored": "strong",
    "people_behind": 0.0,
    "buildings_behind": 0,
    "surge_people": 0.0,
    "priority": 0.0
   },
   "geometry": {
    "type": "LineString",
    "coordinates": [
     [
      177.3743674990573,
      -17.792214862752726
     ],
     [
      177.3746014,
      -17.792120099735303
     ],
     [
      177.3747033,
      -17.7919974997353
     ],
     [
      177.3747677,
      -17.791880099735305
     ],
     [
      177.3748106,
      -17.79170639973531
     ],
     [
      177.3747865,
      -17.791399899735293
     ],
     [
      177.3746002,
      -17.791173899735302
     ],
     [
      177.3744124,
      -17.790877599735317
     ],
     [
      177.37432660000002,
      -17.790428099735333
     ],
     [
      177.3743319,
      -17.789845799735325
     ],
     [
      177.3742408,
      -17.788931499735348
     ],
     [
      177.3741549,
      -17.78831859973533
     ],
     [
      177.3740745,
      -17.787960999735343
     ],
     [
      177.37405285183908,
      -17.78792589061475
     ]
    ]
   },
   "bbox": [
    177.37405285183908,
    -17.792214862752726,
    177.3748106,
    -17.78792589061475
   ]
  },
  {
   "id": "24",
   "type": "Feature",
   "properties": {
    "id": "s025",
    "length_m": 513,
    "existing_width_m": 1,
    "restorable_width_m": 0,
    "existing_ha": 0.1,
    "restorable_ha": 0.0,
    "wave_reduction_now": 0.001,
    "wave_reduction_restored": 0.001,
    "surge_reduction_restored_m": 0.0,
    "band_now": "exposed",
    "band_restored": "exposed",
    "people_behind": 0.0,
    "buildings_behind": 0,
    "surge_people": 0.0,
    "priority": 0.0
   },
   "geometry": {
    "type": "LineString",
    "coordinates": [
     [
      177.37405285183908,
      -17.78792589061475
     ],
     [
      177.37392960000003,
      -17.78772599973536
     ],
     [
      177.3736614,
      -17.787501299735364
     ],
     [
      177.3735729,
      -17.787304599735343
     ],
     [
      177.3735058,
      -17.786924099735355
     ],
     [
      177.3735224,
      -17.786661899735382
     ],
     [
      177.3734264,
      -17.78628649973536
     ],
     [
      177.3734264,
      -17.785887999735362
     ],
     [
      177.3735332,
      -17.78546659973537
     ],
     [
      177.3737048,
      -17.78507839973539
     ],
     [
      177.3740272,
      -17.784437299735398
     ],
     [
      177.37447421138674,
      -17.783705423742816
     ]
    ]
   },
   "bbox": [
    177.3734264,
    -17.78792589061475,
    177.37447421138674,
    -17.783705423742816
   ]
  },
  {
   "id": "25",
   "type": "Feature",
   "properties": {
    "id": "s026",
    "length_m": 513,
    "existing_width_m": 3,
    "restorable_width_m": 0,
    "existing_ha": 0.2,
    "restorable_ha": 0.0,
    "wave_reduction_now": 0.004,
    "wave_reduction_restored": 0.004,
    "surge_reduction_restored_m": 0.0,
    "band_now": "exposed",
    "band_restored": "exposed",
    "people_behind": 0.0,
    "buildings_behind": 0,
    "surge_people": 0.0,
    "priority": 0.0
   },
   "geometry": {
    "type": "LineString",
    "coordinates": [
     [
      177.37447421138674,
      -17.783705423742816
     ],
     [
      177.375003,
      -17.782892099735403
     ],
     [
      177.3751323,
      -17.782486099735415
     ],
     [
      177.3754,
      -17.782299599735413
     ],
     [
      177.3757117,
      -17.782138699735423
     ],
     [
      177.3764198,
      -17.78205699973543
     ],
     [
      177.3767304,
      -17.782136099735418
     ],
     [
      177.3770098,
      -17.782271499735426
     ],
     [
      177.3772352,
      -17.782567799735403
     ],
     [
      177.3772883,
      -17.782789999735414
     ],
     [
      177.377439,
      -17.783150099735405
     ],
     [
      177.3773027828639,
      -17.783445853885773
     ]
    ]
   },
   "bbox": [
    177.37447421138674,
    -17.783705423742816,
    177.377439,
    -17.78205699973543
   ]
  },
  {
   "id": "26",
   "type": "Feature",
   "properties": {
    "id": "s027",
    "length_m": 513,
    "existing_width_m": 0,
    "restorable_width_m": 0,
    "existing_ha": 0.0,
    "restorable_ha": 0.0,
    "wave_reduction_now": 0.001,
    "wave_reduction_restored": 0.001,
    "surge_reduction_restored_m": 0.0,
    "band_now": "exposed",
    "band_restored": "exposed",
    "people_behind": 0.0,
    "buildings_behind": 0,
    "surge_people": 0.0,
    "priority": 0.0
   },
   "geometry": {
    "type": "LineString",
    "coordinates": [
     [
      177.3773027828639,
      -17.783445853885773
     ],
     [
      177.3772453,
      -17.783586899735404
     ],
     [
      177.3772995,
      -17.783803899735396
     ],
     [
      177.3775034,
      -17.78410019973539
     ],
     [
      177.37776090000003,
      -17.7844270997354
     ],
     [
      177.3779749,
      -17.784608499735395
     ],
     [
      177.3782222,
      -17.7847029997354
     ],
     [
      177.3785441,
      -17.784702999735394
     ],
     [
      177.3801534,
      -17.784192199735394
     ],
     [
      177.3805074,
      -17.784130899735384
     ],
     [
      177.3809581,
      -17.784202399735417
     ],
     [
      177.38122195090386,
      -17.784213075340656
     ]
    ]
   },
   "bbox": [
    177.3772453,
    -17.7847029997354,
    177.38122195090386,
    -17.783445853885773
   ]
  },
  {
   "id": "27",
   "type": "Feature",
   "properties": {
    "id": "s028",
    "length_m": 513,
    "existing_width_m": 376,
    "restorable_width_m": 0,
    "existing_ha": 19.3,
    "restorable_ha": 0.0,
    "wave_reduction_now": 0.489,
    "wave_reduction_restored": 0.489,
    "surge_reduction_restored_m": 0.038,
    "band_now": "strong",
    "band_restored": "strong",
    "people_behind": 0.0,
    "buildings_behind": 0,
    "surge_people": 0.0,
    "priority": 0.0
   },
   "geometry": {
    "type": "LineString",
    "coordinates": [
     [
      177.38122195090386,
      -17.784213075340656
     ],
     [
      177.3814623,
      -17.78422279973539
     ],
     [
      177.3819666,
      -17.784314799735395
     ],
     [
      177.3828463,
      -17.78462119973539
     ],
     [
      177.3831897,
      -17.78467229973538
     ],
     [
      177.3835437,
      -17.78466209973538
     ],
     [
      177.3837046,
      -17.784600799735394
     ],
     [
      177.3838436,
      -17.784465399735385
     ],
     [
      177.3839187,
      -17.784261099735396
     ],
     [
      177.3839085,
      -17.78407979973538
     ],
     [
      177.3836934,
      -17.783648099735405
     ],
     [
      177.3834471,
      -17.783446399735404
     ],
     [
      177.3830282,
      -17.783259899735416
     ],
     [
      177.38265371806767,
      -17.783236165069095
     ]
    ]
   },
   "bbox": [
    177.38122195090386,
    -17.78467229973538,
    177.3839187,
    -17.783236165069095
   ]
  },
  {
   "id": "28",
   "type": "Feature",
   "properties": {
    "id": "s029",
    "length_m": 513,
    "existing_width_m": 39,
    "restorable_width_m": 0,
    "existing_ha": 2.0,
    "restorable_ha": 0.0,
    "wave_reduction_now": 0.05,
    "wave_reduction_restored": 0.05,
    "surge_reduction_restored_m": 0.004,
    "band_now": "exposed",
    "band_restored": "exposed",
    "people_behind": 24.0,
    "buildings_behind": 6,
    "surge_people": 24.0,
    "priority": 0.0
   },
   "geometry": {
    "type": "LineString",
    "coordinates": [
     [
      177.38265371806767,
      -17.783236165069095
     ],
     [
      177.3819666,
      -17.783160299735396
     ],
     [
      177.3816232,
      -17.783139899735414
     ],
     [
      177.3812901,
      -17.782953399735405
     ],
     [
      177.3810546,
      -17.782700599735417
     ],
     [
      177.3808824,
      -17.782371099735414
     ],
     [
      177.3808931,
      -17.782003299735422
     ],
     [
      177.3810139,
      -17.781640099735416
     ],
     [
      177.3811355,
      -17.781381399735423
     ],
     [
      177.3813357,
      -17.78072779973545
     ],
     [
      177.3813714,
      -17.78048269973543
     ],
     [
      177.3813643,
      -17.78023759973544
     ],
     [
      177.38138990967013,
      -17.7798787197804
     ]
    ]
   },
   "bbox": [
    177.3808824,
    -17.783236165069095,
    177.38265371806767,
    -17.7798787197804
   ]
  },
  {
   "id": "29",
   "type": "Feature",
   "properties": {
    "id": "s030",
    "length_m": 513,
    "existing_width_m": 102,
    "restorable_width_m": 0,
    "existing_ha": 5.2,
    "restorable_ha": 0.0,
    "wave_reduction_now": 0.133,
    "wave_reduction_restored": 0.133,
    "surge_reduction_restored_m": 0.01,
    "band_now": "exposed",
    "band_restored": "exposed",
    "people_behind": 96.0,
    "buildings_behind": 24,
    "surge_people": 96.0,
    "priority": 0.0
   },
   "geometry": {
    "type": "LineString",
    "coordinates": [
     [
      177.38138990967013,
      -17.7798787197804
     ],
     [
      177.3815501,
      -17.77917549973545
     ],
     [
      177.3816288,
      -17.778896399735466
     ],
     [
      177.3818147,
      -17.778515099735476
     ],
     [
      177.3819577,
      -17.77813389973548
     ],
     [
      177.3823152,
      -17.77764369973547
     ],
     [
      177.382544,
      -17.777384899735477
     ],
     [
      177.3828156,
      -17.77715349973548
     ],
     [
      177.3831445,
      -17.776942399735493
     ],
     [
      177.3834234,
      -17.776785799735485
     ],
     [
      177.3835449,
      -17.776615599735493
     ],
     [
      177.3836236,
      -17.776465799735487
     ],
     [
      177.3836522,
      -17.77628199973548
     ],
     [
      177.3836307,
      -17.776050499735486
     ],
     [
      177.3836149135646,
      -17.77601918447731
     ]
    ]
   },
   "bbox": [
    177.38138990967013,
    -17.7798787197804,
    177.3836522,
    -17.77601918447731
   ]
  },
  {
   "id": "30",
   "type": "Feature",
   "properties": {
    "id": "s031",
    "length_m": 513,
    "existing_width_m": 20,
    "restorable_width_m": 0,
    "existing_ha": 1.0,
    "restorable_ha": 0.0,
    "wave_reduction_now": 0.026,
    "wave_reduction_restored": 0.026,
    "surge_reduction_restored_m": 0.002,
    "band_now": "exposed",
    "band_restored": "exposed",
    "people_behind": 48.0,
    "buildings_behind": 15,
    "surge_people": 48.0,
    "priority": 0.0
   },
   "geometry": {
    "type": "LineString",
    "coordinates": [
     [
      177.3836149135646,
      -17.77601918447731
     ],
     [
      177.3834019,
      -17.7756351997355
     ],
     [
      177.3832446,
      -17.775417299735505
     ],
     [
      177.3830587,
      -17.7752334997355
     ],
     [
      177.3827978,
      -17.774862199735523
     ],
     [
      177.3825406,
      -17.775089099735517
     ],
     [
      177.3825088,
      -17.77515659973551
     ],
     [
      177.3825088,
      -17.775296099735506
     ],
     [
      177.3825381,
      -17.775407799735493
     ],
     [
      177.382554,
      -17.775572899735504
     ],
     [
      177.3825516,
      -17.775768299735507
     ],
     [
      177.3825186,
      -17.775912599735513
     ],
     [
      177.3824404,
      -17.7760741997355
     ],
     [
      177.3822719,
      -17.776252199735488
     ],
     [
      177.3816209,
      -17.776780199735487
     ],
     [
      177.3815244,
      -17.776888299735486
     ],
     [
      177.3814413,
      -17.777054699735487
     ],
     [
      177.38114702836182,
      -17.77746375264684
     ]
    ]
   },
   "bbox": [
    177.38114702836182,
    -17.77746375264684,
    177.3836149135646,
    -17.774862199735523
   ]
  },
  {
   "id": "31",
   "type": "Feature",
   "properties": {
    "id": "s032",
    "length_m": 513,
    "existing_width_m": 0,
    "restorable_width_m": 0,
    "existing_ha": 0.0,
    "restorable_ha": 0.0,
    "wave_reduction_now": 0.0,
    "wave_reduction_restored": 0.0,
    "surge_reduction_restored_m": 0.0,
    "band_now": "exposed",
    "band_restored": "exposed",
    "people_behind": 36.0,
    "buildings_behind": 11,
    "surge_people": 36.0,
    "priority": 0.0
   },
   "geometry": {
    "type": "LineString",
    "coordinates": [
     [
      177.38114702836182,
      -17.77746375264684
     ],
     [
      177.3811165,
      -17.77750479973548
     ],
     [
      177.3806353,
      -17.777901299735476
     ],
     [
      177.3805131,
      -17.778033899735465
     ],
     [
      177.3802127,
      -17.77845729973547
     ],
     [
      177.3799537,
      -17.778692199735442
     ],
     [
      177.3797522,
      -17.778845699735466
     ],
     [
      177.3795043,
      -17.779098099735453
     ],
     [
      177.3795055,
      -17.779257399735457
     ],
     [
      177.3794811,
      -17.77940049973546
     ],
     [
      177.379431,
      -17.779551699735453
     ],
     [
      177.3792295,
      -17.779798199735442
     ],
     [
      177.3790829,
      -17.779873799735448
     ],
     [
      177.3789828,
      -17.77998199973545
     ],
     [
      177.3788374,
      -17.780019199735445
     ],
     [
      177.3787409,
      -17.77997729973543
     ],
     [
      177.3785529,
      -17.77970049973545
     ],
     [
      177.3782683,
      -17.77956329973547
     ],
     [
      177.3782048,
      -17.779556299735454
     ],
     [
      177.37803485979134,
      -17.779839288502103
     ]
    ]
   },
   "bbox": [
    177.37803485979134,
    -17.780019199735445,
    177.38114702836182,
    -17.77746375264684
   ]
  },
  {
   "id": "32",
   "type": "Feature",
   "properties": {
    "id": "s033",
    "length_m": 513,
    "existing_width_m": 0,
    "restorable_width_m": 0,
    "existing_ha": 0.0,
    "restorable_ha": 0.0,
    "wave_reduction_now": 0.0,
    "wave_reduction_restored": 0.0,
    "surge_reduction_restored_m": 0.0,
    "band_now": "exposed",
    "band_restored": "exposed",
    "people_behind": 0.0,
    "buildings_behind": 0,
    "surge_people": 0.0,
    "priority": 0.0
   },
   "geometry": {
    "type": "LineString",
    "coordinates": [
     [
      177.37803485979134,
      -17.779839288502103
     ],
     [
      177.3779727,
      -17.779924999735446
     ],
     [
      177.3778237,
      -17.78000179973546
     ],
     [
      177.3777577,
      -17.780080799735455
     ],
     [
      177.37768450000002,
      -17.780254099735437
     ],
     [
      177.3776356,
      -17.78030409973544
     ],
     [
      177.3775379,
      -17.78032389973544
     ],
     [
      177.3773779,
      -17.780326199735434
     ],
     [
      177.3772863,
      -17.78036109973544
     ],
     [
      177.37719590000003,
      -17.78043439973543
     ],
     [
      177.3771495,
      -17.78051229973544
     ],
     [
      177.3769602,
      -17.780623999735436
     ],
     [
      177.3769321,
      -17.780683299735436
     ],
     [
      177.3768772,
      -17.780691399735435
     ],
     [
      177.3768051,
      -17.780659999735445
     ],
     [
      177.3767037,
      -17.780682099735444
     ],
     [
      177.37664140000004,
      -17.780661199735444
     ],
     [
      177.3765633,
      -17.780675099735433
     ],
     [
      177.3765144,
      -17.78073559973544
     ],
     [
      177.3765132,
      -17.78079489973544
     ],
     [
      177.3764582,
      -17.780793799735452
     ],
     [
      177.3764216,
      -17.780769399735444
     ],
     [
      177.3762127,
      -17.78078329973545
     ],
     [
      177.3759795,
      -17.780941499735437
     ],
     [
      177.3758793,
      -17.78097399973543
     ],
     [
      177.3755569,
      -17.780949599735447
     ],
     [
      177.3753419,
      -17.780904299735443
     ],
     [
      177.3751587,
      -17.78091119973543
     ],
     [
      177.3750158,
      -17.780946099735424
     ],
     [
      177.3749083,
      -17.78104499973544
     ],
     [
      177.3749071,
      -17.78113339973544
     ],
     [
      177.3748705,
      -17.781243899735433
     ],
     [
      177.37483140000003,
      -17.78132639973544
     ],
     [
      177.3747593,
      -17.781372999735424
     ],
     [
      177.37448820000003,
      -17.78136479973544
     ],
     [
      177.3742256,
      -17.78145549973544
     ],
     [
      177.3741352,
      -17.78147059973544
     ],
     [
      177.37410112797363,
      -17.781458239109384
     ]
    ]
   },
   "bbox": [
    177.37410112797363,
    -17.78147059973544,
    177.37803485979134,
    -17.779839288502103
   ]
  },
  {
   "id": "33",
   "type": "Feature",
   "properties": {
    "id": "s034",
    "length_m": 513,
    "existing_width_m": 0,
    "restorable_width_m": 0,
    "existing_ha": 0.0,
    "restorable_ha": 0.0,
    "wave_reduction_now": 0.0,
    "wave_reduction_restored": 0.0,
    "surge_reduction_restored_m": 0.0,
    "band_now": "exposed",
    "band_restored": "exposed",
    "people_behind": 0.0,
    "buildings_behind": 0,
    "surge_people": 0.0,
    "priority": 0.0
   },
   "geometry": {
    "type": "LineString",
    "coordinates": [
     [
      177.37410112797363,
      -17.781458239109384
     ],
     [
      177.3738482,
      -17.781362499735426
     ],
     [
      177.3737395,
      -17.78135549973542
     ],
     [
      177.3736186,
      -17.781276399735415
     ],
     [
      177.3734378,
      -17.78119499973544
     ],
     [
      177.3732058,
      -17.78120549973543
     ],
     [
      177.3728504,
      -17.781133399735452
     ],
     [
      177.3727502,
      -17.78114379973544
     ],
     [
      177.3726928,
      -17.781115899735433
     ],
     [
      177.3725426,
      -17.78098329973544
     ],
     [
      177.37246930000003,
      -17.780878699735435
     ],
     [
      177.37240820000002,
      -17.780830999735425
     ],
     [
      177.372313,
      -17.780835599735425
     ],
     [
      177.3721969,
      -17.78087049973544
     ],
     [
      177.3721236,
      -17.78092289973545
     ],
     [
      177.3720076,
      -17.78092289973543
     ],
     [
      177.37191720000004,
      -17.78089959973543
     ],
     [
      177.3718623,
      -17.780823999735414
     ],
     [
      177.3717988,
      -17.780769399735437
     ],
     [
      177.3717487,
      -17.78074259973545
     ],
     [
      177.3716449,
      -17.780740299735434
     ],
     [
      177.3712125,
      -17.780491399735443
     ],
     [
      177.3711111,
      -17.780371599735442
     ],
     [
      177.3710269,
      -17.78015179973544
     ],
     [
      177.3709524,
      -17.780093599735437
     ],
     [
      177.3707557,
      -17.77988549973545
     ],
     [
      177.3705078,
      -17.779869199735447
     ],
     [
      177.3702611,
      -17.77989589973544
     ],
     [
      177.3700803,
      -17.779870299735464
     ],
     [
      177.37,
      -17.779821808394995
     ]
    ]
   },
   "bbox": [
    177.37,
    -17.781458239109384,
    177.37410112797363,
    -17.779821808394995
   ]
  },
  {
   "id": "34",
   "type": "Feature",
   "properties": {
    "id": "s035",
    "length_m": 502,
    "existing_width_m": 154,
    "restorable_width_m": 9,
    "existing_ha": 7.7,
    "restorable_ha": 0.5,
    "wave_reduction_now": 0.2,
    "wave_reduction_restored": 0.212,
    "surge_reduction_restored_m": 0.016,
    "band_now": "partial",
    "band_restored": "partial",
    "people_behind": 0.0,
    "buildings_behind": 0,
    "surge_people": 0.0,
    "priority": 0.0
   },
   "geometry": {
    "type": "LineString",
    "coordinates": [
     [
      177.42296411103914,
      -17.71999999973619
     ],
     [
      177.4230006,
      -17.720185899736205
     ],
     [
      177.4230033,
      -17.7206815997362
     ],
     [
      177.4229202,
      -17.72133309973618
     ],
     [
      177.4228665,
      -17.72225539973617
     ],
     [
      177.4228638,
      -17.722733199736176
     ],
     [
      177.422888,
      -17.723095999736163
     ],
     [
      177.4228933,
      -17.72362739973615
     ],
     [
      177.4228826,
      -17.723972299736147
     ],
     [
      177.42279252918428,
      -17.72451811899117
     ]
    ]
   },
   "bbox": [
    177.42279252918428,
    -17.72451811899117,
    177.4230033,
    -17.71999999973619
   ]
  },
  {
   "id": "35",
   "type": "Feature",
   "properties": {
    "id": "s036",
    "length_m": 502,
    "existing_width_m": 115,
    "restorable_width_m": 13,
    "existing_ha": 5.8,
    "restorable_ha": 0.6,
    "wave_reduction_now": 0.15,
    "wave_reduction_restored": 0.166,
    "surge_reduction_restored_m": 0.013,
    "band_now": "exposed",
    "band_restored": "exposed",
    "people_behind": 0.0,
    "buildings_behind": 0,
    "surge_people": 0.0,
    "priority": 0.0
   },
   "geometry": {
    "type": "LineString",
    "coordinates": [
     [
      177.42279252918428,
      -17.72451811899117
     ],
     [
      177.4227244,
      -17.725001899736124
     ],
     [
      177.4227244,
      -17.725323799736135
     ],
     [
      177.42262240000002,
      -17.72678009973611
     ],
     [
      177.42255810000003,
      -17.727153099736093
     ],
     [
      177.4222147,
      -17.728596599736097
     ],
     [
      177.4222121,
      -17.72876269973609
     ],
     [
      177.42223512843987,
      -17.72900249634974
     ]
    ]
   },
   "bbox": [
    177.4222121,
    -17.72900249634974,
    177.42279252918428,
    -17.72451811899117
   ]
  },
  {
   "id": "36",
   "type": "Feature",
   "properties": {
    "id": "s037",
    "length_m": 502,
    "existing_width_m": 483,
    "restorable_width_m": 10,
    "existing_ha": 24.3,
    "restorable_ha": 0.5,
    "wave_reduction_now": 0.628,
    "wave_reduction_restored": 0.641,
    "surge_reduction_restored_m": 0.049,
    "band_now": "strong",
    "band_restored": "strong",
    "people_behind": 0.0,
    "buildings_behind": 0,
    "surge_people": 0.0,
    "priority": 0.0
   },
   "geometry": {
    "type": "LineString",
    "coordinates": [
     [
      177.42223512843987,
      -17.72900249634974
     ],
     [
      177.4222617,
      -17.729182899736085
     ],
     [
      177.4222986,
      -17.729214199736084
     ],
     [
      177.4223495,
      -17.72923789973608
     ],
     [
      177.4225715,
      -17.729258299736088
     ],
     [
      177.4227123,
      -17.729240399736078
     ],
     [
      177.4228558,
      -17.729145899736082
     ],
     [
      177.4229027,
      -17.72905649973609
     ],
     [
      177.4229121,
      -17.7287958997361
     ],
     [
      177.4229537,
      -17.728700099736095
     ],
     [
      177.4230301,
      -17.72860299973609
     ],
     [
      177.4231978,
      -17.72849439973609
     ],
     [
      177.4235022,
      -17.728365399736095
     ],
     [
      177.4238831,
      -17.728114999736096
     ],
     [
      177.4240521,
      -17.7280523997361
     ],
     [
      177.4245161,
      -17.727954099736092
     ],
     [
      177.4247977,
      -17.72793109973609
     ],
     [
      177.4249747,
      -17.72794769973611
     ],
     [
      177.4251008,
      -17.728047299736083
     ],
     [
      177.4253118,
      -17.728276999736085
     ],
     [
      177.4254361,
      -17.728473999736096
     ],
     [
      177.4254763,
      -17.728560799736094
     ],
     [
      177.4254709,
      -17.728655399736105
     ],
     [
      177.4254495,
      -17.728746099736085
     ],
     [
      177.42538741734694,
      -17.72887882216192
     ]
    ]
   },
   "bbox": [
    177.42223512843987,
    -17.729258299736088,
    177.4254763,
    -17.72793109973609
   ]
  },
  {
   "id": "37",
   "type": "Feature",
   "properties": {
    "id": "s038",
    "length_m": 502,
    "existing_width_m": 517,
    "restorable_width_m": 5,
    "existing_ha": 25.9,
    "restorable_ha": 0.3,
    "wave_reduction_now": 0.66,
    "wave_reduction_restored": 0.66,
    "surge_reduction_restored_m": 0.052,
    "band_now": "strong",
    "band_restored": "strong",
    "people_behind": 0.0,
    "buildings_behind": 0,
    "surge_people": 0.0,
    "priority": 0.0
   },
   "geometry": {
    "type": "LineString",
    "coordinates": [
     [
      177.42538741734694,
      -17.72887882216192
     ],
     [
      177.42526980000002,
      -17.729011799736085
     ],
     [
      177.4251182,
      -17.7291087997361
     ],
     [
      177.4250391,
      -17.7292007997361
     ],
     [
      177.425019,
      -17.729274899736083
     ],
     [
      177.4250311,
      -17.72939109973609
     ],
     [
      177.4251156,
      -17.729596799736072
     ],
     [
      177.4251544,
      -17.729926399736073
     ],
     [
      177.4252349,
      -17.730285299736078
     ],
     [
      177.42528590000003,
      -17.730770699736055
     ],
     [
      177.4252456,
      -17.731460499736063
     ],
     [
      177.4252034,
      -17.731649599736055
     ],
     [
      177.4251424,
      -17.731814399736066
     ],
     [
      177.4249841,
      -17.73194469973604
     ],
     [
      177.42490900000004,
      -17.732050699736057
     ],
     [
      177.4247843,
      -17.732369999736054
     ],
     [
      177.4247333,
      -17.73255909973604
     ],
     [
      177.4246287,
      -17.73275329973603
     ],
     [
      177.4246031801306,
      -17.733074479868
     ]
    ]
   },
   "bbox": [
    177.4246031801306,
    -17.733074479868,
    177.42538741734694,
    -17.72887882216192
   ]
  },
  {
   "id": "38",
   "type": "Feature",
   "properties": {
    "id": "s039",
    "length_m": 502,
    "existing_width_m": 260,
    "restorable_width_m": 9,
    "existing_ha": 13.1,
    "restorable_ha": 0.5,
    "wave_reduction_now": 0.339,
    "wave_reduction_restored": 0.351,
    "surge_reduction_restored_m": 0.027,
    "band_now": "partial",
    "band_restored": "partial",
    "people_behind": 20.0,
    "buildings_behind": 5,
    "surge_people": 20.0,
    "priority": 0.0
   },
   "geometry": {
    "type": "LineString",
    "coordinates": [
     [
      177.4246031801306,
      -17.733074479868
     ],
     [
      177.4245965,
      -17.733164599736032
     ],
     [
      177.4244946,
      -17.733614199736024
     ],
     [
      177.424221,
      -17.734508399736015
     ],
     [
      177.4242559,
      -17.734728099736014
     ],
     [
      177.4243283,
      -17.734896699736016
     ],
     [
      177.4244893,
      -17.73506529973601
     ],
     [
      177.4247682,
      -17.735185399736004
     ],
     [
      177.4250445,
      -17.735374399736
     ],
     [
      177.4253368,
      -17.735629899736
     ],
     [
      177.4254549,
      -17.73576269973599
     ],
     [
      177.425648,
      -17.736048899736005
     ],
     [
      177.42603922358722,
      -17.736874573066345
     ]
    ]
   },
   "bbox": [
    177.424221,
    -17.736874573066345,
    177.42603922358722,
    -17.733074479868
   ]
  },
  {
   "id": "39",
   "type": "Feature",
   "properties": {
    "id": "s040",
    "length_m": 502,
    "existing_width_m": 410,
    "restorable_width_m": 0,
    "existing_ha": 20.6,
    "restorable_ha": 0.0,
    "wave_reduction_now": 0.533,
    "wave_reduction_restored": 0.533,
    "surge_reduction_restored_m": 0.041,
    "band_now": "strong",
    "band_restored": "strong",
    "people_behind": 0.0,
    "buildings_behind": 0,
    "surge_people": 0.0,
    "priority": 0.0
   },
   "geometry": {
    "type": "LineString",
    "coordinates": [
     [
      177.42603922358722,
      -17.736874573066345
     ],
     [
      177.4265411,
      -17.73819989973596
     ],
     [
      177.42704,
      -17.739681699735947
     ],
     [
      177.4274155,
      -17.74051959973593
     ],
     [
      177.4276113,
      -17.74083379973595
     ],
     [
      177.4277841066113,
      -17.74107236710059
     ]
    ]
   },
   "bbox": [
    177.42603922358722,
    -17.74107236710059,
    177.4277841066113,
    -17.736874573066345
   ]
  },
  {
   "id": "40",
   "type": "Feature",
   "properties": {
    "id": "s041",
    "length_m": 502,
    "existing_width_m": 520,
    "restorable_width_m": 6,
    "existing_ha": 26.1,
    "restorable_ha": 0.3,
    "wave_reduction_now": 0.66,
    "wave_reduction_restored": 0.66,
    "surge_reduction_restored_m": 0.053,
    "band_now": "strong",
    "band_restored": "strong",
    "people_behind": 0.0,
    "buildings_behind": 1,
    "surge_people": 0.0,
    "priority": 0.0
   },
   "geometry": {
    "type": "LineString",
    "coordinates": [
     [
      177.4277841066113,
      -17.74107236710059
     ],
     [
      177.4284267,
      -17.741978299735923
     ],
     [
      177.4286091,
      -17.742341099735913
     ],
     [
      177.4287593,
      -17.74268849973591
     ],
     [
      177.4291,
      -17.74324279973591
     ],
     [
      177.4295077,
      -17.743850799735885
     ],
     [
      177.4301809,
      -17.744765399735876
     ],
     [
      177.4302992361074,
      -17.744899737007557
     ]
    ]
   },
   "bbox": [
    177.4277841066113,
    -17.744899737007557,
    177.4302992361074,
    -17.74107236710059
   ]
  },
  {
   "id": "41",
   "type": "Feature",
   "properties": {
    "id": "s042",
    "length_m": 502,
    "existing_width_m": 150,
    "restorable_width_m": 15,
    "existing_ha": 7.5,
    "restorable_ha": 0.7,
    "wave_reduction_now": 0.195,
    "wave_reduction_restored": 0.214,
    "surge_reduction_restored_m": 0.016,
    "band_now": "exposed",
    "band_restored": "partial",
    "people_behind": 0.0,
    "buildings_behind": 1,
    "surge_people": 0.0,
    "priority": 0.0
   },
   "geometry": {
    "type": "LineString",
    "coordinates": [
     [
      177.4302992361074,
      -17.744899737007557
     ],
     [
      177.4304464,
      -17.745066799735874
     ],
     [
      177.4309583,
      -17.745897199735875
     ],
     [
      177.4313369,
      -17.746165299735868
     ],
     [
      177.4316132,
      -17.74658419973587
     ],
     [
      177.4318063,
      -17.746964899735865
     ],
     [
      177.431868,
      -17.747164099735866
     ],
     [
      177.4319056,
      -17.747314899735848
     ],
     [
      177.4319458,
      -17.747777199735857
     ],
     [
      177.432045,
      -17.74805309973585
     ],
     [
      177.4322864,
      -17.74834689973584
     ],
     [
      177.4325359,
      -17.748507799735833
     ],
     [
      177.43273085111025,
      -17.748582094136058
     ]
    ]
   },
   "bbox": [
    177.4302992361074,
    -17.748582094136058,
    177.43273085111025,
    -17.744899737007557
   ]
  },
  {
   "id": "42",
   "type": "Feature",
   "properties": {
    "id": "s043",
    "length_m": 502,
    "existing_width_m": 34,
    "restorable_width_m": 0,
    "existing_ha": 1.7,
    "restorable_ha": 0.0,
    "wave_reduction_now": 0.044,
    "wave_reduction_restored": 0.044,
    "surge_reduction_restored_m": 0.003,
    "band_now": "exposed",
    "band_restored": "exposed",
    "people_behind": 0.0,
    "buildings_behind": 0,
    "surge_people": 0.0,
    "priority": 0.0
   },
   "geometry": {
    "type": "LineString",
    "coordinates": [
     [
      177.43273085111025,
      -17.748582094136058
     ],
     [
      177.4329114,
      -17.748650899735836
     ],
     [
      177.4330857,
      -17.748742799735837
     ],
     [
      177.4332091,
      -17.748778599735836
     ],
     [
      177.4332976,
      -17.748885899735843
     ],
     [
      177.4333701,
      -17.74908259973582
     ],
     [
      177.4333861,
      -17.749266499735832
     ],
     [
      177.4333218,
      -17.74975189973582
     ],
     [
      177.4333298,
      -17.74997159973582
     ],
     [
      177.433311,
      -17.750326699735815
     ],
     [
      177.4331702,
      -17.751118599735822
     ],
     [
      177.4331689,
      -17.751306299735813
     ],
     [
      177.4332279,
      -17.751329899735808
     ],
     [
      177.4332936,
      -17.751331899735806
     ],
     [
      177.4342445,
      -17.751298699735816
     ],
     [
      177.4344631,
      -17.751230999735817
     ],
     [
      177.43459678107502,
      -17.751090682483976
     ]
    ]
   },
   "bbox": [
    177.43273085111025,
    -17.751331899735806,
    177.43459678107502,
    -17.748582094136058
   ]
  },
  {
   "id": "43",
   "type": "Feature",
   "properties": {
    "id": "s044",
    "length_m": 502,
    "existing_width_m": 121,
    "restorable_width_m": 34,
    "existing_ha": 6.1,
    "restorable_ha": 1.7,
    "wave_reduction_now": 0.157,
    "wave_reduction_restored": 0.202,
    "surge_reduction_restored_m": 0.016,
    "band_now": "exposed",
    "band_restored": "partial",
    "people_behind": 0.0,
    "buildings_behind": 1,
    "surge_people": 0.0,
    "priority": 0.0
   },
   "geometry": {
    "type": "LineString",
    "coordinates": [
     [
      177.43459678107502,
      -17.751090682483976
     ],
     [
      177.4346951,
      -17.750785199735812
     ],
     [
      177.4347433,
      -17.75070859973582
     ],
     [
      177.4348654,
      -17.750597399735813
     ],
     [
      177.4349096,
      -17.7505169997358
     ],
     [
      177.4349552,
      -17.750126099735812
     ],
     [
      177.4349982,
      -17.750007299735817
     ],
     [
      177.4352208,
      -17.749641999735836
     ],
     [
      177.4352825,
      -17.74944019973584
     ],
     [
      177.4353924,
      -17.749262699735834
     ],
     [
      177.4354595,
      -17.748630499735835
     ],
     [
      177.4354528,
      -17.748570399735858
     ],
     [
      177.4353321,
      -17.748228099735833
     ],
     [
      177.4348175363835,
      -17.746858400481017
     ]
    ]
   },
   "bbox": [
    177.43459678107502,
    -17.751090682483976,
    177.4354595,
    -17.746858400481017
   ]
  },
  {
   "id": "44",
   "type": "Feature",
   "properties": {
    "id": "s045",
    "length_m": 502,
    "existing_width_m": 29,
    "restorable_width_m": 0,
    "existing_ha": 1.5,
    "restorable_ha": 0.0,
    "wave_reduction_now": 0.038,
    "wave_reduction_restored": 0.038,
    "surge_reduction_restored_m": 0.003,
    "band_now": "exposed",
    "band_restored": "exposed",
    "people_behind": 32.0,
    "buildings_behind": 10,
    "surge_people": 32.0,
    "priority": 0.0
   },
   "geometry": {
    "type": "LineString",
    "coordinates": [
     [
      177.4348175363835,
      -17.746858400481017
     ],
     [
      177.4346247,
      -17.746330699735864
     ],
     [
      177.4345368,
      -17.74616789973587
     ],
     [
      177.4333895,
      -17.74505719973589
     ],
     [
      177.4333815,
      -17.744992099735892
     ],
     [
      177.4335766,
      -17.74480749973588
     ],
     [
      177.4336336,
      -17.7447110997359
     ],
     [
      177.4336383,
      -17.7446548997359
     ],
     [
      177.4336175,
      -17.744527199735877
     ],
     [
      177.4335189,
      -17.74431709973589
     ],
     [
      177.4334237,
      -17.744171399735897
     ],
     [
      177.4333794,
      -17.744148399735895
     ],
     [
      177.4333003,
      -17.744147199735888
     ],
     [
      177.4329972,
      -17.744348999735898
     ],
     [
      177.4329181,
      -17.7443732997359
     ],
     [
      177.4328524,
      -17.74436689973589
     ],
     [
      177.4327545,
      -17.744310699735895
     ],
     [
      177.43244115746623,
      -17.7439490199365
     ]
    ]
   },
   "bbox": [
    177.43244115746623,
    -17.746858400481017,
    177.4348175363835,
    -17.7439490199365
   ]
  },
  {
   "id": "45",
   "type": "Feature",
   "properties": {
    "id": "s046",
    "length_m": 502,
    "existing_width_m": 55,
    "restorable_width_m": 0,
    "existing_ha": 2.7,
    "restorable_ha": 0.0,
    "wave_reduction_now": 0.071,
    "wave_reduction_restored": 0.071,
    "surge_reduction_restored_m": 0.005,
    "band_now": "exposed",
    "band_restored": "exposed",
    "people_behind": 60.0,
    "buildings_behind": 21,
    "surge_people": 60.0,
    "priority": 0.0
   },
   "geometry": {
    "type": "LineString",
    "coordinates": [
     [
      177.43244115746623,
      -17.7439490199365
     ],
     [
      177.4322368,
      -17.743702699735913
     ],
     [
      177.4319901,
      -17.74327159973591
     ],
     [
      177.431408,
      -17.74278299973592
     ],
     [
      177.431231,
      -17.74269229973591
     ],
     [
      177.4311438,
      -17.74257609973593
     ],
     [
      177.4310768,
      -17.74238449973593
     ],
     [
      177.4310379,
      -17.742342299735927
     ],
     [
      177.4307556,
      -17.742208899735935
     ],
     [
      177.4306047,
      -17.74206519973591
     ],
     [
      177.4305256,
      -17.741965499735933
     ],
     [
      177.4304612,
      -17.74187989973592
     ],
     [
      177.4304304,
      -17.74170369973592
     ],
     [
      177.4304116,
      -17.741667899735926
     ],
     [
      177.4302828,
      -17.74153119973595
     ],
     [
      177.4302024,
      -17.741408599735937
     ],
     [
      177.42973471319198,
      -17.740397808444733
     ]
    ]
   },
   "bbox": [
    177.42973471319198,
    -17.7439490199365,
    177.43244115746623,
    -17.740397808444733
   ]
  },
  {
   "id": "46",
   "type": "Feature",
   "properties": {
    "id": "s047",
    "length_m": 502,
    "existing_width_m": 105,
    "restorable_width_m": 0,
    "existing_ha": 5.3,
    "restorable_ha": 0.0,
    "wave_reduction_now": 0.137,
    "wave_reduction_restored": 0.137,
    "surge_reduction_restored_m": 0.011,
    "band_now": "exposed",
    "band_restored": "exposed",
    "people_behind": 20.0,
    "buildings_behind": 6,
    "surge_people": 20.0,
    "priority": 0.0
   },
   "geometry": {
    "type": "LineString",
    "coordinates": [
     [
      177.42973471319198,
      -17.740397808444733
     ],
     [
      177.4295486,
      -17.739988199735954
     ],
     [
      177.4294768,
      -17.739709099735954
     ],
     [
      177.4294399,
      -17.73963699973594
     ],
     [
      177.42932130000003,
      -17.739520699735955
     ],
     [
      177.4292053,
      -17.739438999735956
     ],
     [
      177.4291858,
      -17.739391699735958
     ],
     [
      177.4291778,
      -17.73930289973596
     ],
     [
      177.4291892,
      -17.73926459973594
     ],
     [
      177.4293648,
      -17.739035999735965
     ],
     [
      177.429389,
      -17.738966999735965
     ],
     [
      177.4293964,
      -17.738907599735967
     ],
     [
      177.4293769,
      -17.738795799735968
     ],
     [
      177.4293521,
      -17.73875879973597
     ],
     [
      177.4291375,
      -17.738612599735976
     ],
     [
      177.4290316,
      -17.73847069973596
     ],
     [
      177.4289672,
      -17.73844899973596
     ],
     [
      177.4289297,
      -17.738464399735964
     ],
     [
      177.4288961,
      -17.738509099735964
     ],
     [
      177.4287741,
      -17.738824599735963
     ],
     [
      177.4287996,
      -17.73905579973595
     ],
     [
      177.4287513,
      -17.73909029973597
     ],
     [
      177.4287258,
      -17.73908899973595
     ],
     [
      177.4286775,
      -17.739041699735957
     ],
     [
      177.4285568,
      -17.73886479973598
     ],
     [
      177.4284355,
      -17.738576799735963
     ],
     [
      177.4284355,
      -17.738251699735965
     ],
     [
      177.4283362,
      -17.738052399735974
     ],
     [
      177.4283449,
      -17.73783459973597
     ],
     [
      177.42832755716208,
      -17.73776791350623
     ]
    ]
   },
   "bbox": [
    177.42832755716208,
    -17.740397808444733,
    177.42973471319198,
    -17.73776791350623
   ]
  },
  {
   "id": "47",
   "type": "Feature",
   "properties": {
    "id": "s048",
    "length_m": 502,
    "existing_width_m": 75,
    "restorable_width_m": 0,
    "existing_ha": 3.8,
    "restorable_ha": 0.0,
    "wave_reduction_now": 0.098,
    "wave_reduction_restored": 0.098,
    "surge_reduction_restored_m": 0.008,
    "band_now": "exposed",
    "band_restored": "exposed",
    "people_behind": 4.0,
    "buildings_behind": 1,
    "surge_people": 4.0,
    "priority": 0.0
   },
   "geometry": {
    "type": "LineString",
    "coordinates": [
     [
      177.42832755716208,
      -17.73776791350623
     ],
     [
      177.4282068,
      -17.737552999735982
     ],
     [
      177.428188,
      -17.73745139973597
     ],
     [
      177.4281109,
      -17.737322999735987
     ],
     [
      177.4280573,
      -17.737280899735982
     ],
     [
      177.4279842,
      -17.73726049973599
     ],
     [
      177.4278628,
      -17.737291099735987
     ],
     [
      177.4278373,
      -17.73727829973597
     ],
     [
      177.427781,
      -17.737201099735977
     ],
     [
      177.427673,
      -17.737014599735993
     ],
     [
      177.4274947,
      -17.736511299736
     ],
     [
      177.4272707,
      -17.73596199973599
     ],
     [
      177.4271218,
      -17.73573209973602
     ],
     [
      177.4271017,
      -17.73561329973602
     ],
     [
      177.4270213,
      -17.735411499736003
     ],
     [
      177.42686440000003,
      -17.735264599736013
     ],
     [
      177.4267651,
      -17.735047399736004
     ],
     [
      177.4266645,
      -17.734968199736006
     ],
     [
      177.4266243,
      -17.73491709973601
     ],
     [
      177.4265733,
      -17.734757499736016
     ],
     [
      177.4264345,
      -17.73453199973601
     ],
     [
      177.426395,
      -17.73442789973601
     ],
     [
      177.4263628,
      -17.73425859973603
     ],
     [
      177.4262193,
      -17.734141099736025
     ],
     [
      177.42613298367522,
      -17.733980092145394
     ]
    ]
   },
   "bbox": [
    177.42613298367522,
    -17.73776791350623,
    177.42832755716208,
    -17.733980092145394
   ]
  },
  {
   "id": "48",
   "type": "Feature",
   "properties": {
    "id": "s049",
    "length_m": 502,
    "existing_width_m": 11,
    "restorable_width_m": 0,
    "existing_ha": 0.5,
    "restorable_ha": 0.0,
    "wave_reduction_now": 0.014,
    "wave_reduction_restored": 0.014,
    "surge_reduction_restored_m": 0.001,
    "band_now": "exposed",
    "band_restored": "exposed",
    "people_behind": 0.0,
    "buildings_behind": 0,
    "surge_people": 0.0,
    "priority": 0.0
   },
   "geometry": {
    "type": "LineString",
    "coordinates": [
     [
      177.42613298367522,
      -17.733980092145394
     ],
     [
      177.4260738,
      -17.733895899736034
     ],
     [
      177.4259866,
      -17.733812199736033
     ],
     [
      177.4259128,
      -17.733696599736028
     ],
     [
      177.42585250000002,
      -17.73354709973603
     ],
     [
      177.4258418,
      -17.733442399736038
     ],
     [
      177.425941,
      -17.73315309973604
     ],
     [
      177.4259195,
      -17.73300549973605
     ],
     [
      177.4258744,
      -17.732949699736043
     ],
     [
      177.4256225,
      -17.73274429973603
     ],
     [
      177.4255796,
      -17.732663799736038
     ],
     [
      177.4255688,
      -17.732574399736038
     ],
     [
      177.425589,
      -17.732446699736048
     ],
     [
      177.4256694,
      -17.732175899736035
     ],
     [
      177.425715,
      -17.732088999736042
     ],
     [
      177.42581960000004,
      -17.73203539973603
     ],
     [
      177.4259511,
      -17.732022599736037
     ],
     [
      177.4261214,
      -17.732147799736058
     ],
     [
      177.426226,
      -17.732500299736035
     ],
     [
      177.4263829,
      -17.73277879973602
     ],
     [
      177.4264325,
      -17.73290529973603
     ],
     [
      177.4264553,
      -17.733035599736034
     ],
     [
      177.4264057,
      -17.73340469973602
     ],
     [
      177.4265438,
      -17.733603999736022
     ],
     [
      177.42672963531388,
      -17.733931638145275
     ]
    ]
   },
   "bbox": [
    177.4255688,
    -17.733980092145394,
    177.42672963531388,
    -17.732022599736037
   ]
  },
  {
   "id": "49",
   "type": "Feature",
   "properties": {
    "id": "s050",
    "length_m": 502,
    "existing_width_m": 7,
    "restorable_width_m": 0,
    "existing_ha": 0.4,
    "restorable_ha": 0.0,
    "wave_reduction_now": 0.009,
    "wave_reduction_restored": 0.009,
    "surge_reduction_restored_m": 0.001,
    "band_now": "exposed",
    "band_restored": "exposed",
    "people_behind": 0.0,
    "buildings_behind": 0,
    "surge_people": 0.0,
    "priority": 0.0
   },
   "geometry": {
    "type": "LineString",
    "coordinates": [
     [
      177.42672963531388,
      -17.733931638145275
     ],
     [
      177.4268872,
      -17.734169899736003
     ],
     [
      177.4270414,
      -17.734485399736023
     ],
     [
      177.4271487,
      -17.73478809973601
     ],
     [
      177.4273968,
      -17.735201999736013
     ],
     [
      177.4274826,
      -17.73531569973602
     ],
     [
      177.4277267,
      -17.735813799735997
     ],
     [
      177.4279802,
      -17.736403999736
     ],
     [
      177.4280566,
      -17.73666579973598
     ],
     [
      177.428125,
      -17.73677829973598
     ],
     [
      177.4285193,
      -17.737097599735968
     ],
     [
      177.4286306,
      -17.737261099735985
     ],
     [
      177.4287607,
      -17.73752169973596
     ],
     [
      177.4288653,
      -17.737848699735963
     ],
     [
      177.4289039424406,
      -17.73788906086024
     ]
    ]
   },
   "bbox": [
    177.42672963531388,
    -17.73788906086024,
    177.4289039424406,
    -17.733931638145275
   ]
  },
  {
   "id": "50",
   "type": "Feature",
   "properties": {
    "id": "s051",
    "length_m": 502,
    "existing_width_m": 22,
    "restorable_width_m": 0,
    "existing_ha": 1.1,
    "restorable_ha": 0.0,
    "wave_reduction_now": 0.029,
    "wave_reduction_restored": 0.029,
    "surge_reduction_restored_m": 0.002,
    "band_now": "exposed",
    "band_restored": "exposed",
    "people_behind": 100.0,
    "buildings_behind": 26,
    "surge_people": 100.0,
    "priority": 0.0
   },
   "geometry": {
    "type": "LineString",
    "coordinates": [
     [
      177.4289039424406,
      -17.73788906086024
     ],
     [
      177.428935,
      -17.737921499735968
     ],
     [
      177.42960830000004,
      -17.73833279973597
     ],
     [
      177.4297115,
      -17.738474599735955
     ],
     [
      177.4298269,
      -17.73873519973597
     ],
     [
      177.4298483,
      -17.738931899735956
     ],
     [
      177.42983890000002,
      -17.739299699735955
     ],
     [
      177.4298617,
      -17.73945299973596
     ],
     [
      177.4299006,
      -17.739617799735953
     ],
     [
      177.4300025,
      -17.73990389973596
     ],
     [
      177.4302144,
      -17.74038929973594
     ],
     [
      177.4303526,
      -17.74063069973595
     ],
     [
      177.4306919,
      -17.74134349973594
     ],
     [
      177.4308005,
      -17.74152229973593
     ],
     [
      177.430834,
      -17.74165899973593
     ],
     [
      177.4309125452721,
      -17.741781209989036
     ]
    ]
   },
   "bbox": [
    177.4289039424406,
    -17.741781209989036,
    177.4309125452721,
    -17.73788906086024
   ]
  },
  {
   "id": "51",
   "type": "Feature",
   "properties": {
    "id": "s052",
    "length_m": 502,
    "existing_width_m": 0,
    "restorable_width_m": 0,
    "existing_ha": 0.0,
    "restorable_ha": 0.0,
    "wave_reduction_now": 0.0,
    "wave_reduction_restored": 0.0,
    "surge_reduction_restored_m": 0.0,
    "band_now": "exposed",
    "band_restored": "exposed",
    "people_behind": 144.0,
    "buildings_behind": 42,
    "surge_people": 144.0,
    "priority": 0.0
   },
   "geometry": {
    "type": "LineString",
    "coordinates": [
     [
      177.4309125452721,
      -17.741781209989036
     ],
     [
      177.4309842,
      -17.741863299735908
     ],
     [
      177.4310862,
      -17.741927199735922
     ],
     [
      177.4311908,
      -17.74196549973593
     ],
     [
      177.4315864,
      -17.74220049973592
     ],
     [
      177.4316494,
      -17.742251599735933
     ],
     [
      177.4318479,
      -17.742555599735912
     ],
     [
      177.4319351,
      -17.742647599735914
     ],
     [
      177.4321201,
      -17.74278939973591
     ],
     [
      177.43232000000003,
      -17.742984799735915
     ],
     [
      177.4324004,
      -17.7431367997359
     ],
     [
      177.43256670000002,
      -17.74335909973591
     ],
     [
      177.4326177,
      -17.743392299735905
     ],
     [
      177.4330723,
      -17.743417799735905
     ],
     [
      177.4335471,
      -17.7433832997359
     ],
     [
      177.4336919,
      -17.743434399735897
     ],
     [
      177.4338046,
      -17.74355709973592
     ],
     [
      177.433877,
      -17.743705199735913
     ],
     [
      177.4339373,
      -17.743866199735887
     ],
     [
      177.4339132,
      -17.7439644997359
     ],
     [
      177.4339199,
      -17.744126699735904
     ],
     [
      177.43394670000004,
      -17.744208499735887
     ],
     [
      177.43412246401616,
      -17.74445982131162
     ]
    ]
   },
   "bbox": [
    177.4309125452721,
    -17.74445982131162,
    177.43412246401616,
    -17.741781209989036
   ]
  },
  {
   "id": "52",
   "type": "Feature",
   "properties": {
    "id": "s053",
    "length_m": 502,
    "existing_width_m": 0,
    "restorable_width_m": 0,
    "existing_ha": 0.0,
    "restorable_ha": 0.0,
    "wave_reduction_now": 0.0,
    "wave_reduction_restored": 0.0,
    "surge_reduction_restored_m": 0.0,
    "band_now": "exposed",
    "band_restored": "exposed",
    "people_behind": 1380.0,
    "buildings_behind": 354,
    "surge_people": 1380.0,
    "priority": 0.0
   },
   "geometry": {
    "type": "LineString",
    "coordinates": [
     [
      177.43412246401616,
      -17.74445982131162
     ],
     [
      177.4343142,
      -17.74474879973588
     ],
     [
      177.4344483,
      -17.74491359973588
     ],
     [
      177.4347889,
      -17.74520349973588
     ],
     [
      177.4349646,
      -17.74540279973588
     ],
     [
      177.4351363,
      -17.745715699735882
     ],
     [
      177.4354514,
      -17.74618829973587
     ],
     [
      177.4355252,
      -17.746338999735865
     ],
     [
      177.435713,
      -17.74690739973586
     ],
     [
      177.4358538,
      -17.747410699735862
     ],
     [
      177.435886,
      -17.74768909973587
     ],
     [
      177.4358216,
      -17.747948399735847
     ],
     [
      177.4358699,
      -17.74806459973584
     ],
     [
      177.43592818845684,
      -17.74847520458228
     ]
    ]
   },
   "bbox": [
    177.43412246401616,
    -17.74847520458228,
    177.43592818845684,
    -17.74445982131162
   ]
  },
  {
   "id": "53",
   "type": "Feature",
   "properties": {
    "id": "s054",
    "length_m": 502,
    "existing_width_m": 0,
    "restorable_width_m": 0,
    "existing_ha": 0.0,
    "restorable_ha": 0.0,
    "wave_reduction_now": 0.0,
    "wave_reduction_restored": 0.0,
    "surge_reduction_restored_m": 0.0,
    "band_now": "exposed",
    "band_restored": "exposed",
    "people_behind": 0.0,
    "buildings_behind": 0,
    "surge_people": 0.0,
    "priority": 0.0
   },
   "geometry": {
    "type": "LineString",
    "coordinates": [
     [
      177.43592818845684,
      -17.74847520458228
     ],
     [
      177.4359477,
      -17.748910199735835
     ],
     [
      177.4359436,
      -17.74927669973584
     ],
     [
      177.4358793,
      -17.749588399735835
     ],
     [
      177.4358243,
      -17.75004569973582
     ],
     [
      177.435717,
      -17.750378999735805
     ],
     [
      177.43572370000004,
      -17.75055909973582
     ],
     [
      177.435548,
      -17.7512973997358
     ],
     [
      177.4354058,
      -17.7517443997358
     ],
     [
      177.4353898,
      -17.752089299735793
     ],
     [
      177.4353442,
      -17.75241109973579
     ],
     [
      177.4352664,
      -17.752638499735802
     ],
     [
      177.43514488215126,
      -17.75290305601452
     ]
    ]
   },
   "bbox": [
    177.43514488215126,
    -17.75290305601452,
    177.4359477,
    -17.74847520458228
   ]
  },
  {
   "id": "54",
   "type": "Feature",
   "properties": {
    "id": "s055",
    "length_m": 502,
    "existing_width_m": 0,
    "restorable_width_m": 0,
    "existing_ha": 0.0,
    "restorable_ha": 0.0,
    "wave_reduction_now": 0.0,
    "wave_reduction_restored": 0.0,
    "surge_reduction_restored_m": 0.0,
    "band_now": "exposed",
    "band_restored": "exposed",
    "people_behind": 0.0,
    "buildings_behind": 0,
    "surge_people": 0.0,
    "priority": 0.0
   },
   "geometry": {
    "type": "LineString",
    "coordinates": [
     [
      177.43514488215126,
      -17.75290305601452
     ],
     [
      177.4349391,
      -17.753512099735765
     ],
     [
      177.4348694,
      -17.75385439973577
     ],
     [
      177.4347621,
      -17.75403319973577
     ],
     [
      177.4345985,
      -17.754401099735762
     ],
     [
      177.4344993,
      -17.754692299735762
     ],
     [
      177.434392,
      -17.75485579973577
     ],
     [
      177.4342364,
      -17.754929799735777
     ],
     [
      177.4340996,
      -17.755070299735763
     ],
     [
      177.4339333,
      -17.75529769973576
     ],
     [
      177.4338099,
      -17.755504599735744
     ],
     [
      177.4337161,
      -17.755915899735754
     ],
     [
      177.433598,
      -17.756692399735755
     ],
     [
      177.43349646022716,
      -17.75703892924099
     ]
    ]
   },
   "bbox": [
    177.43349646022716,
    -17.75703892924099,
    177.43514488215126,
    -17.75290305601452
   ]
  },
  {
   "id": "55",
   "type": "Feature",
   "properties": {
    "id": "s056",
    "length_m": 502,
    "existing_width_m": 0,
    "restorable_width_m": 0,
    "existing_ha": 0.0,
    "restorable_ha": 0.0,
    "wave_reduction_now": 0.0,
    "wave_reduction_restored": 0.0,
    "surge_reduction_restored_m": 0.0,
    "band_now": "exposed",
    "band_restored": "exposed",
    "people_behind": 76.0,
    "buildings_behind": 23,
    "surge_people": 76.0,
    "priority": 0.0
   },
   "geometry": {
    "type": "LineString",
    "coordinates": [
     [
      177.43349646022716,
      -17.75703892924099
     ],
     [
      177.4334049,
      -17.757351399735725
     ],
     [
      177.4330616,
      -17.758189299735722
     ],
     [
      177.4325359,
      -17.75908839973572
     ],
     [
      177.4317929,
      -17.759992699735694
     ],
     [
      177.4311277,
      -17.760651699735682
     ],
     [
      177.4309631965137,
      -17.760794103182548
     ]
    ]
   },
   "bbox": [
    177.4309631965137,
    -17.760794103182548,
    177.43349646022716,
    -17.75703892924099
   ]
  },
  {
   "id": "56",
   "type": "Feature",
   "properties": {
    "id": "s057",
    "length_m": 502,
    "existing_width_m": 0,
    "restorable_width_m": 0,
    "existing_ha": 0.0,
    "restorable_ha": 0.0,
    "wave_reduction_now": 0.0,
    "wave_reduction_restored": 0.0,
    "surge_reduction_restored_m": 0.0,
    "band_now": "exposed",
    "band_restored": "exposed",
    "people_behind": 176.0,
    "buildings_behind": 60,
    "surge_people": 176.0,
    "priority": 0.0
   },
   "geometry": {
    "type": "LineString",
    "coordinates": [
     [
      177.4309631965137,
      -17.760794103182548
     ],
     [
      177.4305296,
      -17.76115489973568
     ],
     [
      177.4304089,
      -17.761175399735688
     ],
     [
      177.4303231,
      -17.761156199735677
     ],
     [
      177.4297169,
      -17.760719699735684
     ],
     [
      177.4296606,
      -17.760687199735695
     ],
     [
      177.4296223,
      -17.760680499735674
     ],
     [
      177.4295895,
      -17.760696399735696
     ],
     [
      177.4295546,
      -17.760737299735684
     ],
     [
      177.4295627,
      -17.760796099735693
     ],
     [
      177.4296129,
      -17.760864999735677
     ],
     [
      177.4298993,
      -17.761070599735692
     ],
     [
      177.4299596,
      -17.761130699735677
     ],
     [
      177.4299824,
      -17.76117669973568
     ],
     [
      177.4299704,
      -17.761251999735673
     ],
     [
      177.4293146,
      -17.762117899735667
     ],
     [
      177.42860036406944,
      -17.762980160866732
     ]
    ]
   },
   "bbox": [
    177.42860036406944,
    -17.762980160866732,
    177.4309631965137,
    -17.760680499735674
   ]
  },
  {
   "id": "57",
   "type": "Feature",
   "properties": {
    "id": "s058",
    "length_m": 502,
    "existing_width_m": 0,
    "restorable_width_m": 0,
    "existing_ha": 0.0,
    "restorable_ha": 0.0,
    "wave_reduction_now": 0.0,
    "wave_reduction_restored": 0.0,
    "surge_reduction_restored_m": 0.0,
    "band_now": "exposed",
    "band_restored": "exposed",
    "people_behind": 676.0,
    "buildings_behind": 220,
    "surge_people": 676.0,
    "priority": 0.0
   },
   "geometry": {
    "type": "LineString",
    "coordinates": [
     [
      177.42860036406944,
      -17.762980160866732
     ],
     [
      177.42720760000003,
      -17.76456909973563
     ],
     [
      177.4265016,
      -17.765298599735637
     ],
     [
      177.4258189,
      -17.76592339973562
     ],
     [
      177.42538055830445,
      -17.76629510101108
     ]
    ]
   },
   "bbox": [
    177.42538055830445,
    -17.76629510101108,
    177.42860036406944,
    -17.762980160866732
   ]
  },
  {
   "id": "58",
   "type": "Feature",
   "properties": {
    "id": "s059",
    "length_m": 502,
    "existing_width_m": 0,
    "restorable_width_m": 0,
    "existing_ha": 0.0,
    "restorable_ha": 0.0,
    "wave_reduction_now": 0.0,
    "wave_reduction_restored": 0.0,
    "surge_reduction_restored_m": 0.0,
    "band_now": "exposed",
    "band_restored": "exposed",
    "people_behind": 316.0,
    "buildings_behind": 100,
    "surge_people": 316.0,
    "priority": 0.0
   },
   "geometry": {
    "type": "LineString",
    "coordinates": [
     [
      177.42538055830445,
      -17.76629510101108
     ],
     [
      177.4247999,
      -17.766787599735615
     ],
     [
      177.4247146,
      -17.76698779973561
     ],
     [
      177.4244176,
      -17.767073799735602
     ],
     [
      177.42160301806362,
      -17.768938909022822
     ]
    ]
   },
   "bbox": [
    177.42160301806362,
    -17.768938909022822,
    177.42538055830445,
    -17.76629510101108
   ]
  },
  {
   "id": "59",
   "type": "Feature",
   "properties": {
    "id": "s060",
    "length_m": 502,
    "existing_width_m": 0,
    "restorable_width_m": 0,
    "existing_ha": 0.0,
    "restorable_ha": 0.0,
    "wave_reduction_now": 0.0,
    "wave_reduction_restored": 0.0,
    "surge_reduction_restored_m": 0.0,
    "band_now": "exposed",
    "band_restored": "exposed",
    "people_behind": 168.0,
    "buildings_behind": 44,
    "surge_people": 168.0,
    "priority": 0.0
   },
   "geometry": {
    "type": "LineString",
    "coordinates": [
     [
      177.42160301806362,
      -17.768938909022822
     ],
     [
      177.4213534,
      -17.769103099735577
     ],
     [
      177.4204986,
      -17.769610199735574
     ],
     [
      177.4199078,
      -17.769880199735557
     ],
     [
      177.419611,
      -17.76986029973557
     ],
     [
      177.4192773,
      -17.77020579973557
     ],
     [
      177.4187731,
      -17.770514599735574
     ],
     [
      177.4178013,
      -17.77106889973556
     ],
     [
      177.41755828934282,
      -17.77113538883864
     ]
    ]
   },
   "bbox": [
    177.41755828934282,
    -17.77113538883864,
    177.42160301806362,
    -17.768938909022822
   ]
  },
  {
   "id": "60",
   "type": "Feature",
   "properties": {
    "id": "s061",
    "length_m": 502,
    "existing_width_m": 0,
    "restorable_width_m": 0,
    "existing_ha": 0.0,
    "restorable_ha": 0.0,
    "wave_reduction_now": 0.0,
    "wave_reduction_restored": 0.0,
    "surge_reduction_restored_m": 0.0,
    "band_now": "exposed",
    "band_restored": "exposed",
    "people_behind": 112.0,
    "buildings_behind": 28,
    "surge_people": 112.0,
    "priority": 0.0
   },
   "geometry": {
    "type": "LineString",
    "coordinates": [
     [
      177.41755828934282,
      -17.77113538883864
     ],
     [
      177.4165864,
      -17.771401299735558
     ],
     [
      177.41502250000002,
      -17.77162739973554
     ],
     [
      177.4132909,
      -17.772052899735563
     ],
     [
      177.4129448023872,
      -17.772122950323347
     ]
    ]
   },
   "bbox": [
    177.4129448023872,
    -17.772122950323347,
    177.41755828934282,
    -17.77113538883864
   ]
  },
  {
   "id": "61",
   "type": "Feature",
   "properties": {
    "id": "s062",
    "length_m": 502,
    "existing_width_m": 100,
    "restorable_width_m": 0,
    "existing_ha": 5.0,
    "restorable_ha": 0.0,
    "wave_reduction_now": 0.13,
    "wave_reduction_restored": 0.13,
    "surge_reduction_restored_m": 0.01,
    "band_now": "exposed",
    "band_restored": "exposed",
    "people_behind": 60.0,
    "buildings_behind": 15,
    "surge_people": 60.0,
    "priority": 0.0
   },
   "geometry": {
    "type": "LineString",
    "coordinates": [
     [
      177.4129448023872,
      -17.772122950323347
     ],
     [
      177.4121738,
      -17.772278999735537
     ],
     [
      177.4113292,
      -17.772413399735548
     ],
     [
      177.4103318,
      -17.772677099735546
     ],
     [
      177.4098634,
      -17.772832899735537
     ],
     [
      177.4089201,
      -17.772784299735534
     ],
     [
      177.4090005981944,
      -17.772200733039742
     ]
    ]
   },
   "bbox": [
    177.4089201,
    -17.772832899735537,
    177.4129448023872,
    -17.772122950323347
   ]
  },
  {
   "id": "62",
   "type": "Feature",
   "properties": {
    "id": "s063",
    "length_m": 502,
    "existing_width_m": 78,
    "restorable_width_m": 0,
    "existing_ha": 3.9,
    "restorable_ha": 0.0,
    "wave_reduction_now": 0.101,
    "wave_reduction_restored": 0.101,
    "surge_reduction_restored_m": 0.008,
    "band_now": "exposed",
    "band_restored": "exposed",
    "people_behind": 92.0,
    "buildings_behind": 23,
    "surge_people": 92.0,
    "priority": 0.0
   },
   "geometry": {
    "type": "LineString",
    "coordinates": [
     [
      177.4090005981944,
      -17.772200733039742
     ],
     [
      177.4091714,
      -17.770962499735553
     ],
     [
      177.40876650000004,
      -17.771454499735565
     ],
     [
      177.4088363,
      -17.771800199735544
     ],
     [
      177.4087525,
      -17.77230559973554
     ],
     [
      177.408585,
      -17.772731099735548
     ],
     [
      177.4085989,
      -17.772917299735532
     ],
     [
      177.4075795,
      -17.77324969973554
     ],
     [
      177.40755076365414,
      -17.773129969450377
     ]
    ]
   },
   "bbox": [
    177.40755076365414,
    -17.77324969973554,
    177.4091714,
    -17.770962499735553
   ]
  },
  {
   "id": "63",
   "type": "Feature",
   "properties": {
    "id": "s064",
    "length_m": 502,
    "existing_width_m": 145,
    "restorable_width_m": 0,
    "existing_ha": 7.3,
    "restorable_ha": 0.0,
    "wave_reduction_now": 0.189,
    "wave_reduction_restored": 0.189,
    "surge_reduction_restored_m": 0.015,
    "band_now": "exposed",
    "band_restored": "exposed",
    "people_behind": 0.0,
    "buildings_behind": 0,
    "surge_people": 0.0,
    "priority": 0.0
   },
   "geometry": {
    "type": "LineString",
    "coordinates": [
     [
      177.40755076365414,
      -17.773129969450377
     ],
     [
      177.4074678,
      -17.772784299735534
     ],
     [
      177.4081241,
      -17.77253159973554
     ],
     [
      177.4082498,
      -17.77235879973555
     ],
     [
      177.4083057,
      -17.771893299735545
     ],
     [
      177.4082498,
      -17.771534299735563
     ],
     [
      177.4081521,
      -17.771108799735565
     ],
     [
      177.4080264,
      -17.770882699735566
     ],
     [
      177.4078448,
      -17.77073639973557
     ],
     [
      177.4075795,
      -17.77060339973558
     ],
     [
      177.4074778,
      -17.770600299735563
     ],
     [
      177.4071686,
      -17.770461799735568
     ],
     [
      177.407007,
      -17.770337499735568
     ],
     [
      177.4070489,
      -17.770098099735566
     ],
     [
      177.4069511,
      -17.769769599735575
     ],
     [
      177.4069079488105,
      -17.769746888599936
     ]
    ]
   },
   "bbox": [
    177.4069079488105,
    -17.773129969450377,
    177.4083057,
    -17.769746888599936
   ]
  },
  {
   "id": "64",
   "type": "Feature",
   "properties": {
    "id": "s065",
    "length_m": 502,
    "existing_width_m": 503,
    "restorable_width_m": 0,
    "existing_ha": 25.3,
    "restorable_ha": 0.0,
    "wave_reduction_now": 0.654,
    "wave_reduction_restored": 0.654,
    "surge_reduction_restored_m": 0.05,
    "band_now": "strong",
    "band_restored": "strong",
    "people_behind": 0.0,
    "buildings_behind": 0,
    "surge_people": 0.0,
    "priority": 0.0
   },
   "geometry": {
    "type": "LineString",
    "coordinates": [
     [
      177.4069079488105,
      -17.769746888599936
     ],
     [
      177.4068105,
      -17.76969559973559
     ],
     [
      177.4065912,
      -17.769705099735567
     ],
     [
      177.4063538,
      -17.769841499735573
     ],
     [
      177.4055796,
      -17.769880099735577
     ],
     [
      177.404489,
      -17.76984139973557
     ],
     [
      177.403411,
      -17.76949719973558
     ],
     [
      177.4030881,
      -17.769236299735585
     ],
     [
      177.40301807895844,
      -17.768568198750135
     ]
    ]
   },
   "bbox": [
    177.40301807895844,
    -17.769880099735577,
    177.4069079488105,
    -17.768568198750135
   ]
  },
  {
   "id": "65",
   "type": "Feature",
   "properties": {
    "id": "s066",
    "length_m": 502,
    "existing_width_m": 89,
    "restorable_width_m": 0,
    "existing_ha": 4.5,
    "restorable_ha": 0.0,
    "wave_reduction_now": 0.115,
    "wave_reduction_restored": 0.115,
    "surge_reduction_restored_m": 0.009,
    "band_now": "exposed",
    "band_restored": "exposed",
    "people_behind": 4.0,
    "buildings_behind": 1,
    "surge_people": 4.0,
    "priority": 0.0
   },
   "geometry": {
    "type": "LineString",
    "coordinates": [
     [
      177.40301807895844,
      -17.768568198750135
     ],
     [
      177.4029747,
      -17.768154299735606
     ],
     [
      177.4029984,
      -17.767892799735595
     ],
     [
      177.4030489,
      -17.7677742997356
     ],
     [
      177.4031728,
      -17.7676368997356
     ],
     [
      177.403198,
      -17.76751699973561
     ],
     [
      177.4031911,
      -17.767432799735595
     ],
     [
      177.4028957,
      -17.767152499735605
     ],
     [
      177.4031099,
      -17.767147199735618
     ],
     [
      177.4031586,
      -17.7672000997356
     ],
     [
      177.4031719,
      -17.767300199735605
     ],
     [
      177.4032246,
      -17.76735689973561
     ],
     [
      177.4032765,
      -17.767316999735602
     ],
     [
      177.4031978,
      -17.767124699735614
     ],
     [
      177.4030673,
      -17.7670365997356
     ],
     [
      177.4028117,
      -17.766998199735614
     ],
     [
      177.4025519,
      -17.767003699735618
     ],
     [
      177.4024101,
      -17.7673053997356
     ],
     [
      177.4021641,
      -17.7676432997356
     ],
     [
      177.4021389,
      -17.768002399735604
     ],
     [
      177.4019327876469,
      -17.76842477260192
     ]
    ]
   },
   "bbox": [
    177.4019327876469,
    -17.768568198750135,
    177.4032765,
    -17.766998199735614
   ]
  },
  {
   "id": "66",
   "type": "Feature",
   "properties": {
    "id": "s067",
    "length_m": 502,
    "existing_width_m": 223,
    "restorable_width_m": 0,
    "existing_ha": 11.2,
    "restorable_ha": 0.0,
    "wave_reduction_now": 0.29,
    "wave_reduction_restored": 0.29,
    "surge_reduction_restored_m": 0.022,
    "band_now": "partial",
    "band_restored": "partial",
    "people_behind": 0.0,
    "buildings_behind": 0,
    "surge_people": 0.0,
    "priority": 0.0
   },
   "geometry": {
    "type": "LineString",
    "coordinates": [
     [
      177.4019327876469,
      -17.76842477260192
     ],
     [
      177.4018647,
      -17.76856429973559
     ],
     [
      177.4017278,
      -17.76894259973557
     ],
     [
      177.4010545,
      -17.768928899735574
     ],
     [
      177.40101870000004,
      -17.76858159973558
     ],
     [
      177.4010116,
      -17.768343299735598
     ],
     [
      177.4007184,
      -17.767968799735595
     ],
     [
      177.4004682,
      -17.767819099735608
     ],
     [
      177.399982,
      -17.767410499735604
     ],
     [
      177.3993457,
      -17.76704289973561
     ],
     [
      177.3990955,
      -17.76677729973561
     ],
     [
      177.39885982046758,
      -17.76656760902317
     ]
    ]
   },
   "bbox": [
    177.39885982046758,
    -17.76894259973557,
    177.4019327876469,
    -17.76656760902317
   ]
  },
  {
   "id": "67",
   "type": "Feature",
   "properties": {
    "id": "s068",
    "length_m": 502,
    "existing_width_m": 27,
    "restorable_width_m": 0,
    "existing_ha": 1.4,
    "restorable_ha": 0.0,
    "wave_reduction_now": 0.036,
    "wave_reduction_restored": 0.036,
    "surge_reduction_restored_m": 0.003,
    "band_now": "exposed",
    "band_restored": "exposed",
    "people_behind": 0.0,
    "buildings_behind": 0,
    "surge_people": 0.0,
    "priority": 0.0
   },
   "geometry": {
    "type": "LineString",
    "coordinates": [
     [
      177.39885982046758,
      -17.76656760902317
     ],
     [
      177.3986593,
      -17.76638919973561
     ],
     [
      177.3982375,
      -17.766144099735623
     ],
     [
      177.3977656,
      -17.76594669973562
     ],
     [
      177.3970077,
      -17.765776499735633
     ],
     [
      177.3961784,
      -17.76568789973562
     ],
     [
      177.3956851,
      -17.765483699735626
     ],
     [
      177.3948485,
      -17.765435999735626
     ],
     [
      177.3945554,
      -17.76549729973561
     ],
     [
      177.39443272849456,
      -17.765600636839363
     ]
    ]
   },
   "bbox": [
    177.39443272849456,
    -17.76656760902317,
    177.39885982046758,
    -17.765435999735626
   ]
  },
  {
   "id": "68",
   "type": "Feature",
   "properties": {
    "id": "s069",
    "length_m": 502,
    "existing_width_m": 150,
    "restorable_width_m": 0,
    "existing_ha": 7.5,
    "restorable_ha": 0.0,
    "wave_reduction_now": 0.195,
    "wave_reduction_restored": 0.195,
    "surge_reduction_restored_m": 0.015,
    "band_now": "exposed",
    "band_restored": "exposed",
    "people_behind": 0.0,
    "buildings_behind": 0,
    "surge_people": 0.0,
    "priority": 0.0
   },
   "geometry": {
    "type": "LineString",
    "coordinates": [
     [
      177.39443272849456,
      -17.765600636839363
     ],
     [
      177.3943695,
      -17.76565389973562
     ],
     [
      177.3942122,
      -17.76593989973562
     ],
     [
      177.3939977,
      -17.766035199735626
     ],
     [
      177.394105,
      -17.76591939973562
     ],
     [
      177.3941336,
      -17.765776499735633
     ],
     [
      177.3940263,
      -17.76566069973562
     ],
     [
      177.3938476,
      -17.765599399735628
     ],
     [
      177.3934901,
      -17.765585799735618
     ],
     [
      177.3924248,
      -17.76585129973563
     ],
     [
      177.3918099,
      -17.76589899973564
     ],
     [
      177.391481,
      -17.765973899735627
     ],
     [
      177.3911522,
      -17.76613049973561
     ],
     [
      177.3908519,
      -17.766457299735624
     ],
     [
      177.39068237496215,
      -17.766500047261133
     ]
    ]
   },
   "bbox": [
    177.39068237496215,
    -17.766500047261133,
    177.39443272849456,
    -17.765585799735618
   ]
  },
  {
   "id": "69",
   "type": "Feature",
   "properties": {
    "id": "s070",
    "length_m": 502,
    "existing_width_m": 3,
    "restorable_width_m": 0,
    "existing_ha": 0.2,
    "restorable_ha": 0.0,
    "wave_reduction_now": 0.004,
    "wave_reduction_restored": 0.004,
    "surge_reduction_restored_m": 0.0,
    "band_now": "exposed",
    "band_restored": "exposed",
    "people_behind": 0.0,
    "buildings_behind": 0,
    "surge_people": 0.0,
    "priority": 0.0
   },
   "geometry": {
    "type": "LineString",
    "coordinates": [
     [
      177.39068237496215,
      -17.766500047261133
     ],
     [
      177.3903657,
      -17.766579899735603
     ],
     [
      177.3898581,
      -17.767001999735605
     ],
     [
      177.3894577,
      -17.767240299735615
     ],
     [
      177.389136,
      -17.767403699735603
     ],
     [
      177.3888285,
      -17.767594399735593
     ],
     [
      177.3885211,
      -17.767839499735597
     ],
     [
      177.3882494,
      -17.768445399735597
     ],
     [
      177.3882279,
      -17.768710999735596
     ],
     [
      177.3882565,
      -17.769167199735584
     ],
     [
      177.3882279,
      -17.76959609973557
     ],
     [
      177.38832558363546,
      -17.769805072520448
     ]
    ]
   },
   "bbox": [
    177.3882279,
    -17.769805072520448,
    177.39068237496215,
    -17.766500047261133
   ]
  },
  {
   "id": "70",
   "type": "Feature",
   "properties": {
    "id": "s071",
    "length_m": 502,
    "existing_width_m": 88,
    "restorable_width_m": 0,
    "existing_ha": 4.4,
    "restorable_ha": 0.0,
    "wave_reduction_now": 0.114,
    "wave_reduction_restored": 0.114,
    "surge_reduction_restored_m": 0.009,
    "band_now": "exposed",
    "band_restored": "exposed",
    "people_behind": 0.0,
    "buildings_behind": 0,
    "surge_people": 0.0,
    "priority": 0.0
   },
   "geometry": {
    "type": "LineString",
    "coordinates": [
     [
      177.38832558363546,
      -17.769805072520448
     ],
     [
      177.3888285,
      -17.770290599735578
     ],
     [
      177.3897382,
      -17.77080149973557
     ],
     [
      177.3903361,
      -17.771291099735553
     ],
     [
      177.3905753,
      -17.771644199735547
     ],
     [
      177.3911493,
      -17.772304699735542
     ],
     [
      177.3919807859653,
      -17.772429385156773
     ]
    ]
   },
   "bbox": [
    177.38832558363546,
    -17.772429385156773,
    177.3919807859653,
    -17.769805072520448
   ]
  },
  {
   "id": "71",
   "type": "Feature",
   "properties": {
    "id": "s072",
    "length_m": 502,
    "existing_width_m": 284,
    "restorable_width_m": 0,
    "existing_ha": 14.3,
    "restorable_ha": 0.0,
    "wave_reduction_now": 0.37,
    "wave_reduction_restored": 0.37,
    "surge_reduction_restored_m": 0.028,
    "band_now": "partial",
    "band_restored": "partial",
    "people_behind": 0.0,
    "buildings_behind": 0,
    "surge_people": 0.0,
    "priority": 0.0
   },
   "geometry": {
    "type": "LineString",
    "coordinates": [
     [
      177.3919807859653,
      -17.772429385156773
     ],
     [
      177.3925843,
      -17.772646299735545
     ],
     [
      177.3930447,
      -17.77301639973553
     ],
     [
      177.3933437,
      -17.773170099735538
     ],
     [
      177.3936939,
      -17.773227599735538
     ],
     [
      177.3936785,
      -17.773397899735553
     ],
     [
      177.393822,
      -17.77355159973552
     ],
     [
      177.39413890000003,
      -17.773978599735525
     ],
     [
      177.3943422,
      -17.774530999735507
     ],
     [
      177.3950836,
      -17.775009199735507
     ],
     [
      177.39518214820856,
      -17.775328886797933
     ]
    ]
   },
   "bbox": [
    177.3919807859653,
    -17.775328886797933,
    177.39518214820856,
    -17.772429385156773
   ]
  },
  {
   "id": "72",
   "type": "Feature",
   "properties": {
    "id": "s073",
    "length_m": 502,
    "existing_width_m": 679,
    "restorable_width_m": 0,
    "existing_ha": 34.1,
    "restorable_ha": 0.0,
    "wave_reduction_now": 0.66,
    "wave_reduction_restored": 0.66,
    "surge_reduction_restored_m": 0.068,
    "band_now": "strong",
    "band_restored": "strong",
    "people_behind": 0.0,
    "buildings_behind": 0,
    "surge_people": 0.0,
    "priority": 0.0
   },
   "geometry": {
    "type": "LineString",
    "coordinates": [
     [
      177.39518214820856,
      -17.775328886797933
     ],
     [
      177.3952451,
      -17.775533099735505
     ],
     [
      177.3952271,
      -17.7758575997355
     ],
     [
      177.3951434,
      -17.77613089973551
     ],
     [
      177.3949461,
      -17.776284599735497
     ],
     [
      177.39482050000004,
      -17.776478199735493
     ],
     [
      177.3948146,
      -17.776893899735484
     ],
     [
      177.3949043,
      -17.777309499735498
     ],
     [
      177.3951255,
      -17.77806679973547
     ],
     [
      177.39537660000002,
      -17.778260399735462
     ],
     [
      177.3957234,
      -17.778442599735474
     ],
     [
      177.3959207,
      -17.778636099735458
     ],
     [
      177.3960822,
      -17.77890939973545
     ],
     [
      177.39607020000003,
      -17.779176999735448
     ],
     [
      177.39610021894745,
      -17.77924560496274
     ]
    ]
   },
   "bbox": [
    177.3948146,
    -17.77924560496274,
    177.39610021894745,
    -17.775328886797933
   ]
  },
  {
   "id": "73",
   "type": "Feature",
   "properties": {
    "id": "s074",
    "length_m": 502,
    "existing_width_m": 922,
    "restorable_width_m": 0,
    "existing_ha": 46.3,
    "restorable_ha": 0.0,
    "wave_reduction_now": 0.66,
    "wave_reduction_restored": 0.66,
    "surge_reduction_restored_m": 0.092,
    "band_now": "strong",
    "band_restored": "strong",
    "people_behind": 20.0,
    "buildings_behind": 5,
    "surge_people": 20.0,
    "priority": 0.0
   },
   "geometry": {
    "type": "LineString",
    "coordinates": [
     [
      177.39610021894745,
      -17.77924560496274
     ],
     [
      177.3961599,
      -17.779381999735453
     ],
     [
      177.39641100000003,
      -17.779564199735457
     ],
     [
      177.3966382,
      -17.77980899973543
     ],
     [
      177.3968535,
      -17.78016199973545
     ],
     [
      177.3970269,
      -17.78037269973544
     ],
     [
      177.3972362,
      -17.78050369973544
     ],
     [
      177.3973318,
      -17.780742799735442
     ],
     [
      177.3973976,
      -17.781050299735426
     ],
     [
      177.397565,
      -17.78129509973544
     ],
     [
      177.397864,
      -17.78155699973544
     ],
     [
      177.39787,
      -17.781756299735427
     ],
     [
      177.3979238,
      -17.781909999735415
     ],
     [
      177.3980254,
      -17.781978299735396
     ],
     [
      177.39828850000004,
      -17.781613899735422
     ],
     [
      177.398145,
      -17.782154799735423
     ],
     [
      177.3980390220631,
      -17.78211533741631
     ]
    ]
   },
   "bbox": [
    177.39610021894745,
    -17.782154799735423,
    177.39828850000004,
    -17.77924560496274
   ]
  },
  {
   "id": "74",
   "type": "Feature",
   "properties": {
    "id": "s075",
    "length_m": 502,
    "existing_width_m": 273,
    "restorable_width_m": 0,
    "existing_ha": 13.7,
    "restorable_ha": 0.0,
    "wave_reduction_now": 0.355,
    "wave_reduction_restored": 0.355,
    "surge_reduction_restored_m": 0.027,
    "band_now": "partial",
    "band_restored": "partial",
    "people_behind": 4.0,
    "buildings_behind": 1,
    "surge_people": 4.0,
    "priority": 0.0
   },
   "geometry": {
    "type": "LineString",
    "coordinates": [
     [
      177.3980390220631,
      -17.78211533741631
     ],
     [
      177.3980075,
      -17.782103599735418
     ],
     [
      177.3978819,
      -17.782149099735413
     ],
     [
      177.3977264,
      -17.781949799735433
     ],
     [
      177.39759490000003,
      -17.781813199735428
     ],
     [
      177.3974873,
      -17.781642399735418
     ],
     [
      177.3974634,
      -17.781443099735426
     ],
     [
      177.3974215,
      -17.781260899735425
     ],
     [
      177.3972421,
      -17.78102179973544
     ],
     [
      177.3971883,
      -17.780680199735446
     ],
     [
      177.3970329,
      -17.78053779973545
     ],
     [
      177.3967758,
      -17.780389799735442
     ],
     [
      177.3964947,
      -17.779877399735458
     ],
     [
      177.3963273,
      -17.779746399735433
     ],
     [
      177.3959626,
      -17.779381999735453
     ],
     [
      177.3958789,
      -17.77902899973546
     ],
     [
      177.3957294,
      -17.778647499735456
     ],
     [
      177.39558744069868,
      -17.778564746760786
     ]
    ]
   },
   "bbox": [
    177.39558744069868,
    -17.782149099735413,
    177.3980390220631,
    -17.778564746760786
   ]
  },
  {
   "id": "75",
   "type": "Feature",
   "properties": {
    "id": "s076",
    "length_m": 502,
    "existing_width_m": 27,
    "restorable_width_m": 0,
    "existing_ha": 1.3,
    "restorable_ha": 0.0,
    "wave_reduction_now": 0.034,
    "wave_reduction_restored": 0.034,
    "surge_reduction_restored_m": 0.003,
    "band_now": "exposed",
    "band_restored": "exposed",
    "people_behind": 0.0,
    "buildings_behind": 0,
    "surge_people": 0.0,
    "priority": 0.0
   },
   "geometry": {
    "type": "LineString",
    "coordinates": [
     [
      177.39558744069868,
      -17.778564746760786
     ],
     [
      177.3954364,
      -17.77847669973546
     ],
     [
      177.3951315,
      -17.77838559973548
     ],
     [
      177.3948863,
      -17.77804399973549
     ],
     [
      177.39464120000002,
      -17.777195599735474
     ],
     [
      177.39458740000003,
      -17.776574999735494
     ],
     [
      177.3947428,
      -17.776204899735486
     ],
     [
      177.3949043,
      -17.776051199735512
     ],
     [
      177.3950537,
      -17.775789299735482
     ],
     [
      177.39503580000002,
      -17.77546469973549
     ],
     [
      177.3947548,
      -17.77506049973551
     ],
     [
      177.39435170667943,
      -17.774905969031686
     ]
    ]
   },
   "bbox": [
    177.39435170667943,
    -17.778564746760786,
    177.39558744069868,
    -17.774905969031686
   ]
  },
  {
   "id": "76",
   "type": "Feature",
   "properties": {
    "id": "s077",
    "length_m": 502,
    "existing_width_m": 0,
    "restorable_width_m": 0,
    "existing_ha": 0.0,
    "restorable_ha": 0.0,
    "wave_reduction_now": 0.0,
    "wave_reduction_restored": 0.0,
    "surge_reduction_restored_m": 0.0,
    "band_now": "exposed",
    "band_restored": "exposed",
    "people_behind": 0.0,
    "buildings_behind": 0,
    "surge_people": 0.0,
    "priority": 0.0
   },
   "geometry": {
    "type": "LineString",
    "coordinates": [
     [
      177.39435170667943,
      -17.774905969031686
     ],
     [
      177.3942944,
      -17.77488399973552
     ],
     [
      177.3938579,
      -17.77416089973553
     ],
     [
      177.3936665,
      -17.77371099973552
     ],
     [
      177.3933198,
      -17.773523099735524
     ],
     [
      177.392668,
      -17.773039199735535
     ],
     [
      177.3921897,
      -17.772760199735536
     ],
     [
      177.3916635,
      -17.772669099735552
     ],
     [
      177.3910775,
      -17.77253239973553
     ],
     [
      177.39075394584847,
      -17.772356358569798
     ]
    ]
   },
   "bbox": [
    177.39075394584847,
    -17.774905969031686,
    177.39435170667943,
    -17.772356358569798
   ]
  },
  {
   "id": "77",
   "type": "Feature",
   "properties": {
    "id": "s078",
    "length_m": 502,
    "existing_width_m": 0,
    "restorable_width_m": 0,
    "existing_ha": 0.0,
    "restorable_ha": 0.0,
    "wave_reduction_now": 0.0,
    "wave_reduction_restored": 0.0,
    "surge_reduction_restored_m": 0.0,
    "band_now": "exposed",
    "band_restored": "exposed",
    "people_behind": 0.0,
    "buildings_behind": 0,
    "surge_people": 0.0,
    "priority": 0.0
   },
   "geometry": {
    "type": "LineString",
    "coordinates": [
     [
      177.39075394584847,
      -17.772356358569798
     ],
     [
      177.390659,
      -17.772304699735535
     ],
     [
      177.39027630000004,
      -17.77182639973554
     ],
     [
      177.3898578,
      -17.77138219973555
     ],
     [
      177.3892822,
      -17.77103549973556
     ],
     [
      177.3883995,
      -17.77046759973557
     ],
     [
      177.3882279,
      -17.770474399735573
     ],
     [
      177.3879706,
      -17.770862499735554
     ],
     [
      177.3878991,
      -17.771127999735565
     ],
     [
      177.3877132,
      -17.771339099735542
     ],
     [
      177.38751964258716,
      -17.77167628527569
     ]
    ]
   },
   "bbox": [
    177.38751964258716,
    -17.772356358569798,
    177.39075394584847,
    -17.77046759973557
   ]
  },
  {
   "id": "78",
   "type": "Feature",
   "properties": {
    "id": "s079",
    "length_m": 502,
    "existing_width_m": 0,
    "restorable_width_m": 0,
    "existing_ha": 0.0,
    "restorable_ha": 0.0,
    "wave_reduction_now": 0.0,
    "wave_reduction_restored": 0.0,
    "surge_reduction_restored_m": 0.0,
    "band_now": "exposed",
    "band_restored": "exposed",
    "people_behind": 0.0,
    "buildings_behind": 0,
    "surge_people": 0.0,
    "priority": 0.0
   },
   "geometry": {
    "type": "LineString",
    "coordinates": [
     [
      177.38751964258716,
      -17.77167628527569
     ],
     [
      177.3873771,
      -17.771924599735545
     ],
     [
      177.3872627,
      -17.772224199735536
     ],
     [
      177.3873271,
      -17.772482899735536
     ],
     [
      177.3870554,
      -17.77289139973553
     ],
     [
      177.3870554,
      -17.77306839973553
     ],
     [
      177.3867194,
      -17.773238699735533
     ],
     [
      177.3866407,
      -17.773184199735518
     ],
     [
      177.3864334,
      -17.77329989973554
     ],
     [
      177.3862117,
      -17.773524599735524
     ],
     [
      177.3859686,
      -17.773803799735518
     ],
     [
      177.3855182,
      -17.774389299735507
     ],
     [
      177.3849105,
      -17.774879499735512
     ],
     [
      177.38480842401944,
      -17.775002276634396
     ]
    ]
   },
   "bbox": [
    177.38480842401944,
    -17.775002276634396,
    177.38751964258716,
    -17.77167628527569
   ]
  },
  {
   "id": "79",
   "type": "Feature",
   "properties": {
    "id": "s080",
    "length_m": 502,
    "existing_width_m": 0,
    "restorable_width_m": 0,
    "existing_ha": 0.0,
    "restorable_ha": 0.0,
    "wave_reduction_now": 0.0,
    "wave_reduction_restored": 0.0,
    "surge_reduction_restored_m": 0.0,
    "band_now": "exposed",
    "band_restored": "exposed",
    "people_behind": 0.0,
    "buildings_behind": 0,
    "surge_people": 0.0,
    "priority": 0.0
   },
   "geometry": {
    "type": "LineString",
    "coordinates": [
     [
      177.38480842401944,
      -17.775002276634396
     ],
     [
      177.3846388,
      -17.77520629973551
     ],
     [
      177.384503,
      -17.775478599735496
     ],
     [
      177.3843814,
      -17.7761525997355
     ],
     [
      177.3842384,
      -17.776642799735473
     ],
     [
      177.3840239,
      -17.777126199735477
     ],
     [
      177.3836879,
      -17.77774579973547
     ],
     [
      177.3836736,
      -17.777915999735473
     ],
     [
      177.3837308,
      -17.778072599735477
     ],
     [
      177.3838666,
      -17.77816789973548
     ],
     [
      177.3840525,
      -17.77822239973547
     ],
     [
      177.3845101,
      -17.778440199735467
     ],
     [
      177.3844029,
      -17.77858999973547
     ],
     [
      177.38421914231472,
      -17.778507230052035
     ]
    ]
   },
   "bbox": [
    177.3836736,
    -17.77858999973547,
    177.38480842401944,
    -17.775002276634396
   ]
  },
  {
   "id": "80",
   "type": "Feature",
   "properties": {
    "id": "s081",
    "length_m": 502,
    "existing_width_m": 0,
    "restorable_width_m": 0,
    "existing_ha": 0.0,
    "restorable_ha": 0.0,
    "wave_reduction_now": 0.0,
    "wave_reduction_restored": 0.0,
    "surge_reduction_restored_m": 0.0,
    "band_now": "exposed",
    "band_restored": "exposed",
    "people_behind": 0.0,
    "buildings_behind": 0,
    "surge_people": 0.0,
    "priority": 0.0
   },
   "geometry": {
    "type": "LineString",
    "coordinates": [
     [
      177.38421914231472,
      -17.778507230052035
     ],
     [
      177.384124,
      -17.778617199735468
     ],
     [
      177.3838309,
      -17.778678499735467
     ],
     [
      177.3837451,
      -17.77848789973545
     ],
     [
      177.3829086,
      -17.778487899735456
     ],
     [
      177.382594,
      -17.778515099735454
     ],
     [
      177.382401,
      -17.778685299735457
     ],
     [
      177.3822651,
      -17.778896399735476
     ],
     [
      177.3821722,
      -17.779175499735445
     ],
     [
      177.3821793,
      -17.779400199735456
     ],
     [
      177.3820578,
      -17.779849499735448
     ],
     [
      177.3819791,
      -17.780298899735442
     ],
     [
      177.3818647,
      -17.78076179973545
     ],
     [
      177.38173176997432,
      -17.781120463163433
     ]
    ]
   },
   "bbox": [
    177.38173176997432,
    -17.781120463163433,
    177.38421914231472,
    -17.77848789973545
   ]
  },
  {
   "id": "81",
   "type": "Feature",
   "properties": {
    "id": "s082",
    "length_m": 502,
    "existing_width_m": 0,
    "restorable_width_m": 0,
    "existing_ha": 0.0,
    "restorable_ha": 0.0,
    "wave_reduction_now": 0.0,
    "wave_reduction_restored": 0.0,
    "surge_reduction_restored_m": 0.0,
    "band_now": "exposed",
    "band_restored": "exposed",
    "people_behind": 0.0,
    "buildings_behind": 0,
    "surge_people": 0.0,
    "priority": 0.0
   },
   "geometry": {
    "type": "LineString",
    "coordinates": [
     [
      177.38173176997432,
      -17.781120463163433
     ],
     [
      177.3814429,
      -17.781782999735444
     ],
     [
      177.3813872,
      -17.782108099735428
     ],
     [
      177.3814623,
      -17.78234299973543
     ],
     [
      177.3816554,
      -17.782496299735413
     ],
     [
      177.3819558,
      -17.782659699735422
     ],
     [
      177.3823528,
      -17.782782299735413
     ],
     [
      177.3828892,
      -17.782894699735426
     ],
     [
      177.3834471,
      -17.782966199735416
     ],
     [
      177.383887,
      -17.783231799735404
     ],
     [
      177.38411180000003,
      -17.783453999735404
     ],
     [
      177.384283535473,
      -17.783816711245432
     ]
    ]
   },
   "bbox": [
    177.3813872,
    -17.783816711245432,
    177.384283535473,
    -17.781120463163433
   ]
  },
  {
   "id": "82",
   "type": "Feature",
   "properties": {
    "id": "s083",
    "length_m": 502,
    "existing_width_m": 1,
    "restorable_width_m": 0,
    "existing_ha": 0.1,
    "restorable_ha": 0.0,
    "wave_reduction_now": 0.001,
    "wave_reduction_restored": 0.001,
    "surge_reduction_restored_m": 0.0,
    "band_now": "exposed",
    "band_restored": "exposed",
    "people_behind": 0.0,
    "buildings_behind": 0,
    "surge_people": 0.0,
    "priority": 0.0
   },
   "geometry": {
    "type": "LineString",
    "coordinates": [
     [
      177.384283535473,
      -17.783816711245432
     ],
     [
      177.3843162,
      -17.783885699735396
     ],
     [
      177.3842625,
      -17.7843862997354
     ],
     [
      177.38418740000003,
      -17.784743799735395
     ],
     [
      177.3839192,
      -17.784988999735383
     ],
     [
      177.3835866,
      -17.78515249973539
     ],
     [
      177.3832111,
      -17.785223999735383
     ],
     [
      177.3826961,
      -17.785183099735377
     ],
     [
      177.3822128,
      -17.78506819973538
     ],
     [
      177.3817734,
      -17.784856199735383
     ],
     [
      177.38125790000004,
      -17.784649299735392
     ],
     [
      177.38070265284253,
      -17.784665473171692
     ]
    ]
   },
   "bbox": [
    177.38070265284253,
    -17.785223999735383,
    177.3843162,
    -17.783816711245432
   ]
  },
  {
   "id": "83",
   "type": "Feature",
   "properties": {
    "id": "s084",
    "length_m": 502,
    "existing_width_m": 0,
    "restorable_width_m": 0,
    "existing_ha": 0.0,
    "restorable_ha": 0.0,
    "wave_reduction_now": 0.0,
    "wave_reduction_restored": 0.0,
    "surge_reduction_restored_m": 0.0,
    "band_now": "exposed",
    "band_restored": "exposed",
    "people_behind": 0.0,
    "buildings_behind": 0,
    "surge_people": 0.0,
    "priority": 0.0
   },
   "geometry": {
    "type": "LineString",
    "coordinates": [
     [
      177.38070265284253,
      -17.784665473171692
     ],
     [
      177.379456,
      -17.784917499735396
     ],
     [
      177.3785328,
      -17.78548699973537
     ],
     [
      177.3779218,
      -17.78507069973538
     ],
     [
      177.3773955,
      -17.784383699735393
     ],
     [
      177.3771381,
      -17.784077199735375
     ],
     [
      177.37705233365577,
      -17.78379003826184
     ]
    ]
   },
   "bbox": [
    177.37705233365577,
    -17.78548699973537,
    177.38070265284253,
    -17.78379003826184
   ]
  },
  {
   "id": "84",
   "type": "Feature",
   "properties": {
    "id": "s085",
    "length_m": 502,
    "existing_width_m": 0,
    "restorable_width_m": 0,
    "existing_ha": 0.0,
    "restorable_ha": 0.0,
    "wave_reduction_now": 0.0,
    "wave_reduction_restored": 0.0,
    "surge_reduction_restored_m": 0.0,
    "band_now": "exposed",
    "band_restored": "exposed",
    "people_behind": 0.0,
    "buildings_behind": 0,
    "surge_people": 0.0,
    "priority": 0.0
   },
   "geometry": {
    "type": "LineString",
    "coordinates": [
     [
      177.37705233365577,
      -17.78379003826184
     ],
     [
      177.3769664,
      -17.783525599735402
     ],
     [
      177.3769133,
      -17.7831500997354
     ],
     [
      177.376924,
      -17.7829048997354
     ],
     [
      177.3768918,
      -17.782720999735417
     ],
     [
      177.3768269,
      -17.78249369973542
     ],
     [
      177.3765802,
      -17.782360899735412
     ],
     [
      177.3763119,
      -17.782371099735414
     ],
     [
      177.3760437,
      -17.782401799735414
     ],
     [
      177.3757755,
      -17.782483499735413
     ],
     [
      177.37554,
      -17.78260859973542
     ],
     [
      177.3751323,
      -17.78304789973541
     ],
     [
      177.37446839138192,
      -17.784192257259757
     ]
    ]
   },
   "bbox": [
    177.37446839138192,
    -17.784192257259757,
    177.37705233365577,
    -17.782360899735412
   ]
  },
  {
   "id": "85",
   "type": "Feature",
   "properties": {
    "id": "s086",
    "length_m": 502,
    "existing_width_m": 0,
    "restorable_width_m": 0,
    "existing_ha": 0.0,
    "restorable_ha": 0.0,
    "wave_reduction_now": 0.0,
    "wave_reduction_restored": 0.0,
    "surge_reduction_restored_m": 0.0,
    "band_now": "exposed",
    "band_restored": "exposed",
    "people_behind": 0.0,
    "buildings_behind": 0,
    "surge_people": 0.0,
    "priority": 0.0
   },
   "geometry": {
    "type": "LineString",
    "coordinates": [
     [
      177.37446839138192,
      -17.784192257259757
     ],
     [
      177.3739736,
      -17.785080999735396
     ],
     [
      177.373759,
      -17.78556109973537
     ],
     [
      177.3736405,
      -17.785987599735375
     ],
     [
      177.3739484,
      -17.787365899735345
     ],
     [
      177.3742944,
      -17.78790739973535
     ],
     [
      177.3744178,
      -17.78821129973534
     ],
     [
      177.37446434466995,
      -17.788399907440436
     ]
    ]
   },
   "bbox": [
    177.3736405,
    -17.788399907440436,
    177.37446839138192,
    -17.784192257259757
   ]
  },
  {
   "id": "86",
   "type": "Feature",
   "properties": {
    "id": "s087",
    "length_m": 502,
    "existing_width_m": 15,
    "restorable_width_m": 0,
    "existing_ha": 0.8,
    "restorable_ha": 0.0,
    "wave_reduction_now": 0.02,
    "wave_reduction_restored": 0.02,
    "surge_reduction_restored_m": 0.002,
    "band_now": "exposed",
    "band_restored": "exposed",
    "people_behind": 0.0,
    "buildings_behind": 0,
    "surge_people": 0.0,
    "priority": 0.0
   },
   "geometry": {
    "type": "LineString",
    "coordinates": [
     [
      177.37446434466995,
      -17.788399907440436
     ],
     [
      177.3745117,
      -17.788591799735336
     ],
     [
      177.3745841,
      -17.789845799735318
     ],
     [
      177.3746484,
      -17.790376999735315
     ],
     [
      177.3749071,
      -17.790991299735314
     ],
     [
      177.3750091,
      -17.79134879973531
     ],
     [
      177.3750305,
      -17.7915530997353
     ],
     [
      177.3750144,
      -17.791813599735317
     ],
     [
      177.3748841,
      -17.792051199735305
     ],
     [
      177.374707,
      -17.792234999735292
     ],
     [
      177.37446730000002,
      -17.792390799735276
     ],
     [
      177.37421186825253,
      -17.79245095872663
     ]
    ]
   },
   "bbox": [
    177.37421186825253,
    -17.79245095872663,
    177.3750305,
    -17.788399907440436
   ]
  },
  {
   "id": "87",
   "type": "Feature",
   "properties": {
    "id": "s088",
    "length_m": 502,
    "existing_width_m": 2,
    "restorable_width_m": 0,
    "existing_ha": 0.1,
    "restorable_ha": 0.0,
    "wave_reduction_now": 0.002,
    "wave_reduction_restored": 0.002,
    "surge_reduction_restored_m": 0.0,
    "band_now": "exposed",
    "band_restored": "exposed",
    "people_behind": 0.0,
    "buildings_behind": 0,
    "surge_people": 0.0,
    "priority": 0.0
   },
   "geometry": {
    "type": "LineString",
    "coordinates": [
     [
      177.37421186825253,
      -17.79245095872663
     ],
     [
      177.3739684,
      -17.792508299735303
     ],
     [
      177.3732978,
      -17.79230399973529
     ],
     [
      177.3726004,
      -17.792186499735298
     ],
     [
      177.3724057,
      -17.7922145997353
     ],
     [
      177.3722019,
      -17.79234229973529
     ],
     [
      177.3717352,
      -17.7927100997353
     ],
     [
      177.3715689,
      -17.79286839973529
     ],
     [
      177.3713934,
      -17.79288629973529
     ],
     [
      177.3711896,
      -17.7928351997353
     ],
     [
      177.3709857,
      -17.7927279997353
     ],
     [
      177.3704976,
      -17.792324399735296
     ],
     [
      177.3704225,
      -17.792288699735295
     ],
     [
      177.3703045,
      -17.792288699735284
     ],
     [
      177.3702347,
      -17.792309099735295
     ],
     [
      177.37,
      -17.79221833699484
     ]
    ]
   },
   "bbox": [
    177.37,
    -17.79288629973529,
    177.37421186825253,
    -17.792186499735298
   ]
  },
  {
   "id": "88",
   "type": "Feature",
   "properties": {
    "id": "s089",
    "length_m": 738,
    "existing_width_m": 1066,
    "restorable_width_m": 0,
    "existing_ha": 78.7,
    "restorable_ha": 0.0,
    "wave_reduction_now": 0.66,
    "wave_reduction_restored": 0.66,
    "surge_reduction_restored_m": 0.107,
    "band_now": "strong",
    "band_restored": "strong",
    "people_behind": 520.0,
    "buildings_behind": 142,
    "surge_people": 520.0,
    "priority": 0.0
   },
   "geometry": {
    "type": "LineString",
    "coordinates": [
     [
      177.37,
      -17.8146531321028
     ],
     [
      177.3706932,
      -17.81424179973502
     ],
     [
      177.3708613,
      -17.81411059973502
     ],
     [
      177.371061,
      -17.813996099735032
     ],
     [
      177.3715058,
      -17.813788299735027
     ],
     [
      177.3717463,
      -17.81359709973502
     ],
     [
      177.3720833,
      -17.81318159973503
     ],
     [
      177.3721095,
      -17.81319999973504
     ],
     [
      177.37202480000002,
      -17.813347199735034
     ],
     [
      177.3718133,
      -17.813621199735024
     ],
     [
      177.3713842,
      -17.81403159973503
     ],
     [
      177.3704526,
      -17.81480069973501
     ],
     [
      177.370114,
      -17.815233799734997
     ],
     [
      177.3700188,
      -17.815425199734996
     ],
     [
      177.3700755,
      -17.815872099735
     ],
     [
      177.37,
      -17.816521060814527
     ]
    ]
   },
   "bbox": [
    177.37,
    -17.816521060814527,
    177.3721095,
    -17.81318159973503
   ]
  },
  {
   "id": "89",
   "type": "Feature",
   "properties": {
    "id": "s090",
    "length_m": 405,
    "existing_width_m": 1131,
    "restorable_width_m": 0,
    "existing_ha": 45.8,
    "restorable_ha": 0.0,
    "wave_reduction_now": 0.66,
    "wave_reduction_restored": 0.66,
    "surge_reduction_restored_m": 0.113,
    "band_now": "strong",
    "band_restored": "strong",
    "people_behind": 0.0,
    "buildings_behind": 0,
    "surge_people": 0.0,
    "priority": 0.0
   },
   "geometry": {
    "type": "LineString",
    "coordinates": [
     [
      177.37,
      -17.823005527896214
     ],
     [
      177.3703068,
      -17.823082699734908
     ],
     [
      177.3709248,
      -17.823142799734914
     ],
     [
      177.3711885,
      -17.823092599734913
     ],
     [
      177.3714916,
      -17.822885599734903
     ],
     [
      177.3716179,
      -17.82275219973492
     ],
     [
      177.3717053,
      -17.822129599734918
     ],
     [
      177.3718876,
      -17.82168339973493
     ],
     [
      177.3721063,
      -17.821718899734933
     ],
     [
      177.3719626,
      -17.822031499734926
     ],
     [
      177.3719502680506,
      -17.82233130177363
     ]
    ]
   },
   "bbox": [
    177.37,
    -17.823142799734914,
    177.3721063,
    -17.82168339973493
   ]
  },
  {
   "id": "90",
   "type": "Feature",
   "properties": {
    "id": "s091",
    "length_m": 405,
    "existing_width_m": 1091,
    "restorable_width_m": 0,
    "existing_ha": 44.1,
    "restorable_ha": 0.0,
    "wave_reduction_now": 0.66,
    "wave_reduction_restored": 0.66,
    "surge_reduction_restored_m": 0.109,
    "band_now": "strong",
    "band_restored": "strong",
    "people_behind": 784.0,
    "buildings_behind": 207,
    "surge_people": 784.0,
    "priority": 0.0
   },
   "geometry": {
    "type": "LineString",
    "coordinates": [
     [
      177.3719502680506,
      -17.82233130177363
     ],
     [
      177.3719544,
      -17.822871799734926
     ],
     [
      177.3720611,
      -17.82317269973492
     ],
     [
      177.3720365,
      -17.8234657997349
     ],
     [
      177.37186,
      -17.823747199734907
     ],
     [
      177.3715316,
      -17.823981699734897
     ],
     [
      177.3713879,
      -17.823887899734885
     ],
     [
      177.3714454,
      -17.823743299734886
     ],
     [
      177.3713345,
      -17.8236259997349
     ],
     [
      177.3711539,
      -17.823547899734926
     ],
     [
      177.370649,
      -17.82353219973489
     ],
     [
      177.3702056,
      -17.82346969973491
     ],
     [
      177.37,
      -17.82349701599552
     ]
    ]
   },
   "bbox": [
    177.37,
    -17.823981699734897,
    177.3720611,
    -17.82233130177363
   ]
  },
  {
   "id": "91",
   "type": "Feature",
   "properties": {
    "id": "s092",
    "length_m": 489,
    "existing_width_m": 0,
    "restorable_width_m": 0,
    "existing_ha": 0.0,
    "restorable_ha": 0.0,
    "wave_reduction_now": 0.0,
    "wave_reduction_restored": 0.0,
    "surge_reduction_restored_m": 0.0,
    "band_now": "exposed",
    "band_restored": "exposed",
    "people_behind": 0.0,
    "buildings_behind": 0,
    "surge_people": 0.0,
    "priority": 0.0
   },
   "geometry": {
    "type": "LineString",
    "coordinates": [
     [
      177.3747412,
      -17.74650419973587
     ],
     [
      177.3751907,
      -17.746687099735855
     ],
     [
      177.375699,
      -17.746944599735855
     ],
     [
      177.3760452,
      -17.747095099735855
     ],
     [
      177.3763022,
      -17.747043699735855
     ],
     [
      177.3764248,
      -17.747192599735865
     ],
     [
      177.376509,
      -17.74701259973586
     ],
     [
      177.3765046,
      -17.74692809973585
     ],
     [
      177.3764351,
      -17.746773199735866
     ],
     [
      177.3762348,
      -17.74692489973586
     ],
     [
      177.3760507,
      -17.746942199735862
     ],
     [
      177.3751636,
      -17.74652129973586
     ],
     [
      177.3745966,
      -17.74635599973588
     ],
     [
      177.3747412,
      -17.74650419973587
     ]
    ]
   },
   "bbox": [
    177.3745966,
    -17.747192599735865,
    177.376509,
    -17.74635599973588
   ]
  },
  {
   "id": "92",
   "type": "Feature",
   "properties": {
    "id": "s093",
    "length_m": 272,
    "existing_width_m": 0,
    "restorable_width_m": 0,
    "existing_ha": 0.0,
    "restorable_ha": 0.0,
    "wave_reduction_now": 0.0,
    "wave_reduction_restored": 0.0,
    "surge_reduction_restored_m": 0.0,
    "band_now": "exposed",
    "band_restored": "exposed",
    "people_behind": 0.0,
    "buildings_behind": 0,
    "surge_people": 0.0,
    "priority": 0.0
   },
   "geometry": {
    "type": "LineString",
    "coordinates": [
     [
      177.37795780000002,
      -17.745731299735873
     ],
     [
      177.3783127,
      -17.746308599735872
     ],
     [
      177.3784355,
      -17.746375499735866
     ],
     [
      177.3784014,
      -17.74657609973587
     ],
     [
      177.3785936,
      -17.746618299735854
     ],
     [
      177.3786823,
      -17.74646349973585
     ],
     [
      177.3784599,
      -17.746024899735865
     ],
     [
      177.378224,
      -17.74577349973589
     ],
     [
      177.37795780000002,
      -17.745731299735873
     ]
    ]
   },
   "bbox": [
    177.37795780000002,
    -17.746618299735854,
    177.3786823,
    -17.745731299735873
   ]
  },
  {
   "id": "93",
   "type": "Feature",
   "properties": {
    "id": "s094",
    "length_m": 502,
    "existing_width_m": 0,
    "restorable_width_m": 0,
    "existing_ha": 0.0,
    "restorable_ha": 0.0,
    "wave_reduction_now": 0.0,
    "wave_reduction_restored": 0.0,
    "surge_reduction_restored_m": 0.0,
    "band_now": "exposed",
    "band_restored": "exposed",
    "people_behind": 80.0,
    "buildings_behind": 21,
    "surge_people": 80.0,
    "priority": 0.0
   },
   "geometry": {
    "type": "LineString",
    "coordinates": [
     [
      177.3803562,
      -17.771050599735556
     ],
     [
      177.3793731,
      -17.771135699735556
     ],
     [
      177.3788927,
      -17.771486699735558
     ],
     [
      177.3788257,
      -17.77163569973555
     ],
     [
      177.3788704,
      -17.771869699735568
     ],
     [
      177.3766808,
      -17.772199499735546
     ],
     [
      177.37617810646697,
      -17.772227111034333
     ]
    ]
   },
   "bbox": [
    177.37617810646697,
    -17.772227111034333,
    177.3803562,
    -17.771050599735556
   ]
  },
  {
   "id": "94",
   "type": "Feature",
   "properties": {
    "id": "s095",
    "length_m": 502,
    "existing_width_m": 0,
    "restorable_width_m": 0,
    "existing_ha": 0.0,
    "restorable_ha": 0.0,
    "wave_reduction_now": 0.0,
    "wave_reduction_restored": 0.0,
    "surge_reduction_restored_m": 0.0,
    "band_now": "exposed",
    "band_restored": "exposed",
    "people_behind": 72.0,
    "buildings_behind": 19,
    "surge_people": 72.0,
    "priority": 0.0
   },
   "geometry": {
    "type": "LineString",
    "coordinates": [
     [
      177.37617810646697,
      -17.772227111034333
     ],
     [
      177.3757871,
      -17.772210099735553
     ],
     [
      177.3750833,
      -17.771901599735553
     ],
     [
      177.3749046,
      -17.771901599735553
     ],
     [
      177.3747482,
      -17.77198669973554
     ],
     [
      177.3746029,
      -17.772178199735542
     ],
     [
      177.3745886,
      -17.77228519973553
     ],
     [
      177.3743614,
      -17.772550299735546
     ],
     [
      177.3741172,
      -17.77267129973554
     ],
     [
      177.3740659,
      -17.772773699735527
     ],
     [
      177.3740268,
      -17.772910899735535
     ],
     [
      177.3739999,
      -17.773108599735533
     ],
     [
      177.3738793,
      -17.77324989973554
     ],
     [
      177.373614,
      -17.773348199735533
     ],
     [
      177.3733941,
      -17.77332029973554
     ],
     [
      177.3732011,
      -17.773322599735533
     ],
     [
      177.3730668,
      -17.77336449973554
     ],
     [
      177.3727859,
      -17.773794799735512
     ],
     [
      177.37266056182324,
      -17.773912075233774
     ]
    ]
   },
   "bbox": [
    177.37266056182324,
    -17.773912075233774,
    177.37617810646697,
    -17.771901599735553
   ]
  },
  {
   "id": "95",
   "type": "Feature",
   "properties": {
    "id": "s096",
    "length_m": 502,
    "existing_width_m": 0,
    "restorable_width_m": 0,
    "existing_ha": 0.0,
    "restorable_ha": 0.0,
    "wave_reduction_now": 0.0,
    "wave_reduction_restored": 0.0,
    "surge_reduction_restored_m": 0.0,
    "band_now": "exposed",
    "band_restored": "exposed",
    "people_behind": 0.0,
    "buildings_behind": 0,
    "surge_people": 0.0,
    "priority": 0.0
   },
   "geometry": {
    "type": "LineString",
    "coordinates": [
     [
      177.37266056182324,
      -17.773912075233774
     ],
     [
      177.372439,
      -17.774204199735514
     ],
     [
      177.3723193,
      -17.774299599735524
     ],
     [
      177.3721899,
      -17.774439199735518
     ],
     [
      177.3720995,
      -17.774583399735516
     ],
     [
      177.3719187,
      -17.774753199735503
     ],
     [
      177.3716036,
      -17.77500439973552
     ],
     [
      177.371418,
      -17.775027699735514
     ],
     [
      177.3714229,
      -17.775160199735513
     ],
     [
      177.3713911,
      -17.775262599735505
     ],
     [
      177.371203,
      -17.775448699735506
     ],
     [
      177.3712055,
      -17.77564869973551
     ],
     [
      177.3712543,
      -17.7758254997355
     ],
     [
      177.3714595,
      -17.7762883997355
     ],
     [
      177.3715132,
      -17.776290699735487
     ],
     [
      177.371589,
      -17.776332599735493
     ],
     [
      177.3716378,
      -17.776551199735497
     ],
     [
      177.3717624,
      -17.776651299735487
     ],
     [
      177.3717844,
      -17.776876899735495
     ],
     [
      177.3718186,
      -17.77699549973548
     ],
     [
      177.3718088,
      -17.777255999735495
     ],
     [
      177.3718332,
      -17.777372299735482
     ],
     [
      177.3719285,
      -17.777514199735485
     ],
     [
      177.3719428992599,
      -17.7775625341237
     ]
    ]
   },
   "bbox": [
    177.371203,
    -17.7775625341237,
    177.37266056182324,
    -17.773912075233774
   ]
  },
  {
   "id": "96",
   "type": "Feature",
   "properties": {
    "id": "s097",
    "length_m": 502,
    "existing_width_m": 0,
    "restorable_width_m": 0,
    "existing_ha": 0.0,
    "restorable_ha": 0.0,
    "wave_reduction_now": 0.0,
    "wave_reduction_restored": 0.0,
    "surge_reduction_restored_m": 0.0,
    "band_now": "exposed",
    "band_restored": "exposed",
    "people_behind": 0.0,
    "buildings_behind": 0,
    "surge_people": 0.0,
    "priority": 0.0
   },
   "geometry": {
    "type": "LineString",
    "coordinates": [
     [
      177.3719428992599,
      -17.7775625341237
     ],
     [
      177.37197980000002,
      -17.777686399735476
     ],
     [
      177.3719334,
      -17.777809599735473
     ],
     [
      177.3716549,
      -17.778098099735477
     ],
     [
      177.3713496,
      -17.778249299735467
     ],
     [
      177.3712397,
      -17.77825159973546
     ],
     [
      177.3711737,
      -17.778305099735483
     ],
     [
      177.3710809,
      -17.77843539973548
     ],
     [
      177.3710345,
      -17.77857959973547
     ],
     [
      177.3711273,
      -17.77890749973545
     ],
     [
      177.3712177,
      -17.77911459973547
     ],
     [
      177.3712323,
      -17.779226199735465
     ],
     [
      177.3713227,
      -17.779400699735458
     ],
     [
      177.3714864,
      -17.77940529973545
     ],
     [
      177.37160610000004,
      -17.77945419973546
     ],
     [
      177.3717062,
      -17.779561199735458
     ],
     [
      177.3717624,
      -17.779575099735457
     ],
     [
      177.3719627,
      -17.779556499735463
     ],
     [
      177.3721459,
      -17.779609999735456
     ],
     [
      177.3723511,
      -17.779533199735457
     ],
     [
      177.3724928,
      -17.779498399735445
     ],
     [
      177.3726882,
      -17.77952159973544
     ],
     [
      177.3727834,
      -17.779479699735457
     ],
     [
      177.372908,
      -17.77939599973545
     ],
     [
      177.373057,
      -17.77898659973545
     ],
     [
      177.37314530678935,
      -17.7789299545548
     ]
    ]
   },
   "bbox": [
    177.3710345,
    -17.779609999735456,
    177.37314530678935,
    -17.7775625341237
   ]
  },
  {
   "id": "97",
   "type": "Feature",
   "properties": {
    "id": "s098",
    "length_m": 502,
    "existing_width_m": 0,
    "restorable_width_m": 0,
    "existing_ha": 0.0,
    "restorable_ha": 0.0,
    "wave_reduction_now": 0.0,
    "wave_reduction_restored": 0.0,
    "surge_reduction_restored_m": 0.0,
    "band_now": "exposed",
    "band_restored": "exposed",
    "people_behind": 0.0,
    "buildings_behind": 0,
    "surge_people": 0.0,
    "priority": 0.0
   },
   "geometry": {
    "type": "LineString",
    "coordinates": [
     [
      177.37314530678935,
      -17.7789299545548
     ],
     [
      177.3731694,
      -17.778914499735464
     ],
     [
      177.3733111,
      -17.77892149973546
     ],
     [
      177.3734161,
      -17.779012199735465
     ],
     [
      177.3735627,
      -17.779067999735453
     ],
     [
      177.3737679,
      -17.779077299735462
     ],
     [
      177.37390710000003,
      -17.779033099735457
     ],
     [
      177.3740341,
      -17.778956399735467
     ],
     [
      177.3741245,
      -17.77884709973546
     ],
     [
      177.3742637,
      -17.778777299735474
     ],
     [
      177.3746423,
      -17.778670299735474
     ],
     [
      177.3747571,
      -17.778660999735465
     ],
     [
      177.3748451,
      -17.778716799735474
     ],
     [
      177.3748988,
      -17.77881679973547
     ],
     [
      177.3749135,
      -17.778909899735474
     ],
     [
      177.3749745,
      -17.778940099735465
     ],
     [
      177.3752066,
      -17.779128499735457
     ],
     [
      177.3752115,
      -17.77922159973544
     ],
     [
      177.3752579,
      -17.779414599735446
     ],
     [
      177.3753092,
      -17.779484399735455
     ],
     [
      177.3757098,
      -17.77968679973546
     ],
     [
      177.3757831,
      -17.77977279973545
     ],
     [
      177.3759028,
      -17.779819399735448
     ],
     [
      177.3760054,
      -17.77980999973547
     ],
     [
      177.3762081,
      -17.779668199735443
     ],
     [
      177.3762814,
      -17.779579799735448
     ],
     [
      177.37634,
      -17.779468099735436
     ],
     [
      177.3763718,
      -17.77935409973546
     ],
     [
      177.37639860000002,
      -17.779158799735463
     ],
     [
      177.37646380259034,
      -17.778951131700396
     ]
    ]
   },
   "bbox": [
    177.37314530678935,
    -17.779819399735448,
    177.37646380259034,
    -17.778660999735465
   ]
  },
  {
   "id": "98",
   "type": "Feature",
   "properties": {
    "id": "s099",
    "length_m": 502,
    "existing_width_m": 0,
    "restorable_width_m": 0,
    "existing_ha": 0.0,
    "restorable_ha": 0.0,
    "wave_reduction_now": 0.0,
    "wave_reduction_restored": 0.0,
    "surge_reduction_restored_m": 0.0,
    "band_now": "exposed",
    "band_restored": "exposed",
    "people_behind": 0.0,
    "buildings_behind": 0,
    "surge_people": 0.0,
    "priority": 0.0
   },
   "geometry": {
    "type": "LineString",
    "coordinates": [
     [
      177.37646380259034,
      -17.778951131700396
     ],
     [
      177.3764719,
      -17.77892379973546
     ],
     [
      177.376406,
      -17.778542399735457
     ],
     [
      177.3764988,
      -17.778221399735468
     ],
     [
      177.3764939,
      -17.77810969973547
     ],
     [
      177.3764451,
      -17.77801669973547
     ],
     [
      177.3763571,
      -17.77790269973548
     ],
     [
      177.3763351,
      -17.77782129973547
     ],
     [
      177.3763498,
      -17.77773059973546
     ],
     [
      177.37634,
      -17.777583999735484
     ],
     [
      177.37651590000002,
      -17.777232799735476
     ],
     [
      177.3765403,
      -17.77714899973548
     ],
     [
      177.3764841,
      -17.7771373997355
     ],
     [
      177.3761666,
      -17.777323499735495
     ],
     [
      177.3760347,
      -17.77736069973548
     ],
     [
      177.3756927,
      -17.77732819973548
     ],
     [
      177.3755584,
      -17.777279299735493
     ],
     [
      177.3750649,
      -17.777000199735497
     ],
     [
      177.374955,
      -17.7769861997355
     ],
     [
      177.37484020000002,
      -17.777062999735485
     ],
     [
      177.3747376,
      -17.77720719973547
     ],
     [
      177.3746106,
      -17.777307199735485
     ],
     [
      177.3744714,
      -17.777265299735486
     ],
     [
      177.3741674679739,
      -17.777068072423322
     ]
    ]
   },
   "bbox": [
    177.3741674679739,
    -17.778951131700396,
    177.3765403,
    -17.7769861997355
   ]
  },
  {
   "id": "99",
   "type": "Feature",
   "properties": {
    "id": "s100",
    "length_m": 502,
    "existing_width_m": 0,
    "restorable_width_m": 0,
    "existing_ha": 0.0,
    "restorable_ha": 0.0,
    "wave_reduction_now": 0.0,
    "wave_reduction_restored": 0.0,
    "surge_reduction_restored_m": 0.0,
    "band_now": "exposed",
    "band_restored": "exposed",
    "people_behind": 32.0,
    "buildings_behind": 8,
    "surge_people": 32.0,
    "priority": 0.0
   },
   "geometry": {
    "type": "LineString",
    "coordinates": [
     [
      177.3741674679739,
      -17.777068072423322
     ],
     [
      177.3740439,
      -17.77695369973549
     ],
     [
      177.373697,
      -17.776862899735473
     ],
     [
      177.3735944,
      -17.776718699735483
     ],
     [
      177.3733941,
      -17.776616399735477
     ],
     [
      177.3733355,
      -17.776534999735485
     ],
     [
      177.3733477,
      -17.77642799973549
     ],
     [
      177.3734381,
      -17.77625579973549
     ],
     [
      177.3734503,
      -17.776169799735506
     ],
     [
      177.3734381,
      -17.77588369973551
     ],
     [
      177.373504,
      -17.775709199735495
     ],
     [
      177.3735871,
      -17.7755998997355
     ],
     [
      177.3736872,
      -17.77553239973551
     ],
     [
      177.3738875,
      -17.775488199735513
     ],
     [
      177.3739608,
      -17.775441699735506
     ],
     [
      177.3740707,
      -17.7754160997355
     ],
     [
      177.3741831,
      -17.775416099735516
     ],
     [
      177.3742808,
      -17.775383499735497
     ],
     [
      177.3745373,
      -17.775343099735505
     ],
     [
      177.3747205,
      -17.775254699735516
     ],
     [
      177.3749282,
      -17.775070899735507
     ],
     [
      177.3749746,
      -17.774942999735526
     ],
     [
      177.3751554,
      -17.774782499735505
     ],
     [
      177.3753728,
      -17.77451729973553
     ],
     [
      177.37558280000002,
      -17.77434979973552
     ],
     [
      177.37570849144475,
      -17.77429175921441
     ]
    ]
   },
   "bbox": [
    177.3733355,
    -17.777068072423322,
    177.37570849144475,
    -17.77429175921441
   ]
  },
  {
   "id": "100",
   "type": "Feature",
   "properties": {
    "id": "s101",
    "length_m": 502,
    "existing_width_m": 0,
    "restorable_width_m": 0,
    "existing_ha": 0.0,
    "restorable_ha": 0.0,
    "wave_reduction_now": 0.0,
    "wave_reduction_restored": 0.0,
    "surge_reduction_restored_m": 0.0,
    "band_now": "exposed",
    "band_restored": "exposed",
    "people_behind": 136.0,
    "buildings_behind": 37,
    "surge_people": 136.0,
    "priority": 0.0
   },
   "geometry": {
    "type": "LineString",
    "coordinates": [
     [
      177.37570849144475,
      -17.77429175921441
     ],
     [
      177.3757489,
      -17.77427309973552
     ],
     [
      177.3760616,
      -17.774268399735522
     ],
     [
      177.37651840000004,
      -17.774226499735537
     ],
     [
      177.3766943,
      -17.774182299735525
     ],
     [
      177.376941,
      -17.774145099735524
     ],
     [
      177.3773709,
      -17.774170699735524
     ],
     [
      177.3777837,
      -17.774300999735523
     ],
     [
      177.3781477,
      -17.774461499735512
     ],
     [
      177.3782332,
      -17.774468499735512
     ],
     [
      177.3784432,
      -17.774319599735517
     ],
     [
      177.3787901,
      -17.774186999735537
     ],
     [
      177.3792738,
      -17.774205599735527
     ],
     [
      177.3793934,
      -17.774198599735517
     ],
     [
      177.3795009,
      -17.774161399735544
     ],
     [
      177.3798063,
      -17.774312599735524
     ],
     [
      177.3799724,
      -17.774345199735524
     ],
     [
      177.38021317227708,
      -17.774255710896927
     ]
    ]
   },
   "bbox": [
    177.37570849144475,
    -17.774468499735512,
    177.38021317227708,
    -17.774145099735524
   ]
  },
  {
   "id": "101",
   "type": "Feature",
   "properties": {
    "id": "s102",
    "length_m": 502,
    "existing_width_m": 0,
    "restorable_width_m": 0,
    "existing_ha": 0.0,
    "restorable_ha": 0.0,
    "wave_reduction_now": 0.0,
    "wave_reduction_restored": 0.0,
    "surge_reduction_restored_m": 0.0,
    "band_now": "exposed",
    "band_restored": "exposed",
    "people_behind": 12.0,
    "buildings_behind": 7,
    "surge_people": 12.0,
    "priority": 0.0
   },
   "geometry": {
    "type": "LineString",
    "coordinates": [
     [
      177.38021317227708,
      -17.774255710896927
     ],
     [
      177.38049510000002,
      -17.774228899735512
     ],
     [
      177.3808713,
      -17.774293999735512
     ],
     [
      177.3809275,
      -17.77403109973552
     ],
     [
      177.38099100000002,
      -17.77388929973553
     ],
     [
      177.38158580000004,
      -17.773311199735534
     ],
     [
      177.3813469,
      -17.772917399735537
     ],
     [
      177.3812754,
      -17.77288329973554
     ],
     [
      177.3811967,
      -17.772760799735547
     ],
     [
      177.3812346,
      -17.77263259973554
     ],
     [
      177.3812309,
      -17.77253809973554
     ],
     [
      177.3812068,
      -17.772465999735562
     ],
     [
      177.3811018,
      -17.77234339973555
     ],
     [
      177.3809255,
      -17.772064899735557
     ],
     [
      177.3807852,
      -17.771896099735557
     ],
     [
      177.3807894,
      -17.77174569973555
     ],
     [
      177.38075790000002,
      -17.771620499735562
     ],
     [
      177.3806948,
      -17.77150269973555
     ],
     [
      177.3805091,
      -17.77117329973556
     ],
     [
      177.3803562,
      -17.771050599735556
     ]
    ]
   },
   "bbox": [
    177.38021317227708,
    -17.774293999735512,
    177.38158580000004,
    -17.771050599735556
   ]
  },
  {
   "id": "102",
   "type": "Feature",
   "properties": {
    "id": "s103",
    "length_m": 517,
    "existing_width_m": 0,
    "restorable_width_m": 0,
    "existing_ha": 0.0,
    "restorable_ha": 0.0,
    "wave_reduction_now": 0.0,
    "wave_reduction_restored": 0.0,
    "surge_reduction_restored_m": 0.0,
    "band_now": "exposed",
    "band_restored": "exposed",
    "people_behind": 16.0,
    "buildings_behind": 5,
    "surge_people": 16.0,
    "priority": 0.0
   },
   "geometry": {
    "type": "LineString",
    "coordinates": [
     [
      177.3816714,
      -17.773412099735534
     ],
     [
      177.3815376,
      -17.773488499735528
     ],
     [
      177.38145080000004,
      -17.773514199735533
     ],
     [
      177.3814056,
      -17.77356999973552
     ],
     [
      177.3813821,
      -17.77365999973553
     ],
     [
      177.3813285,
      -17.773737899735522
     ],
     [
      177.3812118,
      -17.77384199973552
     ],
     [
      177.3810831,
      -17.773996599735526
     ],
     [
      177.3810435,
      -17.774264099735507
     ],
     [
      177.3810241,
      -17.77428839973552
     ],
     [
      177.3809671,
      -17.77430309973553
     ],
     [
      177.3809329,
      -17.77433949973551
     ],
     [
      177.3809537,
      -17.77441669973552
     ],
     [
      177.38102880000002,
      -17.774432499735518
     ],
     [
      177.3810355,
      -17.774447399735525
     ],
     [
      177.3809966,
      -17.774484399735513
     ],
     [
      177.3809228,
      -17.774509899735516
     ],
     [
      177.3808618,
      -17.77451889973552
     ],
     [
      177.380773,
      -17.774442299735508
     ],
     [
      177.3807693,
      -17.774365599735518
     ],
     [
      177.3805409,
      -17.774313199735516
     ],
     [
      177.3804224,
      -17.774356299735516
     ],
     [
      177.38032960000004,
      -17.77443529973551
     ],
     [
      177.3803101,
      -17.774563299735526
     ],
     [
      177.3802698,
      -17.77467259973551
     ],
     [
      177.3801611,
      -17.77476329973552
     ],
     [
      177.3800316,
      -17.7747644997355
     ],
     [
      177.3798667,
      -17.774570299735515
     ],
     [
      177.3797458,
      -17.77451909973552
     ],
     [
      177.37969700000002,
      -17.774469099735526
     ],
     [
      177.3796371,
      -17.774332999735527
     ],
     [
      177.3795602,
      -17.77425389973552
     ],
     [
      177.3794673,
      -17.774262099735527
     ],
     [
      177.3793647,
      -17.774295799735523
     ],
     [
      177.379024,
      -17.774289999735508
     ],
     [
      177.3788127,
      -17.774378399735514
     ],
     [
      177.37855500000003,
      -17.774375999735515
     ],
     [
      177.37839332387398,
      -17.774504356457808
     ]
    ]
   },
   "bbox": [
    177.37839332387398,
    -17.7747644997355,
    177.3816714,
    -17.773412099735534
   ]
  },
  {
   "id": "103",
   "type": "Feature",
   "properties": {
    "id": "s104",
    "length_m": 517,
    "existing_width_m": 0,
    "restorable_width_m": 0,
    "existing_ha": 0.0,
    "restorable_ha": 0.0,
    "wave_reduction_now": 0.0,
    "wave_reduction_restored": 0.0,
    "surge_reduction_restored_m": 0.0,
    "band_now": "exposed",
    "band_restored": "exposed",
    "people_behind": 52.0,
    "buildings_behind": 16,
    "surge_people": 52.0,
    "priority": 0.0
   },
   "geometry": {
    "type": "LineString",
    "coordinates": [
     [
      177.37839332387398,
      -17.774504356457808
     ],
     [
      177.3783413,
      -17.77454819973553
     ],
     [
      177.3782643,
      -17.774757499735507
     ],
     [
      177.3781703,
      -17.774784299735504
     ],
     [
      177.3780897,
      -17.774760999735516
     ],
     [
      177.3779907,
      -17.774615599735515
     ],
     [
      177.3779113,
      -17.774555099735508
     ],
     [
      177.3776976,
      -17.77450629973551
     ],
     [
      177.3775694,
      -17.774458599735517
     ],
     [
      177.3773642,
      -17.77442369973552
     ],
     [
      177.3771529,
      -17.77433999973551
     ],
     [
      177.3768256,
      -17.774344599735514
     ],
     [
      177.376723,
      -17.77432719973553
     ],
     [
      177.3765715,
      -17.774395799735515
     ],
     [
      177.3763358,
      -17.774363199735518
     ],
     [
      177.3760268,
      -17.774476099735526
     ],
     [
      177.3759047,
      -17.774448099735526
     ],
     [
      177.3758155,
      -17.774408599735523
     ],
     [
      177.3756531,
      -17.774430699735518
     ],
     [
      177.3755602,
      -17.774495799735515
     ],
     [
      177.3754112,
      -17.774655199735506
     ],
     [
      177.3752964,
      -17.774708699735523
     ],
     [
      177.3752329,
      -17.77476449973551
     ],
     [
      177.3751999,
      -17.77482259973552
     ],
     [
      177.3750583,
      -17.77495059973552
     ],
     [
      177.3749776,
      -17.775141299735505
     ],
     [
      177.374759,
      -17.7753064997355
     ],
     [
      177.3746784,
      -17.775379699735502
     ],
     [
      177.374643,
      -17.775444899735497
     ],
     [
      177.37438303812328,
      -17.775481084626758
     ]
    ]
   },
   "bbox": [
    177.37438303812328,
    -17.775481084626758,
    177.37839332387398,
    -17.77432719973553
   ]
  },
  {
   "id": "104",
   "type": "Feature",
   "properties": {
    "id": "s105",
    "length_m": 517,
    "existing_width_m": 0,
    "restorable_width_m": 0,
    "existing_ha": 0.0,
    "restorable_ha": 0.0,
    "wave_reduction_now": 0.0,
    "wave_reduction_restored": 0.0,
    "surge_reduction_restored_m": 0.0,
    "band_now": "exposed",
    "band_restored": "exposed",
    "people_behind": 0.0,
    "buildings_behind": 0,
    "surge_people": 0.0,
    "priority": 0.0
   },
   "geometry": {
    "type": "LineString",
    "coordinates": [
     [
      177.37438303812328,
      -17.775481084626758
     ],
     [
      177.3740983,
      -17.775519299735503
     ],
     [
      177.3739175,
      -17.775585599735503
     ],
     [
      177.3737636,
      -17.775609999735504
     ],
     [
      177.3736806,
      -17.775663499735515
     ],
     [
      177.3736513,
      -17.775729799735494
     ],
     [
      177.3736293,
      -17.77591009973551
     ],
     [
      177.3735975,
      -17.776006599735485
     ],
     [
      177.3736134,
      -17.776124099735497
     ],
     [
      177.3734705,
      -17.776341599735485
     ],
     [
      177.3734522,
      -17.776425299735493
     ],
     [
      177.3734607,
      -17.776493899735478
     ],
     [
      177.3735401,
      -17.776552099735497
     ],
     [
      177.3736561,
      -17.776578799735486
     ],
     [
      177.3738491,
      -17.776791699735487
     ],
     [
      177.3739371,
      -17.776847499735485
     ],
     [
      177.3741166,
      -17.77685679973549
     ],
     [
      177.3741569,
      -17.776891699735486
     ],
     [
      177.374163,
      -17.77693819973548
     ],
     [
      177.3744635,
      -17.77716269973548
     ],
     [
      177.3745575,
      -17.777180099735496
     ],
     [
      177.3746467,
      -17.77714409973547
     ],
     [
      177.374803,
      -17.77697429973549
     ],
     [
      177.3748909,
      -17.7769276997355
     ],
     [
      177.3750766,
      -17.776903299735483
     ],
     [
      177.3752329,
      -17.77697539973549
     ],
     [
      177.3756091,
      -17.77720459973547
     ],
     [
      177.3759095,
      -17.77725459973549
     ],
     [
      177.3760305,
      -17.777244099735494
     ],
     [
      177.37618677979594,
      -17.777181690179848
     ]
    ]
   },
   "bbox": [
    177.3734522,
    -17.77725459973549,
    177.37618677979594,
    -17.775481084626758
   ]
  },
  {
   "id": "105",
   "type": "Feature",
   "properties": {
    "id": "s106",
    "length_m": 517,
    "existing_width_m": 0,
    "restorable_width_m": 0,
    "existing_ha": 0.0,
    "restorable_ha": 0.0,
    "wave_reduction_now": 0.0,
    "wave_reduction_restored": 0.0,
    "surge_reduction_restored_m": 0.0,
    "band_now": "exposed",
    "band_restored": "exposed",
    "people_behind": 36.0,
    "buildings_behind": 10,
    "surge_people": 36.0,
    "priority": 0.0
   },
   "geometry": {
    "type": "LineString",
    "coordinates": [
     [
      177.37618677979594,
      -17.777181690179848
     ],
     [
      177.3764042,
      -17.777102199735474
     ],
     [
      177.3768659,
      -17.776797499735473
     ],
     [
      177.3771419,
      -17.77687079973549
     ],
     [
      177.377391,
      -17.77695799973549
     ],
     [
      177.3776463,
      -17.77700219973549
     ],
     [
      177.3778295,
      -17.776977799735487
     ],
     [
      177.3782826,
      -17.777175499735478
     ],
     [
      177.378428,
      -17.777185899735464
     ],
     [
      177.3785904,
      -17.777163799735483
     ],
     [
      177.3789202,
      -17.777189399735484
     ],
     [
      177.3790338,
      -17.777149899735495
     ],
     [
      177.3791657,
      -17.776946399735486
     ],
     [
      177.3791999,
      -17.776861499735475
     ],
     [
      177.37954920000004,
      -17.776729999735494
     ],
     [
      177.3796383,
      -17.776679999735475
     ],
     [
      177.3796957,
      -17.776590499735494
     ],
     [
      177.3797788,
      -17.776504399735487
     ],
     [
      177.3798667,
      -17.776432299735497
     ],
     [
      177.3799522,
      -17.776392799735483
     ],
     [
      177.3800121,
      -17.776290399735498
     ],
     [
      177.3800524,
      -17.776039199735493
     ],
     [
      177.38003168518398,
      -17.775872931855034
     ]
    ]
   },
   "bbox": [
    177.37618677979594,
    -17.777189399735484,
    177.3800524,
    -17.775872931855034
   ]
  },
  {
   "id": "106",
   "type": "Feature",
   "properties": {
    "id": "s107",
    "length_m": 517,
    "existing_width_m": 0,
    "restorable_width_m": 0,
    "existing_ha": 0.0,
    "restorable_ha": 0.0,
    "wave_reduction_now": 0.0,
    "wave_reduction_restored": 0.0,
    "surge_reduction_restored_m": 0.0,
    "band_now": "exposed",
    "band_restored": "exposed",
    "people_behind": 24.0,
    "buildings_behind": 6,
    "surge_people": 24.0,
    "priority": 0.0
   },
   "geometry": {
    "type": "LineString",
    "coordinates": [
     [
      177.38003168518398,
      -17.775872931855034
     ],
     [
      177.3800255,
      -17.775805399735496
     ],
     [
      177.380056,
      -17.775691399735493
     ],
     [
      177.3801513,
      -17.7756076997355
     ],
     [
      177.3802539,
      -17.7755867997355
     ],
     [
      177.3804579,
      -17.775629799735505
     ],
     [
      177.3805495,
      -17.77560419973551
     ],
     [
      177.3806154,
      -17.7755401997355
     ],
     [
      177.3807583,
      -17.7753424997355
     ],
     [
      177.3808841,
      -17.775270399735504
     ],
     [
      177.3812505,
      -17.77519019973552
     ],
     [
      177.381634,
      -17.775006399735513
     ],
     [
      177.3818062,
      -17.77499239973551
     ],
     [
      177.3821238,
      -17.77501799973552
     ],
     [
      177.3822264,
      -17.77499589973552
     ],
     [
      177.3825684,
      -17.774829599735504
     ],
     [
      177.3826355,
      -17.774755199735516
     ],
     [
      177.3826453,
      -17.77465979973552
     ],
     [
      177.3824408,
      -17.774238199735517
     ],
     [
      177.3823407,
      -17.77414289973551
     ],
     [
      177.3820332,
      -17.773924999735524
     ],
     [
      177.3819117,
      -17.77378879973552
     ],
     [
      177.3817329,
      -17.773448399735532
     ],
     [
      177.3816714,
      -17.773412099735534
     ]
    ]
   },
   "bbox": [
    177.3800255,
    -17.775872931855034,
    177.3826453,
    -17.773412099735534
   ]
  },
  {
   "id": "107",
   "type": "Feature",
   "properties": {
    "id": "s108",
    "length_m": 435,
    "existing_width_m": 0,
    "restorable_width_m": 0,
    "existing_ha": 0.0,
    "restorable_ha": 0.0,
    "wave_reduction_now": 0.0,
    "wave_reduction_restored": 0.0,
    "surge_reduction_restored_m": 0.0,
    "band_now": "exposed",
    "band_restored": "exposed",
    "people_behind": 0.0,
    "buildings_behind": 0,
    "surge_people": 0.0,
    "priority": 0.0
   },
   "geometry": {
    "type": "LineString",
    "coordinates": [
     [
      177.3907092,
      -17.752013599735804
     ],
     [
      177.3903237,
      -17.751817599735805
     ],
     [
      177.3901245,
      -17.751955699735802
     ],
     [
      177.3899703,
      -17.75184649973581
     ],
     [
      177.3898418,
      -17.752052099735806
     ],
     [
      177.3896587,
      -17.752023199735792
     ],
     [
      177.3897165,
      -17.7522544997358
     ],
     [
      177.3899896,
      -17.75231229973579
     ],
     [
      177.3904715,
      -17.752382999735783
     ],
     [
      177.3906771,
      -17.7525178997358
     ],
     [
      177.3906,
      -17.75289699973578
     ],
     [
      177.3904426,
      -17.75316689973579
     ],
     [
      177.3901856,
      -17.753478499735778
     ],
     [
      177.3898514,
      -17.75358129973578
     ],
     [
      177.38981915732828,
      -17.753571489058377
     ]
    ]
   },
   "bbox": [
    177.3896587,
    -17.75358129973578,
    177.3907092,
    -17.751817599735805
   ]
  },
  {
   "id": "108",
   "type": "Feature",
   "properties": {
    "id": "s109",
    "length_m": 435,
    "existing_width_m": 0,
    "restorable_width_m": 0,
    "existing_ha": 0.0,
    "restorable_ha": 0.0,
    "wave_reduction_now": 0.0,
    "wave_reduction_restored": 0.0,
    "surge_reduction_restored_m": 0.0,
    "band_now": "exposed",
    "band_restored": "exposed",
    "people_behind": 0.0,
    "buildings_behind": 0,
    "surge_people": 0.0,
    "priority": 0.0
   },
   "geometry": {
    "type": "LineString",
    "coordinates": [
     [
      177.38981915732828,
      -17.753571489058377
     ],
     [
      177.389482,
      -17.75346889973578
     ],
     [
      177.3894242,
      -17.753642399735778
     ],
     [
      177.3895045,
      -17.753828699735767
     ],
     [
      177.3899542,
      -17.75399259973576
     ],
     [
      177.3904522,
      -17.754082499735755
     ],
     [
      177.3906739,
      -17.75391219973575
     ],
     [
      177.3907349,
      -17.753433599735782
     ],
     [
      177.3909727,
      -17.75294839973578
     ],
     [
      177.3907092,
      -17.752013599735804
     ]
    ]
   },
   "bbox": [
    177.3894242,
    -17.754082499735755,
    177.3909727,
    -17.752013599735804
   ]
  }
 ],
 "bbox": [
  177.37,
  -17.823981699734897,
  177.4359477,
  -17.71999999973619
 ]
}