{"type":"FeatureCollection","features":[{"type":"Feature","geometry":{"type":"MultiPolygon","coordinates":[[[[177.47722222222222,-17.80333333333333],[177.47777777777776,-17.804166666666667],[177.47694444444443,-17.804444444444442],[177.47694444444443,-17.80472222222222],[177.4763888888889,-17.80472222222222],[177.4763888888889,-17.803055555555556],[177.47722222222222,-17.80333333333333]]],[[[177.5197222222222,-17.784166666666664],[177.51944444444445,-17.784444444444443],[177.51805555555555,-17.78472222222222],[177.51805555555555,-17.785],[177.51749999999998,-17.785],[177.51694444444445,-17.785555555555554],[177.51638888888888,-17.785555555555554],[177.51638888888888,-17.785833333333333],[177.51583333333332,-17.785555555555554],[177.51583333333332,-17.78611111111111],[177.51527777777778,-17.785833333333333],[177.51527777777778,-17.78611111111111],[177.51416666666665,-17.786388888888887],[177.51361111111112,-17.786944444444444],[177.5125,-17.787222222222223],[177.51222222222222,-17.787777777777777],[177.51166666666666,-17.787777777777777],[177.51111111111112,-17.78833333333333],[177.51055555555556,-17.78833333333333],[177.5102777777778,-17.788888888888888],[177.50916666666666,-17.789166666666667],[177.5088888888889,-17.78972222222222],[177.50722222222223,-17.790277777777778],[177.50694444444443,-17.79083333333333],[177.50583333333333,-17.79111111111111],[177.50555555555556,-17.791666666666664],[177.50444444444443,-17.791944444444443],[177.50416666666666,-17.7925],[177.50305555555556,-17.792777777777776],[177.50222222222223,-17.79361111111111],[177.50166666666667,-17.79361111111111],[177.5013888888889,-17.794166666666666],[177.4997222222222,-17.79472222222222],[177.49944444444444,-17.795277777777777],[177.49888888888887,-17.795277777777777],[177.49833333333333,-17.79583333333333],[177.4961111111111,-17.796666666666667],[177.4961111111111,-17.79722222222222],[177.49555555555554,-17.796944444444442],[177.49555555555554,-17.7975],[177.49388888888888,-17.798055555555553],[177.49388888888888,-17.798333333333332],[177.49305555555554,-17.798333333333332],[177.49305555555554,-17.79861111111111],[177.49194444444444,-17.79888888888889],[177.49194444444444,-17.799166666666665],[177.4911111111111,-17.799166666666665],[177.4911111111111,-17.799444444444443],[177.49027777777778,-17.799444444444443],[177.49027777777778,-17.799722222222222],[177.4886111111111,-17.799999999999997],[177.4886111111111,-17.800277777777776],[177.48777777777778,-17.800277777777776],[177.48777777777778,-17.800555555555555],[177.48694444444445,-17.800555555555555],[177.48694444444445,-17.800833333333333],[177.48555555555555,-17.800833333333333],[177.48555555555555,-17.80111111111111],[177.48444444444445,-17.80111111111111],[177.48444444444445,-17.801388888888887],[177.48388888888888,-17.80111111111111],[177.48388888888888,-17.801388888888887],[177.48305555555555,-17.801388888888887],[177.48305555555555,-17.801666666666666],[177.4761111111111,-17.801666666666666],[177.47583333333333,-17.801944444444445],[177.47583333333333,-17.801666666666666],[177.47527777777776,-17.801666666666666],[177.4738888888889,-17.799999999999997],[177.4736111111111,-17.799999999999997],[177.4736111111111,-17.799722222222222],[177.47444444444443,-17.799722222222222],[177.47444444444443,-17.799999999999997],[177.4825,-17.799999999999997],[177.4825,-17.799722222222222],[177.48555555555555,-17.799444444444443],[177.48555555555555,-17.799166666666665],[177.48666666666665,-17.799166666666665],[177.48666666666665,-17.79888888888889],[177.48749999999998,-17.79888888888889],[177.48749999999998,-17.79861111111111],[177.48833333333332,-17.79861111111111],[177.48833333333332,-17.798333333333332],[177.48916666666665,-17.798333333333332],[177.48916666666665,-17.798055555555553],[177.49083333333334,-17.797777777777778],[177.49083333333334,-17.7975],[177.49194444444444,-17.79722222222222],[177.49194444444444,-17.796944444444442],[177.49277777777777,-17.796944444444442],[177.49277777777777,-17.796666666666667],[177.49388888888888,-17.796388888888888],[177.49388888888888,-17.79611111111111],[177.49444444444444,-17.79611111111111],[177.49444444444444,-17.79583333333333],[177.495,-17.79583333333333],[177.49555555555554,-17.795277777777777],[177.4972222222222,-17.79472222222222],[177.4972222222222,-17.794444444444444],[177.49833333333333,-17.794166666666666],[177.4986111111111,-17.79361111111111],[177.50027777777777,-17.793055555555554],[177.50055555555556,-17.7925],[177.50166666666667,-17.79222222222222],[177.50194444444443,-17.791666666666664],[177.50305555555556,-17.79138888888889],[177.50333333333333,-17.79083333333333],[177.50444444444443,-17.790555555555553],[177.50527777777776,-17.78972222222222],[177.50583333333333,-17.78972222222222],[177.5061111111111,-17.789166666666667],[177.50666666666666,-17.789166666666667],[177.50666666666666,-17.788888888888888],[177.50777777777776,-17.78861111111111],[177.50805555555556,-17.788055555555555],[177.50916666666666,-17.787777777777777],[177.50944444444443,-17.787222222222223],[177.51111111111112,-17.786666666666665],[177.5113888888889,-17.78611111111111],[177.51194444444445,-17.78611111111111],[177.5125,-17.785555555555554],[177.51305555555555,-17.785555555555554],[177.51305555555555,-17.785277777777775],[177.51527777777778,-17.784444444444443],[177.51583333333332,-17.78388888888889],[177.51694444444445,-17.78361111111111],[177.51694444444445,-17.78333333333333],[177.51777777777778,-17.78333333333333],[177.51777777777778,-17.783055555555553],[177.51888888888888,-17.782777777777778],[177.51888888888888,-17.7825],[177.5197222222222,-17.7825],[177.5197222222222,-17.784166666666664]]],[[[177.43166666666667,-17.780555555555555],[177.43166666666667,-17.780833333333334],[177.43277777777777,-17.780833333333334],[177.43277777777777,-17.78111111111111],[177.43388888888887,-17.78111111111111],[177.43388888888887,-17.781388888888888],[177.435,-17.781388888888888],[177.435,-17.781666666666666],[177.43583333333333,-17.781666666666666],[177.43583333333333,-17.781944444444445],[177.4375,-17.78222222222222],[177.4375,-17.7825],[177.4388888888889,-17.782777777777778],[177.43944444444443,-17.78333333333333],[177.44055555555556,-17.78361111111111],[177.44055555555556,-17.78388888888889],[177.4413888888889,-17.78388888888889],[177.44194444444443,-17.784444444444443],[177.4436111111111,-17.785],[177.4438888888889,-17.785555555555554],[177.44555555555556,-17.78611111111111],[177.4461111111111,-17.786666666666665],[177.44666666666666,-17.786666666666665],[177.44694444444443,-17.787222222222223],[177.44861111111112,-17.787777777777777],[177.4488888888889,-17.78833333333333],[177.45,-17.78861111111111],[177.45083333333332,-17.78944444444444],[177.45138888888889,-17.78944444444444],[177.45166666666665,-17.79],[177.45277777777778,-17.790277777777778],[177.45305555555555,-17.79083333333333],[177.45416666666665,-17.79111111111111],[177.45499999999998,-17.791944444444443],[177.45555555555555,-17.791944444444443],[177.45583333333332,-17.7925],[177.45749999999998,-17.793055555555554],[177.45777777777778,-17.79361111111111],[177.45833333333334,-17.79361111111111],[177.45888888888888,-17.794166666666666],[177.46055555555554,-17.79472222222222],[177.46083333333334,-17.795277777777777],[177.4625,-17.79583333333333],[177.46305555555554,-17.796388888888888],[177.46388888888887,-17.796388888888888],[177.46388888888887,-17.796666666666667],[177.465,-17.796944444444442],[177.46555555555554,-17.7975],[177.46638888888887,-17.7975],[177.46694444444444,-17.798055555555553],[177.46777777777777,-17.798055555555553],[177.46777777777777,-17.798333333333332],[177.4686111111111,-17.798333333333332],[177.4686111111111,-17.79861111111111],[177.46944444444443,-17.79861111111111],[177.46944444444443,-17.79888888888889],[177.47055555555556,-17.79888888888889],[177.47055555555556,-17.799166666666665],[177.47166666666666,-17.799166666666665],[177.47166666666666,-17.799444444444443],[177.47277777777776,-17.799444444444443],[177.47472222222223,-17.801388888888887],[177.47444444444443,-17.801666666666666],[177.47416666666666,-17.801388888888887],[177.47277777777776,-17.801388888888887],[177.4725,-17.801666666666666],[177.4725,-17.80111111111111],[177.47222222222223,-17.801388888888887],[177.46972222222223,-17.80111111111111],[177.46972222222223,-17.800833333333333],[177.4688888888889,-17.800833333333333],[177.4686111111111,-17.80111111111111],[177.4686111111111,-17.800555555555555],[177.46777777777777,-17.800833333333333],[177.46777777777777,-17.800277777777776],[177.46666666666667,-17.800555555555555],[177.46666666666667,-17.800277777777776],[177.4661111111111,-17.800277777777776],[177.4661111111111,-17.799722222222222],[177.46527777777777,-17.799999999999997],[177.46527777777777,-17.799722222222222],[177.4647222222222,-17.799722222222222],[177.4647222222222,-17.799444444444443],[177.4636111111111,-17.799166666666665],[177.4636111111111,-17.79888888888889],[177.46277777777777,-17.79888888888889],[177.46277777777777,-17.79861111111111],[177.4622222222222,-17.79861111111111],[177.46166666666667,-17.798055555555553],[177.46055555555554,-17.797777777777778],[177.46027777777778,-17.79722222222222],[177.45805555555555,-17.796388888888888],[177.45777777777778,-17.79583333333333],[177.4561111111111,-17.795277777777777],[177.45583333333332,-17.79472222222222],[177.45472222222222,-17.794444444444444],[177.45444444444445,-17.793888888888887],[177.45333333333332,-17.79361111111111],[177.45305555555555,-17.793055555555554],[177.45194444444445,-17.792777777777776],[177.45111111111112,-17.791944444444443],[177.45055555555555,-17.791944444444443],[177.45027777777779,-17.79138888888889],[177.44916666666666,-17.79111111111111],[177.4488888888889,-17.790555555555553],[177.44722222222222,-17.79],[177.44694444444443,-17.78944444444444],[177.44527777777776,-17.788888888888888],[177.44472222222223,-17.78833333333333],[177.44416666666666,-17.78833333333333],[177.4438888888889,-17.787777777777777],[177.44277777777776,-17.787499999999998],[177.44222222222223,-17.786944444444444],[177.44166666666666,-17.786944444444444],[177.44166666666666,-17.786666666666665],[177.4411111111111,-17.786666666666665],[177.4411111111111,-17.78611111111111],[177.44027777777777,-17.786388888888887],[177.43972222222223,-17.785833333333333],[177.4386111111111,-17.785555555555554],[177.4386111111111,-17.785277777777775],[177.43777777777777,-17.785277777777775],[177.4375,-17.784444444444443],[177.43666666666667,-17.78472222222222],[177.43666666666667,-17.784166666666664],[177.4361111111111,-17.784166666666664],[177.4361111111111,-17.78388888888889],[177.43333333333334,-17.78333333333333],[177.43305555555554,-17.782777777777778],[177.4325,-17.783055555555553],[177.4325,-17.7825],[177.4311111111111,-17.7825],[177.43055555555554,-17.781944444444445],[177.42277777777778,-17.781944444444445],[177.42277777777778,-17.78222222222222],[177.42222222222222,-17.781944444444445],[177.42222222222222,-17.78222222222222],[177.41972222222222,-17.7825],[177.41972222222222,-17.782777777777778],[177.4188888888889,-17.782777777777778],[177.4188888888889,-17.783055555555553],[177.4177777777778,-17.783055555555553],[177.4177777777778,-17.78333333333333],[177.41527777777776,-17.78388888888889],[177.41472222222222,-17.784444444444443],[177.41416666666666,-17.784444444444443],[177.41416666666666,-17.78472222222222],[177.41333333333333,-17.78472222222222],[177.41333333333333,-17.785],[177.41277777777776,-17.785],[177.41222222222223,-17.785555555555554],[177.4111111111111,-17.785833333333333],[177.4111111111111,-17.78611111111111],[177.41055555555556,-17.785833333333333],[177.41055555555556,-17.78611111111111],[177.40944444444443,-17.786388888888887],[177.4088888888889,-17.786944444444444],[177.40777777777777,-17.787222222222223],[177.4075,-17.787777777777777],[177.40583333333333,-17.78833333333333],[177.40555555555554,-17.788888888888888],[177.40444444444444,-17.789166666666667],[177.40416666666667,-17.78972222222222],[177.40305555555554,-17.79],[177.4011111111111,-17.791944444444443],[177.40027777777777,-17.79138888888889],[177.40055555555554,-17.790277777777778],[177.40194444444444,-17.788888888888888],[177.40305555555554,-17.78861111111111],[177.40388888888887,-17.787777777777777],[177.40444444444444,-17.787777777777777],[177.4047222222222,-17.787222222222223],[177.4063888888889,-17.786666666666665],[177.40666666666667,-17.78611111111111],[177.40722222222223,-17.78611111111111],[177.40777777777777,-17.785555555555554],[177.40833333333333,-17.785555555555554],[177.40833333333333,-17.785277777777775],[177.41055555555556,-17.784444444444443],[177.4111111111111,-17.78388888888889],[177.41222222222223,-17.78361111111111],[177.41222222222223,-17.78333333333333],[177.41305555555556,-17.78333333333333],[177.41305555555556,-17.783055555555553],[177.41416666666666,-17.782777777777778],[177.41416666666666,-17.7825],[177.41666666666666,-17.781944444444445],[177.41666666666666,-17.781666666666666],[177.4175,-17.781666666666666],[177.4175,-17.781388888888888],[177.41833333333332,-17.781388888888888],[177.41833333333332,-17.78111111111111],[177.42083333333332,-17.780833333333334],[177.42083333333332,-17.780555555555555],[177.42249999999999,-17.780555555555555],[177.42249999999999,-17.780277777777776],[177.43,-17.780277777777776],[177.43,-17.780555555555555],[177.43166666666667,-17.780555555555555]]],[[[177.42277777777778,-17.778333333333332],[177.42361111111111,-17.778333333333332],[177.42361111111111,-17.778055555555554],[177.42388888888888,-17.778333333333332],[177.43083333333334,-17.778333333333332],[177.43083333333334,-17.77861111111111],[177.43166666666667,-17.77861111111111],[177.43166666666667,-17.778888888888886],[177.4322222222222,-17.77861111111111],[177.4322222222222,-17.778888888888886],[177.43333333333334,-17.778888888888886],[177.43333333333334,-17.779166666666665],[177.43444444444444,-17.779166666666665],[177.43444444444444,-17.779444444444444],[177.43555555555554,-17.779444444444444],[177.43555555555554,-17.779722222222222],[177.4372222222222,-17.779999999999998],[177.4372222222222,-17.780277777777776],[177.4388888888889,-17.780555555555555],[177.43944444444443,-17.78111111111111],[177.44027777777777,-17.78111111111111],[177.44027777777777,-17.781388888888888],[177.4413888888889,-17.781666666666666],[177.44194444444443,-17.78222222222222],[177.4425,-17.78222222222222],[177.44277777777776,-17.782777777777778],[177.445,-17.78361111111111],[177.44527777777776,-17.784166666666664],[177.44583333333333,-17.784166666666664],[177.44583333333333,-17.784444444444443],[177.4463888888889,-17.784444444444443],[177.44694444444443,-17.785],[177.44805555555556,-17.785277777777775],[177.44833333333332,-17.785833333333333],[177.45,-17.786388888888887],[177.45027777777779,-17.786944444444444],[177.45138888888889,-17.787222222222223],[177.45166666666665,-17.787777777777777],[177.45277777777778,-17.788055555555555],[177.45305555555555,-17.78861111111111],[177.45416666666665,-17.788888888888888],[177.45444444444445,-17.78944444444444],[177.45555555555555,-17.78972222222222],[177.45583333333332,-17.790277777777778],[177.45694444444445,-17.790555555555553],[177.4572222222222,-17.79111111111111],[177.45888888888888,-17.791666666666664],[177.45916666666668,-17.79222222222222],[177.46083333333334,-17.792777777777776],[177.46083333333334,-17.793055555555554],[177.46194444444444,-17.793333333333333],[177.46194444444444,-17.79361111111111],[177.46277777777777,-17.79361111111111],[177.46277777777777,-17.793888888888887],[177.46388888888887,-17.794166666666666],[177.46388888888887,-17.794444444444444],[177.46527777777777,-17.79472222222222],[177.46527777777777,-17.794999999999998],[177.46583333333334,-17.794999999999998],[177.46583333333334,-17.795277777777777],[177.46694444444444,-17.795555555555556],[177.46694444444444,-17.79583333333333],[177.46777777777777,-17.79583333333333],[177.46833333333333,-17.796388888888888],[177.46916666666667,-17.796388888888888],[177.46916666666667,-17.796666666666667],[177.47,-17.796666666666667],[177.47,-17.796944444444442],[177.4711111111111,-17.796944444444442],[177.4711111111111,-17.79722222222222],[177.47222222222223,-17.79722222222222],[177.47222222222223,-17.7975],[177.47333333333333,-17.7975],[177.47333333333333,-17.797777777777778],[177.47444444444443,-17.797777777777778],[177.47444444444443,-17.798055555555553],[177.47472222222223,-17.797777777777778],[177.47527777777776,-17.797777777777778],[177.47527777777776,-17.798055555555553],[177.48305555555555,-17.798055555555553],[177.48333333333332,-17.7975],[177.48472222222222,-17.7975],[177.48472222222222,-17.796944444444442],[177.48555555555555,-17.79722222222222],[177.48583333333332,-17.796666666666667],[177.48666666666665,-17.796666666666667],[177.48666666666665,-17.796388888888888],[177.48805555555555,-17.79611111111111],[177.48805555555555,-17.795555555555556],[177.48888888888888,-17.79583333333333],[177.48888888888888,-17.795277777777777],[177.4897222222222,-17.795555555555556],[177.4897222222222,-17.794999999999998],[177.49055555555555,-17.795277777777777],[177.49055555555555,-17.79472222222222],[177.49138888888888,-17.794444444444444],[177.49138888888888,-17.794166666666666],[177.4922222222222,-17.794444444444444],[177.4922222222222,-17.793888888888887],[177.49277777777777,-17.793888888888887],[177.49277777777777,-17.79361111111111],[177.49388888888888,-17.793333333333333],[177.49388888888888,-17.793055555555554],[177.49444444444444,-17.793055555555554],[177.49444444444444,-17.792777777777776],[177.495,-17.792777777777776],[177.49555555555554,-17.79222222222222],[177.4972222222222,-17.791666666666664],[177.4972222222222,-17.79138888888889],[177.49833333333333,-17.79111111111111],[177.4986111111111,-17.790555555555553],[177.50027777777777,-17.79],[177.50055555555556,-17.78944444444444],[177.50166666666667,-17.789166666666667],[177.50194444444443,-17.78861111111111],[177.50333333333333,-17.78833333333333],[177.50333333333333,-17.787777777777777],[177.50472222222223,-17.787499999999998],[177.50472222222223,-17.786944444444444],[177.5061111111111,-17.786666666666665],[177.5061111111111,-17.78611111111111],[177.50777777777776,-17.785555555555554],[177.50805555555556,-17.785],[177.50916666666666,-17.78472222222222],[177.50944444444443,-17.784166666666664],[177.51111111111112,-17.78361111111111],[177.5113888888889,-17.783055555555553],[177.51194444444445,-17.783055555555553],[177.5125,-17.7825],[177.51472222222222,-17.781666666666666],[177.51472222222222,-17.781388888888888],[177.51527777777778,-17.781388888888888],[177.51527777777778,-17.78111111111111],[177.51638888888888,-17.780833333333334],[177.51638888888888,-17.780555555555555],[177.51722222222222,-17.780555555555555],[177.51722222222222,-17.780277777777776],[177.51777777777778,-17.780277777777776],[177.51833333333332,-17.779722222222222],[177.51916666666665,-17.779999999999998],[177.51916666666665,-17.779444444444444],[177.5197222222222,-17.779444444444444],[177.5197222222222,-17.781944444444445],[177.51749999999998,-17.782777777777778],[177.51749999999998,-17.783055555555553],[177.51666666666665,-17.783055555555553],[177.51611111111112,-17.78361111111111],[177.51555555555555,-17.78361111111111],[177.51555555555555,-17.78388888888889],[177.515,-17.78388888888889],[177.51444444444445,-17.784444444444443],[177.51388888888889,-17.784444444444443],[177.51388888888889,-17.78472222222222],[177.51333333333332,-17.78472222222222],[177.51277777777779,-17.785277777777775],[177.51111111111112,-17.785833333333333],[177.51083333333332,-17.786388888888887],[177.50916666666666,-17.786944444444444],[177.5088888888889,-17.787499999999998],[177.50777777777776,-17.787777777777777],[177.5075,-17.78833333333333],[177.50694444444443,-17.78833333333333],[177.5063888888889,-17.788888888888888],[177.50583333333333,-17.788888888888888],[177.50555555555556,-17.78944444444444],[177.50444444444443,-17.78972222222222],[177.50416666666666,-17.790277777777778],[177.50305555555556,-17.790555555555553],[177.50222222222223,-17.79138888888889],[177.50166666666667,-17.79138888888889],[177.5013888888889,-17.791944444444443],[177.50027777777777,-17.79222222222222],[177.5,-17.792777777777776],[177.49833333333333,-17.793333333333333],[177.49805555555554,-17.793888888888887],[177.49638888888887,-17.794444444444444],[177.49583333333334,-17.794999999999998],[177.49527777777777,-17.794999999999998],[177.49527777777777,-17.795277777777777],[177.4947222222222,-17.795277777777777],[177.4947222222222,-17.795555555555556],[177.4936111111111,-17.79583333333333],[177.4936111111111,-17.79611111111111],[177.49305555555554,-17.79611111111111],[177.4925,-17.796666666666667],[177.49166666666667,-17.796666666666667],[177.4911111111111,-17.79722222222222],[177.49055555555555,-17.79722222222222],[177.49055555555555,-17.7975],[177.48805555555555,-17.798055555555553],[177.48805555555555,-17.798333333333332],[177.48722222222221,-17.798333333333332],[177.48722222222221,-17.79861111111111],[177.48638888888888,-17.79861111111111],[177.48638888888888,-17.79888888888889],[177.48388888888888,-17.799166666666665],[177.48388888888888,-17.799444444444443],[177.48222222222222,-17.799444444444443],[177.48222222222222,-17.799722222222222],[177.47472222222223,-17.799722222222222],[177.47472222222223,-17.799444444444443],[177.47305555555556,-17.799444444444443],[177.47305555555556,-17.799166666666665],[177.46972222222223,-17.79861111111111],[177.46972222222223,-17.798333333333332],[177.4688888888889,-17.798333333333332],[177.4688888888889,-17.798055555555553],[177.4672222222222,-17.797777777777778],[177.46666666666667,-17.79722222222222],[177.46583333333334,-17.79722222222222],[177.46583333333334,-17.796944444444442],[177.4647222222222,-17.796666666666667],[177.46416666666667,-17.79611111111111],[177.46333333333334,-17.79611111111111],[177.46333333333334,-17.79583333333333],[177.4622222222222,-17.795555555555556],[177.46166666666667,-17.794999999999998],[177.4611111111111,-17.794999999999998],[177.46083333333334,-17.794444444444444],[177.46027777777778,-17.794444444444444],[177.46027777777778,-17.794166666666666],[177.4597222222222,-17.794166666666666],[177.45916666666668,-17.79361111111111],[177.45805555555555,-17.793333333333333],[177.45777777777778,-17.792777777777776],[177.4561111111111,-17.79222222222222],[177.45583333333332,-17.791666666666664],[177.45472222222222,-17.79138888888889],[177.45444444444445,-17.79083333333333],[177.45333333333332,-17.790555555555553],[177.45305555555555,-17.79],[177.45194444444445,-17.78972222222222],[177.45111111111112,-17.788888888888888],[177.45055555555555,-17.788888888888888],[177.45027777777779,-17.78833333333333],[177.44916666666666,-17.788055555555555],[177.4488888888889,-17.787499999999998],[177.44722222222222,-17.786944444444444],[177.44694444444443,-17.786388888888887],[177.44527777777776,-17.785833333333333],[177.44472222222223,-17.785277777777775],[177.44416666666666,-17.785277777777775],[177.4438888888889,-17.78472222222222],[177.44277777777776,-17.784444444444443],[177.44277777777776,-17.784166666666664],[177.44166666666666,-17.78388888888889],[177.44166666666666,-17.78361111111111],[177.44083333333333,-17.78361111111111],[177.44083333333333,-17.78333333333333],[177.44027777777777,-17.78333333333333],[177.44027777777777,-17.783055555555553],[177.43916666666667,-17.782777777777778],[177.43916666666667,-17.7825],[177.43833333333333,-17.7825],[177.43777777777777,-17.781944444444445],[177.43694444444444,-17.781944444444445],[177.43694444444444,-17.781666666666666],[177.4361111111111,-17.781666666666666],[177.4361111111111,-17.781388888888888],[177.43527777777777,-17.781388888888888],[177.43527777777777,-17.78111111111111],[177.43416666666667,-17.78111111111111],[177.43416666666667,-17.780833333333334],[177.43305555555554,-17.780833333333334],[177.43305555555554,-17.780555555555555],[177.43194444444444,-17.780555555555555],[177.43194444444444,-17.780277777777776],[177.43027777777777,-17.780277777777776],[177.43027777777777,-17.779999999999998],[177.42222222222222,-17.779999999999998],[177.42222222222222,-17.780277777777776],[177.42083333333332,-17.780277777777776],[177.42277777777778,-17.778333333333332]]],[[[177.41916666666665,-17.780833333333334],[177.41805555555555,-17.780833333333334],[177.41805555555555,-17.78111111111111],[177.41722222222222,-17.78111111111111],[177.41722222222222,-17.781388888888888],[177.4163888888889,-17.781388888888888],[177.4163888888889,-17.781666666666666],[177.41555555555556,-17.781666666666666],[177.41555555555556,-17.781944444444445],[177.4138888888889,-17.78222222222222],[177.4138888888889,-17.7825],[177.41333333333333,-17.7825],[177.41277777777776,-17.783055555555553],[177.41194444444443,-17.783055555555553],[177.4113888888889,-17.78361111111111],[177.41083333333333,-17.78361111111111],[177.41083333333333,-17.78388888888889],[177.41027777777776,-17.78388888888889],[177.40972222222223,-17.784444444444443],[177.40916666666666,-17.784444444444443],[177.40916666666666,-17.78472222222222],[177.4086111111111,-17.78472222222222],[177.40805555555556,-17.785277777777775],[177.4063888888889,-17.785833333333333],[177.4061111111111,-17.786388888888887],[177.40444444444444,-17.786944444444444],[177.40416666666667,-17.787499999999998],[177.40305555555554,-17.787777777777777],[177.40277777777777,-17.78833333333333],[177.4022222222222,-17.78833333333333],[177.40166666666667,-17.788888888888888],[177.40055555555554,-17.788888888888888],[177.40027777777777,-17.78861111111111],[177.40027777777777,-17.786666666666665],[177.40166666666667,-17.786388888888887],[177.40194444444444,-17.785833333333333],[177.40305555555554,-17.785555555555554],[177.40388888888887,-17.78472222222222],[177.40444444444444,-17.78472222222222],[177.4047222222222,-17.784166666666664],[177.4063888888889,-17.78361111111111],[177.40666666666667,-17.783055555555553],[177.40722222222223,-17.783055555555553],[177.40777777777777,-17.7825],[177.41,-17.781666666666666],[177.41,-17.781388888888888],[177.41055555555556,-17.781388888888888],[177.41055555555556,-17.78111111111111],[177.41166666666666,-17.780833333333334],[177.41166666666666,-17.780555555555555],[177.4125,-17.780555555555555],[177.4125,-17.780277777777776],[177.41305555555556,-17.780277777777776],[177.4136111111111,-17.779722222222222],[177.41444444444443,-17.779999999999998],[177.41444444444443,-17.779444444444444],[177.41527777777776,-17.779444444444444],[177.41555555555556,-17.779722222222222],[177.41555555555556,-17.779166666666665],[177.41666666666666,-17.779444444444444],[177.41666666666666,-17.778888888888886],[177.41694444444445,-17.779166666666665],[177.41861111111112,-17.778888888888886],[177.41861111111112,-17.77861111111111],[177.41972222222222,-17.77861111111111],[177.42,-17.778888888888886],[177.42,-17.778333333333332],[177.42027777777778,-17.77861111111111],[177.42194444444445,-17.77861111111111],[177.42055555555555,-17.779999999999998],[177.42055555555555,-17.780555555555555],[177.41916666666665,-17.780555555555555],[177.41916666666665,-17.780833333333334]]],[[[177.42222222222222,-17.77861111111111],[177.42194444444445,-17.778333333333332],[177.42222222222222,-17.778333333333332],[177.42222222222222,-17.77861111111111]]],[[[177.42333333333332,-17.7775],[177.42277777777778,-17.777777777777775],[177.42277777777778,-17.77611111111111],[177.42333333333332,-17.77583333333333],[177.42333333333332,-17.7775]]],[[[177.4436111111111,-17.76222222222222],[177.44333333333333,-17.761944444444442],[177.4436111111111,-17.761944444444442],[177.4436111111111,-17.76222222222222]]],[[[177.42833333333334,-17.753888888888888],[177.42888888888888,-17.753333333333334],[177.43027777777777,-17.75361111111111],[177.43027777777777,-17.753888888888888],[177.43083333333334,-17.753888888888888],[177.43138888888888,-17.75444444444444],[177.4322222222222,-17.75444444444444],[177.4322222222222,-17.75472222222222],[177.43333333333334,-17.755],[177.43388888888887,-17.755555555555553],[177.43444444444444,-17.755555555555553],[177.4347222222222,-17.75611111111111],[177.43583333333333,-17.75638888888889],[177.4361111111111,-17.756944444444443],[177.4372222222222,-17.75722222222222],[177.43833333333333,-17.758333333333333],[177.4388888888889,-17.758333333333333],[177.43916666666667,-17.758888888888887],[177.43972222222223,-17.758888888888887],[177.44,-17.759444444444444],[177.44055555555556,-17.759444444444444],[177.4411111111111,-17.760277777777777],[177.44166666666666,-17.760277777777777],[177.44333333333333,-17.761944444444442],[177.44277777777776,-17.761944444444442],[177.44222222222223,-17.761388888888888],[177.4411111111111,-17.76111111111111],[177.4411111111111,-17.76083333333333],[177.44027777777777,-17.76083333333333],[177.43972222222223,-17.760277777777777],[177.43916666666667,-17.760277777777777],[177.43916666666667,-17.759999999999998],[177.43833333333333,-17.759999999999998],[177.43777777777777,-17.759444444444444],[177.43694444444444,-17.759444444444444],[177.43694444444444,-17.759166666666665],[177.4361111111111,-17.759166666666665],[177.4361111111111,-17.758888888888887],[177.43444444444444,-17.75861111111111],[177.43444444444444,-17.758333333333333],[177.4322222222222,-17.758055555555554],[177.4322222222222,-17.757777777777775],[177.43083333333334,-17.757777777777775],[177.43083333333334,-17.7575],[177.42833333333334,-17.7575],[177.42833333333334,-17.756944444444443],[177.4286111111111,-17.756944444444443],[177.42833333333334,-17.756666666666664],[177.42833333333334,-17.753888888888888]],[[177.4286111111111,-17.756666666666664],[177.42888888888888,-17.75638888888889],[177.4286111111111,-17.75638888888889],[177.4286111111111,-17.756666666666664]],[[177.42888888888888,-17.75638888888889],[177.42916666666667,-17.75611111111111],[177.42888888888888,-17.75611111111111],[177.42888888888888,-17.75638888888889]],[[177.42916666666667,-17.75611111111111],[177.42944444444444,-17.75583333333333],[177.42916666666667,-17.75583333333333],[177.42916666666667,-17.75611111111111]],[[177.42944444444444,-17.75583333333333],[177.4297222222222,-17.755555555555553],[177.42944444444444,-17.755555555555553],[177.42944444444444,-17.75583333333333]],[[177.4297222222222,-17.755555555555553],[177.43,-17.755277777777778],[177.4297222222222,-17.755277777777778],[177.4297222222222,-17.755555555555553]],[[177.43,-17.755277777777778],[177.43027777777777,-17.755],[177.43,-17.755],[177.43,-17.755277777777778]],[[177.43027777777777,-17.755],[177.43055555555554,-17.75472222222222],[177.43027777777777,-17.75472222222222],[177.43027777777777,-17.755]]],[[[177.42388888888888,-17.756944444444443],[177.42333333333332,-17.7575],[177.42333333333332,-17.756666666666664],[177.42388888888888,-17.75611111111111],[177.42805555555555,-17.75611111111111],[177.42805555555555,-17.756666666666664],[177.42833333333334,-17.756666666666664],[177.42833333333334,-17.756944444444443],[177.42388888888888,-17.756944444444443]]]]},"properties":{"level_m":0.5}},{"type":"Feature","geometry":{"type":"MultiPolygon","coordinates":[[[[177.47444444444443,-17.799999999999997],[177.4825,-17.799999999999997],[177.4825,-17.799722222222222],[177.48555555555555,-17.799444444444443],[177.48555555555555,-17.799166666666665],[177.48666666666665,-17.799166666666665],[177.48666666666665,-17.79888888888889],[177.48749999999998,-17.79888888888889],[177.48749999999998,-17.79861111111111],[177.48833333333332,-17.79861111111111],[177.48833333333332,-17.798333333333332],[177.48916666666665,-17.798333333333332],[177.48916666666665,-17.798055555555553],[177.49083333333334,-17.797777777777778],[177.49083333333334,-17.7975],[177.49194444444444,-17.79722222222222],[177.49194444444444,-17.796944444444442],[177.49277777777777,-17.796944444444442],[177.49277777777777,-17.796666666666667],[177.49388888888888,-17.796388888888888],[177.49388888888888,-17.79611111111111],[177.49444444444444,-17.79611111111111],[177.49444444444444,-17.79583333333333],[177.495,-17.79583333333333],[177.49555555555554,-17.795277777777777],[177.4972222222222,-17.79472222222222],[177.4972222222222,-17.794444444444444],[177.49833333333333,-17.794166666666666],[177.4986111111111,-17.79361111111111],[177.50027777777777,-17.793055555555554],[177.50055555555556,-17.7925],[177.50166666666667,-17.79222222222222],[177.50194444444443,-17.791666666666664],[177.50305555555556,-17.79138888888889],[177.50333333333333,-17.79083333333333],[177.50444444444443,-17.790555555555553],[177.50527777777776,-17.78972222222222],[177.50583333333333,-17.78972222222222],[177.5061111111111,-17.789166666666667],[177.50777777777776,-17.78861111111111],[177.50805555555556,-17.788055555555555],[177.50916666666666,-17.787777777777777],[177.50944444444443,-17.787222222222223],[177.51111111111112,-17.786666666666665],[177.5113888888889,-17.78611111111111],[177.51194444444445,-17.78611111111111],[177.5125,-17.785555555555554],[177.51305555555555,-17.785555555555554],[177.51305555555555,-17.785277777777775],[177.51527777777778,-17.784444444444443],[177.51583333333332,-17.78388888888889],[177.51694444444445,-17.78361111111111],[177.51694444444445,-17.78333333333333],[177.51777777777778,-17.78333333333333],[177.51777777777778,-17.783055555555553],[177.51888888888888,-17.782777777777778],[177.51888888888888,-17.7825],[177.5197222222222,-17.7825],[177.5197222222222,-17.785833333333333],[177.5186111111111,-17.785833333333333],[177.5186111111111,-17.78611111111111],[177.51749999999998,-17.786388888888887],[177.51749999999998,-17.786666666666665],[177.51583333333332,-17.787222222222223],[177.51527777777778,-17.787777777777777],[177.51472222222222,-17.787777777777777],[177.51472222222222,-17.788055555555555],[177.51416666666665,-17.788055555555555],[177.51361111111112,-17.78861111111111],[177.51305555555555,-17.78861111111111],[177.51305555555555,-17.788888888888888],[177.5125,-17.788888888888888],[177.51194444444445,-17.78944444444444],[177.5113888888889,-17.78944444444444],[177.51111111111112,-17.79],[177.51055555555556,-17.79],[177.50972222222222,-17.79083333333333],[177.50805555555556,-17.79138888888889],[177.50777777777776,-17.791944444444443],[177.50666666666666,-17.79222222222222],[177.5063888888889,-17.792777777777776],[177.50527777777776,-17.793055555555554],[177.505,-17.79361111111111],[177.50444444444443,-17.79361111111111],[177.5036111111111,-17.794444444444444],[177.5025,-17.79472222222222],[177.50222222222223,-17.795277777777777],[177.50055555555556,-17.79583333333333],[177.50027777777777,-17.796388888888888],[177.49805555555554,-17.79722222222222],[177.4972222222222,-17.798055555555553],[177.49555555555554,-17.79861111111111],[177.495,-17.799166666666665],[177.49416666666667,-17.799166666666665],[177.49416666666667,-17.799444444444443],[177.49305555555554,-17.799722222222222],[177.4925,-17.800277777777776],[177.49138888888888,-17.800555555555555],[177.49138888888888,-17.800833333333333],[177.4897222222222,-17.80111111111111],[177.4897222222222,-17.801388888888887],[177.48888888888888,-17.801388888888887],[177.48888888888888,-17.801666666666666],[177.48805555555555,-17.801666666666666],[177.48805555555555,-17.801944444444445],[177.48666666666665,-17.801944444444445],[177.48611111111111,-17.8025],[177.48499999999999,-17.8025],[177.48499999999999,-17.802777777777777],[177.4775,-17.803055555555556],[177.47722222222222,-17.80361111111111],[177.4788888888889,-17.805],[177.4788888888889,-17.805555555555554],[177.4763888888889,-17.806388888888886],[177.4763888888889,-17.803055555555556],[177.47666666666666,-17.802777777777777],[177.4736111111111,-17.799722222222222],[177.47444444444443,-17.799722222222222],[177.47444444444443,-17.799999999999997]],[[177.47722222222222,-17.80333333333333],[177.47694444444443,-17.803055555555556],[177.47694444444443,-17.80333333333333],[177.47722222222222,-17.80333333333333]]],[[[177.47472222222223,-17.80333333333333],[177.47472222222223,-17.80361111111111],[177.47416666666666,-17.80361111111111],[177.47416666666666,-17.80333333333333],[177.47277777777776,-17.80333333333333],[177.4725,-17.80361111111111],[177.4725,-17.80333333333333],[177.46972222222223,-17.803055555555556],[177.46972222222223,-17.802777777777777],[177.4686111111111,-17.802777777777777],[177.4686111111111,-17.8025],[177.46777777777777,-17.8025],[177.46777777777777,-17.80222222222222],[177.46666666666667,-17.80222222222222],[177.4661111111111,-17.801666666666666],[177.46527777777777,-17.801666666666666],[177.46527777777777,-17.801388888888887],[177.4647222222222,-17.801388888888887],[177.4647222222222,-17.80111111111111],[177.4636111111111,-17.800833333333333],[177.4636111111111,-17.800555555555555],[177.46277777777777,-17.800555555555555],[177.46277777777777,-17.800277777777776],[177.4622222222222,-17.800277777777776],[177.46166666666667,-17.799722222222222],[177.46055555555554,-17.799444444444443],[177.46027777777778,-17.79888888888889],[177.4597222222222,-17.79888888888889],[177.45916666666668,-17.798333333333332],[177.45749999999998,-17.797777777777778],[177.4572222222222,-17.79722222222222],[177.45555555555555,-17.796666666666667],[177.45527777777778,-17.79611111111111],[177.45416666666665,-17.79583333333333],[177.45388888888888,-17.795277777777777],[177.45277777777778,-17.794999999999998],[177.4525,-17.794444444444444],[177.45138888888889,-17.794166666666666],[177.45111111111112,-17.79361111111111],[177.45,-17.793333333333333],[177.44972222222222,-17.792777777777776],[177.44861111111112,-17.7925],[177.44833333333332,-17.791944444444443],[177.44666666666666,-17.79138888888889],[177.4463888888889,-17.79083333333333],[177.44527777777776,-17.790555555555553],[177.44472222222223,-17.79],[177.4436111111111,-17.78972222222222],[177.44333333333333,-17.789166666666667],[177.44277777777776,-17.789166666666667],[177.44222222222223,-17.78861111111111],[177.44166666666666,-17.78861111111111],[177.4411111111111,-17.788055555555555],[177.44027777777777,-17.788055555555555],[177.44027777777777,-17.787777777777777],[177.4386111111111,-17.787222222222223],[177.4386111111111,-17.786944444444444],[177.43777777777777,-17.786944444444444],[177.4375,-17.786388888888887],[177.43666666666667,-17.786388888888887],[177.4361111111111,-17.785833333333333],[177.43333333333334,-17.785277777777775],[177.43305555555554,-17.78472222222222],[177.4325,-17.785],[177.4325,-17.784444444444443],[177.4311111111111,-17.784444444444443],[177.4311111111111,-17.78388888888889],[177.4286111111111,-17.78361111111111],[177.4286111111111,-17.78333333333333],[177.42555555555555,-17.78333333333333],[177.42527777777778,-17.783055555555553],[177.42527777777778,-17.78333333333333],[177.42333333333332,-17.78333333333333],[177.42333333333332,-17.78361111111111],[177.42138888888888,-17.78361111111111],[177.42138888888888,-17.78388888888889],[177.42083333333332,-17.78361111111111],[177.42083333333332,-17.78388888888889],[177.41916666666665,-17.784166666666664],[177.41916666666665,-17.784444444444443],[177.41805555555555,-17.784444444444443],[177.41805555555555,-17.78472222222222],[177.4163888888889,-17.785],[177.41583333333332,-17.785555555555554],[177.415,-17.785555555555554],[177.415,-17.785833333333333],[177.4138888888889,-17.785833333333333],[177.4138888888889,-17.78611111111111],[177.41277777777776,-17.786388888888887],[177.41277777777776,-17.786666666666665],[177.4111111111111,-17.787222222222223],[177.41055555555556,-17.787777777777777],[177.41,-17.787777777777777],[177.41,-17.788055555555555],[177.40944444444443,-17.788055555555555],[177.4088888888889,-17.78861111111111],[177.40833333333333,-17.78861111111111],[177.40833333333333,-17.788888888888888],[177.40777777777777,-17.788888888888888],[177.40722222222223,-17.78944444444444],[177.40666666666667,-17.78944444444444],[177.4063888888889,-17.79],[177.40527777777777,-17.790277777777778],[177.405,-17.79083333333333],[177.40388888888887,-17.79111111111111],[177.4036111111111,-17.791666666666664],[177.40305555555554,-17.791666666666664],[177.4025,-17.79222222222222],[177.4025,-17.792777777777776],[177.40166666666667,-17.792777777777776],[177.40138888888887,-17.79222222222222],[177.40083333333334,-17.79222222222222],[177.40083333333334,-17.792777777777776],[177.4,-17.793333333333333],[177.4,-17.79111111111111],[177.40055555555554,-17.79083333333333],[177.40055555555554,-17.790277777777778],[177.40194444444444,-17.788888888888888],[177.40305555555554,-17.78861111111111],[177.40388888888887,-17.787777777777777],[177.40444444444444,-17.787777777777777],[177.4047222222222,-17.787222222222223],[177.4063888888889,-17.786666666666665],[177.40666666666667,-17.78611111111111],[177.40722222222223,-17.78611111111111],[177.40777777777777,-17.785555555555554],[177.40833333333333,-17.785555555555554],[177.40833333333333,-17.785277777777775],[177.41055555555556,-17.784444444444443],[177.4111111111111,-17.78388888888889],[177.41222222222223,-17.78361111111111],[177.41222222222223,-17.78333333333333],[177.41305555555556,-17.78333333333333],[177.41305555555556,-17.783055555555553],[177.41416666666666,-17.782777777777778],[177.41416666666666,-17.7825],[177.41666666666666,-17.781944444444445],[177.41666666666666,-17.781666666666666],[177.4175,-17.781666666666666],[177.4175,-17.781388888888888],[177.41833333333332,-17.781388888888888],[177.41833333333332,-17.78111111111111],[177.42083333333332,-17.780833333333334],[177.42083333333332,-17.780555555555555],[177.42249999999999,-17.780555555555555],[177.42249999999999,-17.780277777777776],[177.43,-17.780277777777776],[177.43,-17.780555555555555],[177.43166666666667,-17.780555555555555],[177.43166666666667,-17.780833333333334],[177.43388888888887,-17.78111111111111],[177.43388888888887,-17.781388888888888],[177.435,-17.781388888888888],[177.435,-17.781666666666666],[177.43583333333333,-17.781666666666666],[177.43583333333333,-17.781944444444445],[177.4375,-17.78222222222222],[177.43805555555556,-17.782777777777778],[177.4388888888889,-17.782777777777778],[177.43944444444443,-17.78333333333333],[177.44055555555556,-17.78361111111111],[177.44055555555556,-17.78388888888889],[177.4413888888889,-17.78388888888889],[177.44194444444443,-17.784444444444443],[177.4436111111111,-17.785],[177.4438888888889,-17.785555555555554],[177.44555555555556,-17.78611111111111],[177.4461111111111,-17.786666666666665],[177.44666666666666,-17.786666666666665],[177.44694444444443,-17.787222222222223],[177.44861111111112,-17.787777777777777],[177.4488888888889,-17.78833333333333],[177.45,-17.78861111111111],[177.45083333333332,-17.78944444444444],[177.45138888888889,-17.78944444444444],[177.45166666666665,-17.79],[177.45277777777778,-17.790277777777778],[177.45305555555555,-17.79083333333333],[177.45416666666665,-17.79111111111111],[177.45499999999998,-17.791944444444443],[177.45555555555555,-17.791944444444443],[177.45583333333332,-17.7925],[177.45749999999998,-17.793055555555554],[177.45777777777778,-17.79361111111111],[177.45833333333334,-17.79361111111111],[177.45888888888888,-17.794166666666666],[177.46055555555554,-17.79472222222222],[177.46083333333334,-17.795277777777777],[177.4625,-17.79583333333333],[177.46305555555554,-17.796388888888888],[177.46388888888887,-17.796388888888888],[177.46388888888887,-17.796666666666667],[177.465,-17.796944444444442],[177.46555555555554,-17.7975],[177.46638888888887,-17.7975],[177.46694444444444,-17.798055555555553],[177.46777777777777,-17.798055555555553],[177.46777777777777,-17.798333333333332],[177.4686111111111,-17.798333333333332],[177.4686111111111,-17.79861111111111],[177.46944444444443,-17.79861111111111],[177.46944444444443,-17.79888888888889],[177.47055555555556,-17.79888888888889],[177.47055555555556,-17.799166666666665],[177.47166666666666,-17.799166666666665],[177.47166666666666,-17.799444444444443],[177.47333333333333,-17.799722222222222],[177.4763888888889,-17.802777777777777],[177.47583333333333,-17.80333333333333],[177.47472222222223,-17.80333333333333]]],[[[177.42499999999998,-17.776944444444442],[177.42527777777778,-17.776666666666667],[177.42527777777778,-17.776944444444442],[177.43277777777777,-17.77722222222222],[177.43277777777777,-17.7775],[177.43444444444444,-17.777777777777775],[177.43444444444444,-17.778055555555554],[177.43555555555554,-17.778055555555554],[177.43555555555554,-17.778333333333332],[177.43638888888887,-17.778333333333332],[177.43638888888887,-17.77861111111111],[177.4375,-17.77861111111111],[177.4375,-17.778888888888886],[177.43833333333333,-17.778888888888886],[177.43833333333333,-17.779166666666665],[177.43916666666667,-17.779166666666665],[177.44,-17.779999999999998],[177.4413888888889,-17.780277777777776],[177.4413888888889,-17.780555555555555],[177.44305555555556,-17.78111111111111],[177.44305555555556,-17.781388888888888],[177.4438888888889,-17.781388888888888],[177.44416666666666,-17.781944444444445],[177.44583333333333,-17.7825],[177.4461111111111,-17.783055555555553],[177.44666666666666,-17.783055555555553],[177.44666666666666,-17.78333333333333],[177.4477777777778,-17.78361111111111],[177.44833333333332,-17.784166666666664],[177.4488888888889,-17.784166666666664],[177.44916666666666,-17.78472222222222],[177.45083333333332,-17.785277777777775],[177.45111111111112,-17.785833333333333],[177.45222222222222,-17.78611111111111],[177.4525,-17.786666666666665],[177.45361111111112,-17.786944444444444],[177.45388888888888,-17.787499999999998],[177.45499999999998,-17.787777777777777],[177.45583333333332,-17.78861111111111],[177.45638888888888,-17.78861111111111],[177.45666666666665,-17.789166666666667],[177.45777777777778,-17.78944444444444],[177.45805555555555,-17.79],[177.4597222222222,-17.790555555555553],[177.46,-17.79111111111111],[177.46166666666667,-17.791666666666664],[177.4622222222222,-17.79222222222222],[177.46444444444444,-17.793055555555554],[177.46444444444444,-17.793333333333333],[177.465,-17.793333333333333],[177.46555555555554,-17.793888888888887],[177.46638888888887,-17.793888888888887],[177.46638888888887,-17.794166666666666],[177.46805555555554,-17.794444444444444],[177.46805555555554,-17.79472222222222],[177.4688888888889,-17.79472222222222],[177.46944444444443,-17.795277777777777],[177.4713888888889,-17.795555555555556],[177.4713888888889,-17.79583333333333],[177.47222222222223,-17.79583333333333],[177.47222222222223,-17.79611111111111],[177.47333333333333,-17.79611111111111],[177.47333333333333,-17.796388888888888],[177.4738888888889,-17.79611111111111],[177.4738888888889,-17.796388888888888],[177.47555555555556,-17.796388888888888],[177.47555555555556,-17.796666666666667],[177.4775,-17.796666666666667],[177.4775,-17.796944444444442],[177.47777777777776,-17.796666666666667],[177.48111111111112,-17.796666666666667],[177.48111111111112,-17.796388888888888],[177.48333333333332,-17.79611111111111],[177.48333333333332,-17.795555555555556],[177.48472222222222,-17.795555555555556],[177.48472222222222,-17.794999999999998],[177.48555555555555,-17.795277777777777],[177.48583333333332,-17.79472222222222],[177.48666666666665,-17.79472222222222],[177.48666666666665,-17.794444444444444],[177.48805555555555,-17.794166666666666],[177.48805555555555,-17.793888888888887],[177.49055555555555,-17.793333333333333],[177.49083333333334,-17.792777777777776],[177.4922222222222,-17.7925],[177.4922222222222,-17.79222222222222],[177.49277777777777,-17.79222222222222],[177.49277777777777,-17.791944444444443],[177.49333333333334,-17.791944444444443],[177.49388888888888,-17.79138888888889],[177.49555555555554,-17.79083333333333],[177.49555555555554,-17.790555555555553],[177.49777777777777,-17.78972222222222],[177.49805555555554,-17.789166666666667],[177.4997222222222,-17.78861111111111],[177.5,-17.788055555555555],[177.5011111111111,-17.787777777777777],[177.50194444444443,-17.786944444444444],[177.5025,-17.786944444444444],[177.50277777777777,-17.786388888888887],[177.50333333333333,-17.786388888888887],[177.50416666666666,-17.785555555555554],[177.50527777777776,-17.785277777777775],[177.50555555555556,-17.78472222222222],[177.50722222222223,-17.784166666666664],[177.5075,-17.78361111111111],[177.5086111111111,-17.78333333333333],[177.50944444444443,-17.7825],[177.51055555555556,-17.78222222222222],[177.51083333333332,-17.781666666666666],[177.51194444444445,-17.781388888888888],[177.51194444444445,-17.78111111111111],[177.51361111111112,-17.780555555555555],[177.51416666666665,-17.779999999999998],[177.51638888888888,-17.779166666666665],[177.51638888888888,-17.778888888888886],[177.51722222222222,-17.778888888888886],[177.51722222222222,-17.77861111111111],[177.51833333333332,-17.778333333333332],[177.51833333333332,-17.778055555555554],[177.51916666666665,-17.778055555555554],[177.51916666666665,-17.777777777777775],[177.5197222222222,-17.777777777777775],[177.5197222222222,-17.781944444444445],[177.51749999999998,-17.782777777777778],[177.51749999999998,-17.783055555555553],[177.51666666666665,-17.783055555555553],[177.51611111111112,-17.78361111111111],[177.51555555555555,-17.78361111111111],[177.51555555555555,-17.78388888888889],[177.515,-17.78388888888889],[177.51444444444445,-17.784444444444443],[177.51388888888889,-17.784444444444443],[177.51388888888889,-17.78472222222222],[177.51333333333332,-17.78472222222222],[177.51277777777779,-17.785277777777775],[177.51111111111112,-17.785833333333333],[177.51083333333332,-17.786388888888887],[177.50916666666666,-17.786944444444444],[177.5088888888889,-17.787499999999998],[177.50777777777776,-17.787777777777777],[177.5075,-17.78833333333333],[177.50694444444443,-17.78833333333333],[177.5063888888889,-17.788888888888888],[177.50583333333333,-17.788888888888888],[177.50555555555556,-17.78944444444444],[177.50444444444443,-17.78972222222222],[177.50416666666666,-17.790277777777778],[177.50305555555556,-17.790555555555553],[177.50222222222223,-17.79138888888889],[177.50166666666667,-17.79138888888889],[177.5013888888889,-17.791944444444443],[177.50027777777777,-17.79222222222222],[177.5,-17.792777777777776],[177.49833333333333,-17.793333333333333],[177.49805555555554,-17.793888888888887],[177.49638888888887,-17.794444444444444],[177.49583333333334,-17.794999999999998],[177.49527777777777,-17.794999999999998],[177.49527777777777,-17.795277777777777],[177.4947222222222,-17.795277777777777],[177.4947222222222,-17.795555555555556],[177.4936111111111,-17.79583333333333],[177.4936111111111,-17.79611111111111],[177.49305555555554,-17.79611111111111],[177.4925,-17.796666666666667],[177.49166666666667,-17.796666666666667],[177.4911111111111,-17.79722222222222],[177.49055555555555,-17.79722222222222],[177.49055555555555,-17.7975],[177.48805555555555,-17.798055555555553],[177.48805555555555,-17.798333333333332],[177.48722222222221,-17.798333333333332],[177.48722222222221,-17.79861111111111],[177.48638888888888,-17.79861111111111],[177.48638888888888,-17.79888888888889],[177.48388888888888,-17.799166666666665],[177.48388888888888,-17.799444444444443],[177.48222222222222,-17.799444444444443],[177.48222222222222,-17.799722222222222],[177.47472222222223,-17.799722222222222],[177.47472222222223,-17.799444444444443],[177.47305555555556,-17.799444444444443],[177.47305555555556,-17.799166666666665],[177.46972222222223,-17.79861111111111],[177.46972222222223,-17.798333333333332],[177.4688888888889,-17.798333333333332],[177.4688888888889,-17.798055555555553],[177.4672222222222,-17.797777777777778],[177.46666666666667,-17.79722222222222],[177.46583333333334,-17.79722222222222],[177.46583333333334,-17.796944444444442],[177.4647222222222,-17.796666666666667],[177.46416666666667,-17.79611111111111],[177.46333333333334,-17.79611111111111],[177.46333333333334,-17.79583333333333],[177.4622222222222,-17.795555555555556],[177.46166666666667,-17.794999999999998],[177.4611111111111,-17.794999999999998],[177.46083333333334,-17.794444444444444],[177.46027777777778,-17.794444444444444],[177.46027777777778,-17.794166666666666],[177.4597222222222,-17.794166666666666],[177.45916666666668,-17.79361111111111],[177.45805555555555,-17.793333333333333],[177.45777777777778,-17.792777777777776],[177.4561111111111,-17.79222222222222],[177.45583333333332,-17.791666666666664],[177.45472222222222,-17.79138888888889],[177.45444444444445,-17.79083333333333],[177.45333333333332,-17.790555555555553],[177.45305555555555,-17.79],[177.45194444444445,-17.78972222222222],[177.45111111111112,-17.788888888888888],[177.45055555555555,-17.788888888888888],[177.45027777777779,-17.78833333333333],[177.44916666666666,-17.788055555555555],[177.4488888888889,-17.787499999999998],[177.44722222222222,-17.786944444444444],[177.44694444444443,-17.786388888888887],[177.44527777777776,-17.785833333333333],[177.44472222222223,-17.785277777777775],[177.44416666666666,-17.785277777777775],[177.4438888888889,-17.78472222222222],[177.44277777777776,-17.784444444444443],[177.44277777777776,-17.784166666666664],[177.44166666666666,-17.78388888888889],[177.44166666666666,-17.78361111111111],[177.44083333333333,-17.78361111111111],[177.44083333333333,-17.78333333333333],[177.44027777777777,-17.78333333333333],[177.44027777777777,-17.783055555555553],[177.43916666666667,-17.782777777777778],[177.43916666666667,-17.7825],[177.43833333333333,-17.7825],[177.43777777777777,-17.781944444444445],[177.43694444444444,-17.781944444444445],[177.43694444444444,-17.781666666666666],[177.4361111111111,-17.781666666666666],[177.4361111111111,-17.781388888888888],[177.43527777777777,-17.781388888888888],[177.43527777777777,-17.78111111111111],[177.43416666666667,-17.78111111111111],[177.43416666666667,-17.780833333333334],[177.43305555555554,-17.780833333333334],[177.43305555555554,-17.780555555555555],[177.43194444444444,-17.780555555555555],[177.43194444444444,-17.780277777777776],[177.43027777777777,-17.780277777777776],[177.43027777777777,-17.779999999999998],[177.42222222222222,-17.779999999999998],[177.42222222222222,-17.780277777777776],[177.42083333333332,-17.780277777777776],[177.42361111111111,-17.7775],[177.42361111111111,-17.776944444444442],[177.42499999999998,-17.776944444444442]]],[[[177.41916666666665,-17.780555555555555],[177.41916666666665,-17.780833333333334],[177.41805555555555,-17.780833333333334],[177.41805555555555,-17.78111111111111],[177.41722222222222,-17.78111111111111],[177.41722222222222,-17.781388888888888],[177.4163888888889,-17.781388888888888],[177.4163888888889,-17.781666666666666],[177.41555555555556,-17.781666666666666],[177.41555555555556,-17.781944444444445],[177.4138888888889,-17.78222222222222],[177.4138888888889,-17.7825],[177.41333333333333,-17.7825],[177.41277777777776,-17.783055555555553],[177.41194444444443,-17.783055555555553],[177.4113888888889,-17.78361111111111],[177.41083333333333,-17.78361111111111],[177.41083333333333,-17.78388888888889],[177.41027777777776,-17.78388888888889],[177.40972222222223,-17.784444444444443],[177.40916666666666,-17.784444444444443],[177.40916666666666,-17.78472222222222],[177.4086111111111,-17.78472222222222],[177.40805555555556,-17.785277777777775],[177.4063888888889,-17.785833333333333],[177.4061111111111,-17.786388888888887],[177.40444444444444,-17.786944444444444],[177.40416666666667,-17.787499999999998],[177.40305555555554,-17.787777777777777],[177.40277777777777,-17.78833333333333],[177.4022222222222,-17.78833333333333],[177.40166666666667,-17.788888888888888],[177.4,-17.78861111111111],[177.40027777777777,-17.78472222222222],[177.40083333333334,-17.785],[177.40138888888887,-17.784444444444443],[177.4025,-17.784166666666664],[177.40277777777777,-17.78361111111111],[177.40388888888887,-17.78333333333333],[177.40416666666667,-17.782777777777778],[177.40583333333333,-17.78222222222222],[177.4061111111111,-17.781666666666666],[177.40722222222223,-17.781388888888888],[177.40722222222223,-17.78111111111111],[177.4088888888889,-17.780555555555555],[177.40944444444443,-17.779999999999998],[177.41166666666666,-17.779166666666665],[177.41166666666666,-17.778888888888886],[177.4125,-17.778888888888886],[177.4125,-17.77861111111111],[177.4136111111111,-17.778333333333332],[177.4136111111111,-17.778055555555554],[177.41666666666666,-17.7775],[177.41666666666666,-17.77722222222222],[177.41861111111112,-17.776944444444442],[177.41861111111112,-17.776666666666667],[177.41972222222222,-17.776666666666667],[177.42,-17.776944444444442],[177.42,-17.77638888888889],[177.42027777777778,-17.776666666666667],[177.42194444444445,-17.776666666666667],[177.42222222222222,-17.776944444444442],[177.42222222222222,-17.77638888888889],[177.42277777777778,-17.776666666666667],[177.42277777777778,-17.774444444444445],[177.42333333333332,-17.774166666666666],[177.42333333333332,-17.7775],[177.42055555555555,-17.779999999999998],[177.42055555555555,-17.780555555555555],[177.41916666666665,-17.780555555555555]]],[[[177.44805555555556,-17.764722222222222],[177.4477777777778,-17.764444444444443],[177.44805555555556,-17.764444444444443],[177.44805555555556,-17.764722222222222]]],[[[177.44694444444443,-17.764166666666664],[177.44694444444443,-17.76388888888889],[177.4475,-17.76388888888889],[177.4477777777778,-17.764444444444443],[177.44694444444443,-17.764166666666664]]],[[[177.42916666666667,-17.752499999999998],[177.43,-17.752499999999998],[177.43055555555554,-17.753055555555555],[177.43138888888888,-17.753055555555555],[177.43138888888888,-17.753333333333334],[177.43194444444444,-17.753333333333334],[177.43194444444444,-17.75361111111111],[177.43305555555554,-17.753888888888888],[177.43305555555554,-17.754166666666666],[177.4347222222222,-17.75472222222222],[177.4347222222222,-17.755],[177.43527777777777,-17.755],[177.43555555555554,-17.755555555555553],[177.43666666666667,-17.75583333333333],[177.43694444444444,-17.75638888888889],[177.4375,-17.75638888888889],[177.4386111111111,-17.7575],[177.43916666666667,-17.7575],[177.43944444444443,-17.758055555555554],[177.44,-17.758055555555554],[177.44027777777777,-17.75861111111111],[177.44083333333333,-17.75861111111111],[177.4413888888889,-17.759444444444444],[177.44194444444443,-17.759444444444444],[177.4425,-17.760277777777777],[177.44305555555556,-17.760277777777777],[177.44527777777776,-17.7625],[177.44583333333333,-17.7625],[177.44694444444443,-17.76388888888889],[177.44472222222223,-17.763055555555553],[177.44444444444443,-17.7625],[177.44277777777776,-17.761944444444442],[177.44222222222223,-17.761388888888888],[177.44166666666666,-17.761388888888888],[177.44166666666666,-17.76111111111111],[177.4411111111111,-17.76111111111111],[177.4411111111111,-17.76083333333333],[177.44027777777777,-17.76083333333333],[177.43972222222223,-17.760277777777777],[177.43916666666667,-17.760277777777777],[177.43916666666667,-17.759999999999998],[177.43833333333333,-17.759999999999998],[177.43777777777777,-17.759444444444444],[177.43694444444444,-17.759444444444444],[177.43694444444444,-17.759166666666665],[177.4361111111111,-17.759166666666665],[177.4361111111111,-17.758888888888887],[177.43444444444444,-17.75861111111111],[177.43444444444444,-17.758333333333333],[177.43333333333334,-17.758333333333333],[177.43333333333334,-17.758055555555554],[177.4322222222222,-17.758055555555554],[177.4322222222222,-17.757777777777775],[177.42833333333334,-17.7575],[177.42833333333334,-17.756944444444443],[177.4286111111111,-17.756944444444443],[177.42833333333334,-17.756666666666664],[177.42833333333334,-17.752222222222223],[177.42916666666667,-17.752222222222223],[177.42916666666667,-17.752499999999998]],[[177.4286111111111,-17.756666666666664],[177.42888888888888,-17.75638888888889],[177.4286111111111,-17.75638888888889],[177.4286111111111,-17.756666666666664]],[[177.42888888888888,-17.75638888888889],[177.42916666666667,-17.75611111111111],[177.42888888888888,-17.75611111111111],[177.42888888888888,-17.75638888888889]],[[177.42916666666667,-17.75611111111111],[177.42944444444444,-17.75583333333333],[177.42916666666667,-17.75583333333333],[177.42916666666667,-17.75611111111111]],[[177.42944444444444,-17.75583333333333],[177.4297222222222,-17.755555555555553],[177.42944444444444,-17.755555555555553],[177.42944444444444,-17.75583333333333]],[[177.4297222222222,-17.755555555555553],[177.43,-17.755277777777778],[177.4297222222222,-17.755277777777778],[177.4297222222222,-17.755555555555553]],[[177.43,-17.755277777777778],[177.43027777777777,-17.755],[177.43,-17.755],[177.43,-17.755277777777778]],[[177.43027777777777,-17.755],[177.43055555555554,-17.75472222222222],[177.43027777777777,-17.75472222222222],[177.43027777777777,-17.755]]],[[[177.42388888888888,-17.756944444444443],[177.42333333333332,-17.7575],[177.42333333333332,-17.755555555555553],[177.42388888888888,-17.755],[177.42805555555555,-17.755],[177.42805555555555,-17.756666666666664],[177.42833333333334,-17.756944444444443],[177.42388888888888,-17.756944444444443]]]]},"properties":{"level_m":1.0}},{"type":"Feature","geometry":{"type":"MultiPolygon","coordinates":[[[[177.47833333333332,-17.804444444444442],[177.48,-17.80611111111111],[177.48,-17.806666666666665],[177.4786111111111,-17.806944444444444],[177.47805555555556,-17.807499999999997],[177.47722222222222,-17.807499999999997],[177.47722222222222,-17.807777777777776],[177.4763888888889,-17.807777777777776],[177.4763888888889,-17.80472222222222],[177.4761111111111,-17.805],[177.47472222222223,-17.805],[177.47472222222223,-17.805277777777775],[177.47416666666666,-17.805277777777775],[177.47416666666666,-17.805],[177.4725,-17.805277777777775],[177.4725,-17.805],[177.46972222222223,-17.80472222222222],[177.46972222222223,-17.804444444444442],[177.4686111111111,-17.804444444444442],[177.4686111111111,-17.804166666666667],[177.46777777777777,-17.804166666666667],[177.46777777777777,-17.80388888888889],[177.46666666666667,-17.80388888888889],[177.4661111111111,-17.80333333333333],[177.46527777777777,-17.80333333333333],[177.46527777777777,-17.803055555555556],[177.46416666666667,-17.802777777777777],[177.46416666666667,-17.8025],[177.4636111111111,-17.8025],[177.4636111111111,-17.80222222222222],[177.46277777777777,-17.80222222222222],[177.46277777777777,-17.801944444444445],[177.46166666666667,-17.801666666666666],[177.46166666666667,-17.801388888888887],[177.46055555555554,-17.80111111111111],[177.46027777777778,-17.800555555555555],[177.4597222222222,-17.800555555555555],[177.45916666666668,-17.799999999999997],[177.45749999999998,-17.799444444444443],[177.4572222222222,-17.79888888888889],[177.45555555555555,-17.798333333333332],[177.45527777777778,-17.797777777777778],[177.45416666666665,-17.7975],[177.45388888888888,-17.796944444444442],[177.45277777777778,-17.796666666666667],[177.45194444444445,-17.79583333333333],[177.45138888888889,-17.79583333333333],[177.45111111111112,-17.795277777777777],[177.45,-17.794999999999998],[177.44972222222222,-17.794444444444444],[177.44861111111112,-17.794166666666666],[177.44833333333332,-17.79361111111111],[177.44666666666666,-17.793055555555554],[177.4463888888889,-17.7925],[177.44583333333333,-17.7925],[177.44583333333333,-17.79222222222222],[177.44527777777776,-17.79222222222222],[177.44472222222223,-17.791666666666664],[177.4436111111111,-17.79138888888889],[177.44333333333333,-17.79083333333333],[177.44277777777776,-17.79083333333333],[177.44277777777776,-17.790555555555553],[177.4411111111111,-17.79],[177.4411111111111,-17.78972222222222],[177.44027777777777,-17.78972222222222],[177.44027777777777,-17.78944444444444],[177.4386111111111,-17.788888888888888],[177.4386111111111,-17.78861111111111],[177.43777777777777,-17.78861111111111],[177.4375,-17.788055555555555],[177.43666666666667,-17.788055555555555],[177.4361111111111,-17.787499999999998],[177.43333333333334,-17.786944444444444],[177.43305555555554,-17.786388888888887],[177.4325,-17.786666666666665],[177.4322222222222,-17.78611111111111],[177.4311111111111,-17.78611111111111],[177.43055555555554,-17.785555555555554],[177.42916666666667,-17.785555555555554],[177.42916666666667,-17.785277777777775],[177.42805555555555,-17.785],[177.42805555555555,-17.78472222222222],[177.4272222222222,-17.78472222222222],[177.4272222222222,-17.784444444444443],[177.42472222222221,-17.784444444444443],[177.42472222222221,-17.78472222222222],[177.42277777777778,-17.78472222222222],[177.42277777777778,-17.785],[177.42194444444445,-17.78472222222222],[177.42194444444445,-17.785],[177.42,-17.785277777777775],[177.42,-17.785555555555554],[177.41916666666665,-17.785555555555554],[177.41916666666665,-17.785833333333333],[177.4175,-17.785833333333333],[177.4175,-17.78611111111111],[177.4163888888889,-17.786388888888887],[177.4163888888889,-17.786666666666665],[177.41527777777776,-17.786666666666665],[177.41527777777776,-17.786944444444444],[177.4136111111111,-17.787499999999998],[177.41305555555556,-17.788055555555555],[177.41194444444443,-17.788055555555555],[177.4113888888889,-17.78861111111111],[177.40972222222223,-17.789166666666667],[177.40944444444443,-17.78972222222222],[177.40777777777777,-17.790277777777778],[177.40722222222223,-17.79083333333333],[177.40666666666667,-17.79083333333333],[177.40666666666667,-17.79111111111111],[177.4061111111111,-17.79111111111111],[177.40583333333333,-17.791666666666664],[177.4047222222222,-17.791944444444443],[177.40444444444444,-17.7925],[177.40388888888887,-17.7925],[177.40305555555554,-17.793888888888887],[177.40194444444444,-17.793055555555554],[177.40027777777777,-17.794999999999998],[177.4,-17.794999999999998],[177.4,-17.79111111111111],[177.40055555555554,-17.79083333333333],[177.40055555555554,-17.790277777777778],[177.40194444444444,-17.788888888888888],[177.40305555555554,-17.78861111111111],[177.40388888888887,-17.787777777777777],[177.40444444444444,-17.787777777777777],[177.4047222222222,-17.787222222222223],[177.4063888888889,-17.786666666666665],[177.40666666666667,-17.78611111111111],[177.40722222222223,-17.78611111111111],[177.40777777777777,-17.785555555555554],[177.40833333333333,-17.785555555555554],[177.40833333333333,-17.785277777777775],[177.41055555555556,-17.784444444444443],[177.4111111111111,-17.78388888888889],[177.41222222222223,-17.78361111111111],[177.41222222222223,-17.78333333333333],[177.41305555555556,-17.78333333333333],[177.41305555555556,-17.783055555555553],[177.41416666666666,-17.782777777777778],[177.41416666666666,-17.7825],[177.41666666666666,-17.781944444444445],[177.41666666666666,-17.781666666666666],[177.4175,-17.781666666666666],[177.4175,-17.781388888888888],[177.41833333333332,-17.781388888888888],[177.41833333333332,-17.78111111111111],[177.42083333333332,-17.780833333333334],[177.42083333333332,-17.780555555555555],[177.42249999999999,-17.780555555555555],[177.42249999999999,-17.780277777777776],[177.43,-17.780277777777776],[177.43,-17.780555555555555],[177.43166666666667,-17.780555555555555],[177.43166666666667,-17.780833333333334],[177.43388888888887,-17.78111111111111],[177.43388888888887,-17.781388888888888],[177.435,-17.781388888888888],[177.435,-17.781666666666666],[177.43583333333333,-17.781666666666666],[177.43583333333333,-17.781944444444445],[177.4375,-17.78222222222222],[177.43805555555556,-17.782777777777778],[177.4388888888889,-17.782777777777778],[177.43944444444443,-17.78333333333333],[177.44055555555556,-17.78361111111111],[177.44055555555556,-17.78388888888889],[177.4413888888889,-17.78388888888889],[177.44194444444443,-17.784444444444443],[177.4436111111111,-17.785],[177.4438888888889,-17.785555555555554],[177.44555555555556,-17.78611111111111],[177.4461111111111,-17.786666666666665],[177.44666666666666,-17.786666666666665],[177.44694444444443,-17.787222222222223],[177.44861111111112,-17.787777777777777],[177.4488888888889,-17.78833333333333],[177.45,-17.78861111111111],[177.45083333333332,-17.78944444444444],[177.45138888888889,-17.78944444444444],[177.45166666666665,-17.79],[177.45277777777778,-17.790277777777778],[177.45305555555555,-17.79083333333333],[177.45416666666665,-17.79111111111111],[177.45499999999998,-17.791944444444443],[177.45555555555555,-17.791944444444443],[177.45583333333332,-17.7925],[177.45749999999998,-17.793055555555554],[177.45777777777778,-17.79361111111111],[177.45833333333334,-17.79361111111111],[177.45888888888888,-17.794166666666666],[177.46055555555554,-17.79472222222222],[177.46083333333334,-17.795277777777777],[177.4625,-17.79583333333333],[177.46305555555554,-17.796388888888888],[177.46388888888887,-17.796388888888888],[177.46388888888887,-17.796666666666667],[177.465,-17.796944444444442],[177.46555555555554,-17.7975],[177.46638888888887,-17.7975],[177.46694444444444,-17.798055555555553],[177.46777777777777,-17.798055555555553],[177.46777777777777,-17.798333333333332],[177.4686111111111,-17.798333333333332],[177.4686111111111,-17.79861111111111],[177.46944444444443,-17.79861111111111],[177.46944444444443,-17.79888888888889],[177.47055555555556,-17.79888888888889],[177.47055555555556,-17.799166666666665],[177.47166666666666,-17.799166666666665],[177.47166666666666,-17.799444444444443],[177.47277777777776,-17.799444444444443],[177.47333333333333,-17.799999999999997],[177.4736111111111,-17.799722222222222],[177.47444444444443,-17.799722222222222],[177.47444444444443,-17.799999999999997],[177.4825,-17.799999999999997],[177.4825,-17.799722222222222],[177.48416666666665,-17.799722222222222],[177.48416666666665,-17.799444444444443],[177.48666666666665,-17.799166666666665],[177.48666666666665,-17.79888888888889],[177.48749999999998,-17.79888888888889],[177.48749999999998,-17.79861111111111],[177.48833333333332,-17.79861111111111],[177.48833333333332,-17.798333333333332],[177.48916666666665,-17.798333333333332],[177.48916666666665,-17.798055555555553],[177.49083333333334,-17.797777777777778],[177.49083333333334,-17.7975],[177.49194444444444,-17.79722222222222],[177.49194444444444,-17.796944444444442],[177.49277777777777,-17.796944444444442],[177.49277777777777,-17.796666666666667],[177.49388888888888,-17.796388888888888],[177.49388888888888,-17.79611111111111],[177.49444444444444,-17.79611111111111],[177.49444444444444,-17.79583333333333],[177.495,-17.79583333333333],[177.49555555555554,-17.795277777777777],[177.4972222222222,-17.79472222222222],[177.4972222222222,-17.794444444444444],[177.49833333333333,-17.794166666666666],[177.4986111111111,-17.79361111111111],[177.50027777777777,-17.793055555555554],[177.50055555555556,-17.7925],[177.50166666666667,-17.79222222222222],[177.50194444444443,-17.791666666666664],[177.50305555555556,-17.79138888888889],[177.50333333333333,-17.79083333333333],[177.50444444444443,-17.790555555555553],[177.50527777777776,-17.78972222222222],[177.50583333333333,-17.78972222222222],[177.5061111111111,-17.789166666666667],[177.50777777777776,-17.78861111111111],[177.50805555555556,-17.788055555555555],[177.50916666666666,-17.787777777777777],[177.50944444444443,-17.787222222222223],[177.51111111111112,-17.786666666666665],[177.5113888888889,-17.78611111111111],[177.51194444444445,-17.78611111111111],[177.5125,-17.785555555555554],[177.51305555555555,-17.785555555555554],[177.51305555555555,-17.785277777777775],[177.51527777777778,-17.784444444444443],[177.51583333333332,-17.78388888888889],[177.51694444444445,-17.78361111111111],[177.51694444444445,-17.78333333333333],[177.51777777777778,-17.78333333333333],[177.51777777777778,-17.783055555555553],[177.51888888888888,-17.782777777777778],[177.51888888888888,-17.7825],[177.5197222222222,-17.7825],[177.5197222222222,-17.786944444444444],[177.51944444444445,-17.787222222222223],[177.51833333333332,-17.787499999999998],[177.51777777777778,-17.788055555555555],[177.51666666666665,-17.788055555555555],[177.51611111111112,-17.78861111111111],[177.51444444444445,-17.789166666666667],[177.51416666666665,-17.78972222222222],[177.5125,-17.790277777777778],[177.51194444444445,-17.79083333333333],[177.5113888888889,-17.79083333333333],[177.5113888888889,-17.79111111111111],[177.51083333333332,-17.79111111111111],[177.51055555555556,-17.791666666666664],[177.5088888888889,-17.79222222222222],[177.5086111111111,-17.792777777777776],[177.5075,-17.793055555555554],[177.50666666666666,-17.793888888888887],[177.5061111111111,-17.793888888888887],[177.50583333333333,-17.794444444444444],[177.50472222222223,-17.79472222222222],[177.5038888888889,-17.795555555555556],[177.50333333333333,-17.795555555555556],[177.50305555555556,-17.79611111111111],[177.5013888888889,-17.796666666666667],[177.5011111111111,-17.79722222222222],[177.5,-17.7975],[177.4997222222222,-17.798055555555553],[177.49805555555554,-17.79861111111111],[177.49805555555554,-17.79888888888889],[177.49694444444444,-17.799166666666665],[177.49694444444444,-17.799444444444443],[177.49638888888887,-17.799444444444443],[177.49638888888887,-17.799722222222222],[177.49583333333334,-17.799722222222222],[177.49555555555554,-17.800277777777776],[177.49388888888888,-17.800833333333333],[177.49388888888888,-17.80111111111111],[177.49305555555554,-17.80111111111111],[177.4925,-17.801666666666666],[177.49166666666667,-17.801666666666666],[177.49166666666667,-17.801944444444445],[177.49083333333334,-17.801944444444445],[177.49083333333334,-17.80222222222222],[177.49,-17.80222222222222],[177.4897222222222,-17.802777777777777],[177.48888888888888,-17.802777777777777],[177.48888888888888,-17.803055555555556],[177.48666666666665,-17.80333333333333],[177.48666666666665,-17.80361111111111],[177.48555555555555,-17.80361111111111],[177.48555555555555,-17.80388888888889],[177.48388888888888,-17.80388888888889],[177.48388888888888,-17.804166666666667],[177.47833333333332,-17.804444444444442]],[[177.4736111111111,-17.799999999999997],[177.4738888888889,-17.800277777777776],[177.4738888888889,-17.799999999999997],[177.4736111111111,-17.799999999999997]],[[177.4738888888889,-17.800277777777776],[177.47416666666666,-17.800555555555555],[177.47416666666666,-17.800277777777776],[177.4738888888889,-17.800277777777776]],[[177.47416666666666,-17.800555555555555],[177.47444444444443,-17.800833333333333],[177.47444444444443,-17.800555555555555],[177.47416666666666,-17.800555555555555]],[[177.47444444444443,-17.800833333333333],[177.47472222222223,-17.80111111111111],[177.47472222222223,-17.800833333333333],[177.47444444444443,-17.800833333333333]],[[177.47472222222223,-17.80111111111111],[177.475,-17.801388888888887],[177.475,-17.80111111111111],[177.47472222222223,-17.80111111111111]],[[177.475,-17.801388888888887],[177.47527777777776,-17.801666666666666],[177.47527777777776,-17.801388888888887],[177.475,-17.801388888888887]],[[177.47527777777776,-17.801666666666666],[177.47555555555556,-17.801944444444445],[177.47555555555556,-17.801666666666666],[177.47527777777776,-17.801666666666666]],[[177.47555555555556,-17.801944444444445],[177.47583333333333,-17.80222222222222],[177.47583333333333,-17.801944444444445],[177.47555555555556,-17.801944444444445]],[[177.47583333333333,-17.80222222222222],[177.4761111111111,-17.8025],[177.4761111111111,-17.80222222222222],[177.47583333333333,-17.80222222222222]],[[177.4761111111111,-17.8025],[177.4763888888889,-17.802777777777777],[177.4763888888889,-17.8025],[177.4761111111111,-17.8025]],[[177.4763888888889,-17.802777777777777],[177.47666666666666,-17.803055555555556],[177.47666666666666,-17.802777777777777],[177.4763888888889,-17.802777777777777]],[[177.47833333333332,-17.804444444444442],[177.47805555555556,-17.804166666666667],[177.47805555555556,-17.804444444444442],[177.47833333333332,-17.804444444444442]]],[[[177.42472222222221,-17.775277777777777],[177.42527777777778,-17.77583333333333],[177.4261111111111,-17.77583333333333],[177.4261111111111,-17.775555555555556],[177.4286111111111,-17.775555555555556],[177.4286111111111,-17.77583333333333],[177.43333333333334,-17.77611111111111],[177.43388888888887,-17.776666666666667],[177.43444444444444,-17.77638888888889],[177.43444444444444,-17.776666666666667],[177.43527777777777,-17.776666666666667],[177.43527777777777,-17.776944444444442],[177.43638888888887,-17.776944444444442],[177.43638888888887,-17.77722222222222],[177.4372222222222,-17.77722222222222],[177.4372222222222,-17.7775],[177.43805555555556,-17.7775],[177.4386111111111,-17.778055555555554],[177.43944444444443,-17.778055555555554],[177.44,-17.77861111111111],[177.44083333333333,-17.77861111111111],[177.4413888888889,-17.779166666666665],[177.44277777777776,-17.779444444444444],[177.4438888888889,-17.780555555555555],[177.44472222222223,-17.780555555555555],[177.44527777777776,-17.78111111111111],[177.44694444444443,-17.781666666666666],[177.44722222222222,-17.78222222222222],[177.44833333333332,-17.7825],[177.44916666666666,-17.78333333333333],[177.44972222222222,-17.78333333333333],[177.45,-17.78388888888889],[177.45166666666665,-17.784444444444443],[177.45194444444445,-17.785],[177.45305555555555,-17.785277777777775],[177.45333333333332,-17.785833333333333],[177.45444444444445,-17.78611111111111],[177.45472222222222,-17.786666666666665],[177.45583333333332,-17.786944444444444],[177.45666666666665,-17.787777777777777],[177.4572222222222,-17.787777777777777],[177.45749999999998,-17.78833333333333],[177.4597222222222,-17.789166666666667],[177.46,-17.78972222222222],[177.46166666666667,-17.790277777777778],[177.4622222222222,-17.79083333333333],[177.46277777777777,-17.79083333333333],[177.46277777777777,-17.79111111111111],[177.46333333333334,-17.79111111111111],[177.46388888888887,-17.791666666666664],[177.4647222222222,-17.791666666666664],[177.4647222222222,-17.791944444444443],[177.46583333333334,-17.79222222222222],[177.46638888888887,-17.792777777777776],[177.4672222222222,-17.792777777777776],[177.4672222222222,-17.793055555555554],[177.4686111111111,-17.793333333333333],[177.46916666666667,-17.793888888888887],[177.47,-17.793888888888887],[177.47,-17.794166666666666],[177.4713888888889,-17.794166666666666],[177.4713888888889,-17.794444444444444],[177.47222222222223,-17.794444444444444],[177.47222222222223,-17.79472222222222],[177.47444444444443,-17.794999999999998],[177.47444444444443,-17.795277777777777],[177.47527777777776,-17.794999999999998],[177.47527777777776,-17.795277777777777],[177.47694444444443,-17.795277777777777],[177.47694444444443,-17.795555555555556],[177.47972222222222,-17.795555555555556],[177.47972222222222,-17.795277777777777],[177.48111111111112,-17.794999999999998],[177.48166666666665,-17.794444444444444],[177.48305555555555,-17.794444444444444],[177.48333333333332,-17.793888888888887],[177.48472222222222,-17.793888888888887],[177.48472222222222,-17.793333333333333],[177.48527777777778,-17.79361111111111],[177.48583333333332,-17.793055555555554],[177.48749999999998,-17.792777777777776],[177.48805555555555,-17.79222222222222],[177.49055555555555,-17.791666666666664],[177.49083333333334,-17.79111111111111],[177.4922222222222,-17.79083333333333],[177.4922222222222,-17.790555555555553],[177.49333333333334,-17.790277777777778],[177.49333333333334,-17.79],[177.495,-17.78944444444444],[177.49555555555554,-17.788888888888888],[177.4961111111111,-17.788888888888888],[177.4961111111111,-17.78861111111111],[177.49666666666667,-17.78861111111111],[177.4972222222222,-17.788055555555555],[177.49777777777777,-17.788055555555555],[177.49805555555554,-17.787499999999998],[177.4997222222222,-17.786944444444444],[177.5,-17.786388888888887],[177.5011111111111,-17.78611111111111],[177.50194444444443,-17.785277777777775],[177.5025,-17.785277777777775],[177.50277777777777,-17.78472222222222],[177.5038888888889,-17.784444444444443],[177.50416666666666,-17.78388888888889],[177.50527777777776,-17.78361111111111],[177.50555555555556,-17.783055555555553],[177.50722222222223,-17.7825],[177.5075,-17.781944444444445],[177.5086111111111,-17.781666666666666],[177.50944444444443,-17.780833333333334],[177.51055555555556,-17.780555555555555],[177.51083333333332,-17.779999999999998],[177.51194444444445,-17.779722222222222],[177.5125,-17.779166666666665],[177.51305555555555,-17.779166666666665],[177.51305555555555,-17.778888888888886],[177.51361111111112,-17.778888888888886],[177.51416666666665,-17.778333333333332],[177.51527777777778,-17.778055555555554],[177.51583333333332,-17.7775],[177.51638888888888,-17.7775],[177.51638888888888,-17.77722222222222],[177.51722222222222,-17.77722222222222],[177.51722222222222,-17.776944444444442],[177.51777777777778,-17.776944444444442],[177.51833333333332,-17.77638888888889],[177.51916666666665,-17.77638888888889],[177.51916666666665,-17.77611111111111],[177.5197222222222,-17.77611111111111],[177.5197222222222,-17.781944444444445],[177.51749999999998,-17.782777777777778],[177.51749999999998,-17.783055555555553],[177.51666666666665,-17.783055555555553],[177.51611111111112,-17.78361111111111],[177.51555555555555,-17.78361111111111],[177.51555555555555,-17.78388888888889],[177.515,-17.78388888888889],[177.51444444444445,-17.784444444444443],[177.51388888888889,-17.784444444444443],[177.51388888888889,-17.78472222222222],[177.51333333333332,-17.78472222222222],[177.51277777777779,-17.785277777777775],[177.51111111111112,-17.785833333333333],[177.51083333333332,-17.786388888888887],[177.50916666666666,-17.786944444444444],[177.5088888888889,-17.787499999999998],[177.50777777777776,-17.787777777777777],[177.5075,-17.78833333333333],[177.50694444444443,-17.78833333333333],[177.5063888888889,-17.788888888888888],[177.50583333333333,-17.788888888888888],[177.50555555555556,-17.78944444444444],[177.50444444444443,-17.78972222222222],[177.50416666666666,-17.790277777777778],[177.50305555555556,-17.790555555555553],[177.50222222222223,-17.79138888888889],[177.50166666666667,-17.79138888888889],[177.5013888888889,-17.791944444444443],[177.50027777777777,-17.79222222222222],[177.5,-17.792777777777776],[177.49833333333333,-17.793333333333333],[177.49805555555554,-17.793888888888887],[177.49638888888887,-17.794444444444444],[177.49583333333334,-17.794999999999998],[177.49527777777777,-17.794999999999998],[177.49527777777777,-17.795277777777777],[177.4947222222222,-17.795277777777777],[177.4947222222222,-17.795555555555556],[177.4936111111111,-17.79583333333333],[177.4936111111111,-17.79611111111111],[177.49305555555554,-17.79611111111111],[177.4925,-17.796666666666667],[177.49166666666667,-17.796666666666667],[177.4911111111111,-17.79722222222222],[177.49055555555555,-17.79722222222222],[177.49055555555555,-17.7975],[177.48805555555555,-17.798055555555553],[177.48805555555555,-17.798333333333332],[177.48722222222221,-17.798333333333332],[177.48722222222221,-17.79861111111111],[177.48638888888888,-17.79861111111111],[177.48638888888888,-17.79888888888889],[177.48388888888888,-17.799166666666665],[177.48388888888888,-17.799444444444443],[177.48222222222222,-17.799444444444443],[177.48222222222222,-17.799722222222222],[177.47472222222223,-17.799722222222222],[177.47472222222223,-17.799444444444443],[177.47305555555556,-17.799444444444443],[177.47305555555556,-17.799166666666665],[177.46972222222223,-17.79861111111111],[177.46972222222223,-17.798333333333332],[177.4688888888889,-17.798333333333332],[177.4688888888889,-17.798055555555553],[177.4672222222222,-17.797777777777778],[177.46666666666667,-17.79722222222222],[177.46583333333334,-17.79722222222222],[177.46583333333334,-17.796944444444442],[177.4647222222222,-17.796666666666667],[177.46416666666667,-17.79611111111111],[177.46333333333334,-17.79611111111111],[177.46333333333334,-17.79583333333333],[177.4622222222222,-17.795555555555556],[177.46166666666667,-17.794999999999998],[177.4611111111111,-17.794999999999998],[177.46083333333334,-17.794444444444444],[177.46027777777778,-17.794444444444444],[177.46027777777778,-17.794166666666666],[177.4597222222222,-17.794166666666666],[177.45916666666668,-17.79361111111111],[177.45805555555555,-17.793333333333333],[177.45777777777778,-17.792777777777776],[177.4561111111111,-17.79222222222222],[177.45583333333332,-17.791666666666664],[177.45472222222222,-17.79138888888889],[177.45444444444445,-17.79083333333333],[177.45333333333332,-17.790555555555553],[177.45305555555555,-17.79],[177.45194444444445,-17.78972222222222],[177.45111111111112,-17.788888888888888],[177.45055555555555,-17.788888888888888],[177.45027777777779,-17.78833333333333],[177.44916666666666,-17.788055555555555],[177.4488888888889,-17.787499999999998],[177.44722222222222,-17.786944444444444],[177.44694444444443,-17.786388888888887],[177.44527777777776,-17.785833333333333],[177.44472222222223,-17.785277777777775],[177.44416666666666,-17.785277777777775],[177.4438888888889,-17.78472222222222],[177.44277777777776,-17.784444444444443],[177.44277777777776,-17.784166666666664],[177.44166666666666,-17.78388888888889],[177.44166666666666,-17.78361111111111],[177.44083333333333,-17.78361111111111],[177.44083333333333,-17.78333333333333],[177.44027777777777,-17.78333333333333],[177.44027777777777,-17.783055555555553],[177.43916666666667,-17.782777777777778],[177.43916666666667,-17.7825],[177.43833333333333,-17.7825],[177.43777777777777,-17.781944444444445],[177.43694444444444,-17.781944444444445],[177.43694444444444,-17.781666666666666],[177.4361111111111,-17.781666666666666],[177.4361111111111,-17.781388888888888],[177.43527777777777,-17.781388888888888],[177.43527777777777,-17.78111111111111],[177.43416666666667,-17.78111111111111],[177.43416666666667,-17.780833333333334],[177.43305555555554,-17.780833333333334],[177.43305555555554,-17.780555555555555],[177.43194444444444,-17.780555555555555],[177.43194444444444,-17.780277777777776],[177.43027777777777,-17.780277777777776],[177.43027777777777,-17.779999999999998],[177.42222222222222,-17.779999999999998],[177.42222222222222,-17.780277777777776],[177.42083333333332,-17.780277777777776],[177.42361111111111,-17.7775],[177.42361111111111,-17.775],[177.42388888888888,-17.775277777777777],[177.42472222222221,-17.775277777777777]]],[[[177.42333333333332,-17.7775],[177.42055555555555,-17.779999999999998],[177.42055555555555,-17.780555555555555],[177.41916666666665,-17.780555555555555],[177.41916666666665,-17.780833333333334],[177.41805555555555,-17.780833333333334],[177.41805555555555,-17.78111111111111],[177.41722222222222,-17.78111111111111],[177.41722222222222,-17.781388888888888],[177.4163888888889,-17.781388888888888],[177.4163888888889,-17.781666666666666],[177.41555555555556,-17.781666666666666],[177.41555555555556,-17.781944444444445],[177.4138888888889,-17.78222222222222],[177.4138888888889,-17.7825],[177.41333333333333,-17.7825],[177.41277777777776,-17.783055555555553],[177.41194444444443,-17.783055555555553],[177.4113888888889,-17.78361111111111],[177.41083333333333,-17.78361111111111],[177.41083333333333,-17.78388888888889],[177.41027777777776,-17.78388888888889],[177.40972222222223,-17.784444444444443],[177.40916666666666,-17.784444444444443],[177.40916666666666,-17.78472222222222],[177.4086111111111,-17.78472222222222],[177.40805555555556,-17.785277777777775],[177.4063888888889,-17.785833333333333],[177.4061111111111,-17.786388888888887],[177.40444444444444,-17.786944444444444],[177.40416666666667,-17.787499999999998],[177.40305555555554,-17.787777777777777],[177.40277777777777,-17.78833333333333],[177.4022222222222,-17.78833333333333],[177.40166666666667,-17.788888888888888],[177.4,-17.78861111111111],[177.40027777777777,-17.783055555555553],[177.40083333333334,-17.78333333333333],[177.40138888888887,-17.782777777777778],[177.4025,-17.7825],[177.40277777777777,-17.781944444444445],[177.40388888888887,-17.781666666666666],[177.40416666666667,-17.78111111111111],[177.40583333333333,-17.780555555555555],[177.4061111111111,-17.779999999999998],[177.40722222222223,-17.779722222222222],[177.40777777777777,-17.779166666666665],[177.40833333333333,-17.779166666666665],[177.40833333333333,-17.778888888888886],[177.4088888888889,-17.778888888888886],[177.40944444444443,-17.778333333333332],[177.41055555555556,-17.778055555555554],[177.4111111111111,-17.7775],[177.41166666666666,-17.7775],[177.41166666666666,-17.77722222222222],[177.4125,-17.77722222222222],[177.4125,-17.776944444444442],[177.41305555555556,-17.776944444444442],[177.4136111111111,-17.77638888888889],[177.41444444444443,-17.77638888888889],[177.41444444444443,-17.77611111111111],[177.41666666666666,-17.77583333333333],[177.41666666666666,-17.775555555555556],[177.4175,-17.775555555555556],[177.4175,-17.775277777777777],[177.41861111111112,-17.775277777777777],[177.41861111111112,-17.775],[177.42,-17.775],[177.42,-17.77472222222222],[177.42027777777778,-17.775],[177.42222222222222,-17.775],[177.42222222222222,-17.77472222222222],[177.42277777777778,-17.77472222222222],[177.42277777777778,-17.772777777777776],[177.42333333333332,-17.772499999999997],[177.42333333333332,-17.7775]]],[[[177.45222222222222,-17.76722222222222],[177.45194444444445,-17.766944444444444],[177.45222222222222,-17.766944444444444],[177.45222222222222,-17.76722222222222]]],[[[177.45194444444445,-17.766944444444444],[177.45166666666665,-17.766666666666666],[177.45194444444445,-17.766666666666666],[177.45194444444445,-17.766944444444444]]],[[[177.45166666666665,-17.766388888888887],[177.45166666666665,-17.766666666666666],[177.45111111111112,-17.766666666666666],[177.45111111111112,-17.766388888888887],[177.45166666666665,-17.766388888888887]]],[[[177.42888888888888,-17.751388888888886],[177.4297222222222,-17.751388888888886],[177.43027777777777,-17.751944444444444],[177.4311111111111,-17.751944444444444],[177.4311111111111,-17.752222222222223],[177.43166666666667,-17.752222222222223],[177.4322222222222,-17.752777777777776],[177.43277777777777,-17.752777777777776],[177.43277777777777,-17.753055555555555],[177.43333333333334,-17.753055555555555],[177.43388888888887,-17.75361111111111],[177.43555555555554,-17.754166666666666],[177.43583333333333,-17.75472222222222],[177.43694444444444,-17.755],[177.4372222222222,-17.755555555555553],[177.43777777777777,-17.755555555555553],[177.43805555555556,-17.75611111111111],[177.4386111111111,-17.75611111111111],[177.43972222222223,-17.75722222222222],[177.44027777777777,-17.75722222222222],[177.44055555555556,-17.757777777777775],[177.4411111111111,-17.757777777777775],[177.44277777777776,-17.759444444444444],[177.44333333333333,-17.759444444444444],[177.44416666666666,-17.760555555555555],[177.44472222222223,-17.760555555555555],[177.44555555555556,-17.761666666666667],[177.4461111111111,-17.761666666666667],[177.44722222222222,-17.763055555555553],[177.4477777777778,-17.763055555555553],[177.44916666666666,-17.764722222222222],[177.44972222222222,-17.764722222222222],[177.45111111111112,-17.766388888888887],[177.45055555555555,-17.766388888888887],[177.45027777777779,-17.765833333333333],[177.44916666666666,-17.765555555555554],[177.4488888888889,-17.765],[177.44722222222222,-17.764444444444443],[177.44694444444443,-17.76388888888889],[177.44472222222223,-17.763055555555553],[177.44444444444443,-17.7625],[177.44277777777776,-17.761944444444442],[177.44222222222223,-17.761388888888888],[177.44166666666666,-17.761388888888888],[177.44166666666666,-17.76111111111111],[177.4411111111111,-17.76111111111111],[177.4411111111111,-17.76083333333333],[177.44027777777777,-17.76083333333333],[177.43972222222223,-17.760277777777777],[177.43916666666667,-17.760277777777777],[177.43916666666667,-17.759999999999998],[177.43833333333333,-17.759999999999998],[177.43777777777777,-17.759444444444444],[177.43694444444444,-17.759444444444444],[177.43694444444444,-17.759166666666665],[177.4361111111111,-17.759166666666665],[177.4361111111111,-17.758888888888887],[177.43444444444444,-17.75861111111111],[177.43444444444444,-17.758333333333333],[177.43333333333334,-17.758333333333333],[177.43333333333334,-17.758055555555554],[177.4322222222222,-17.758055555555554],[177.4322222222222,-17.757777777777775],[177.42833333333334,-17.7575],[177.42833333333334,-17.756944444444443],[177.4286111111111,-17.756944444444443],[177.42833333333334,-17.756666666666664],[177.42833333333334,-17.75111111111111],[177.42888888888888,-17.75111111111111],[177.42888888888888,-17.751388888888886]],[[177.4286111111111,-17.756666666666664],[177.42888888888888,-17.75638888888889],[177.4286111111111,-17.75638888888889],[177.4286111111111,-17.756666666666664]],[[177.42888888888888,-17.75638888888889],[177.42916666666667,-17.75611111111111],[177.42888888888888,-17.75611111111111],[177.42888888888888,-17.75638888888889]],[[177.42916666666667,-17.75611111111111],[177.42944444444444,-17.75583333333333],[177.42916666666667,-17.75583333333333],[177.42916666666667,-17.75611111111111]],[[177.42944444444444,-17.75583333333333],[177.4297222222222,-17.755555555555553],[177.42944444444444,-17.755555555555553],[177.42944444444444,-17.75583333333333]],[[177.4297222222222,-17.755555555555553],[177.43,-17.755277777777778],[177.4297222222222,-17.755277777777778],[177.4297222222222,-17.755555555555553]],[[177.43,-17.755277777777778],[177.43027777777777,-17.755],[177.43,-17.755],[177.43,-17.755277777777778]],[[177.43027777777777,-17.755],[177.43055555555554,-17.75472222222222],[177.43027777777777,-17.75472222222222],[177.43027777777777,-17.755]]],[[[177.42388888888888,-17.756944444444443],[177.42333333333332,-17.7575],[177.42333333333332,-17.75444444444444],[177.42388888888888,-17.753888888888888],[177.42805555555555,-17.753888888888888],[177.42805555555555,-17.756666666666664],[177.42833333333334,-17.756944444444443],[177.42388888888888,-17.756944444444443]]]]},"properties":{"level_m":1.5}},{"type":"Feature","geometry":{"type":"MultiPolygon","coordinates":[[[[177.47444444444443,-17.799722222222222],[177.47444444444443,-17.799999999999997],[177.4825,-17.799999999999997],[177.4825,-17.799722222222222],[177.48555555555555,-17.799444444444443],[177.48555555555555,-17.799166666666665],[177.48666666666665,-17.799166666666665],[177.48666666666665,-17.79888888888889],[177.48749999999998,-17.79888888888889],[177.48749999999998,-17.79861111111111],[177.48833333333332,-17.79861111111111],[177.48833333333332,-17.798333333333332],[177.48916666666665,-17.798333333333332],[177.48916666666665,-17.798055555555553],[177.49083333333334,-17.797777777777778],[177.49083333333334,-17.7975],[177.49194444444444,-17.79722222222222],[177.49194444444444,-17.796944444444442],[177.49277777777777,-17.796944444444442],[177.49277777777777,-17.796666666666667],[177.49388888888888,-17.796388888888888],[177.49388888888888,-17.79611111111111],[177.49444444444444,-17.79611111111111],[177.49444444444444,-17.79583333333333],[177.495,-17.79583333333333],[177.49555555555554,-17.795277777777777],[177.4972222222222,-17.79472222222222],[177.4972222222222,-17.794444444444444],[177.49833333333333,-17.794166666666666],[177.4986111111111,-17.79361111111111],[177.50027777777777,-17.793055555555554],[177.50055555555556,-17.7925],[177.50166666666667,-17.79222222222222],[177.50194444444443,-17.791666666666664],[177.50305555555556,-17.79138888888889],[177.50333333333333,-17.79083333333333],[177.50444444444443,-17.790555555555553],[177.50527777777776,-17.78972222222222],[177.50583333333333,-17.78972222222222],[177.5061111111111,-17.789166666666667],[177.50777777777776,-17.78861111111111],[177.50805555555556,-17.788055555555555],[177.50916666666666,-17.787777777777777],[177.50944444444443,-17.787222222222223],[177.51111111111112,-17.786666666666665],[177.5113888888889,-17.78611111111111],[177.51194444444445,-17.78611111111111],[177.5125,-17.785555555555554],[177.51305555555555,-17.785555555555554],[177.51305555555555,-17.785277777777775],[177.51527777777778,-17.784444444444443],[177.51583333333332,-17.78388888888889],[177.51694444444445,-17.78361111111111],[177.51694444444445,-17.78333333333333],[177.51777777777778,-17.78333333333333],[177.51777777777778,-17.783055555555553],[177.51888888888888,-17.782777777777778],[177.51888888888888,-17.7825],[177.5197222222222,-17.7825],[177.5197222222222,-17.78833333333333],[177.51916666666665,-17.78833333333333],[177.51916666666665,-17.78861111111111],[177.51749999999998,-17.789166666666667],[177.51749999999998,-17.78944444444444],[177.51638888888888,-17.78944444444444],[177.51638888888888,-17.78972222222222],[177.51527777777778,-17.79],[177.515,-17.790555555555553],[177.51333333333332,-17.79111111111111],[177.51333333333332,-17.79138888888889],[177.51222222222222,-17.791666666666664],[177.51222222222222,-17.791944444444443],[177.51166666666666,-17.791944444444443],[177.5113888888889,-17.7925],[177.50972222222222,-17.793055555555554],[177.50944444444443,-17.79361111111111],[177.50833333333333,-17.793888888888887],[177.50805555555556,-17.794444444444444],[177.50694444444443,-17.79472222222222],[177.50666666666666,-17.795277777777777],[177.50555555555556,-17.795555555555556],[177.50472222222223,-17.796388888888888],[177.50416666666666,-17.796388888888888],[177.5038888888889,-17.796944444444442],[177.50222222222223,-17.7975],[177.50194444444443,-17.798055555555553],[177.50083333333333,-17.798333333333332],[177.50083333333333,-17.79861111111111],[177.50027777777777,-17.79861111111111],[177.5,-17.799166666666665],[177.49944444444444,-17.799166666666665],[177.49944444444444,-17.799444444444443],[177.49888888888887,-17.799444444444443],[177.49833333333333,-17.799999999999997],[177.49666666666667,-17.800555555555555],[177.49638888888887,-17.80111111111111],[177.4947222222222,-17.801666666666666],[177.4947222222222,-17.801944444444445],[177.49388888888888,-17.801944444444445],[177.49333333333334,-17.8025],[177.4925,-17.8025],[177.4922222222222,-17.803055555555556],[177.49138888888888,-17.803055555555556],[177.49083333333334,-17.80361111111111],[177.48888888888888,-17.80388888888889],[177.48833333333332,-17.804444444444442],[177.48444444444445,-17.805],[177.48444444444445,-17.805277777777775],[177.47944444444445,-17.805555555555554],[177.48111111111112,-17.807499999999997],[177.4802777777778,-17.807777777777776],[177.4802777777778,-17.808055555555555],[177.47972222222222,-17.808055555555555],[177.47972222222222,-17.808333333333334],[177.47722222222222,-17.808888888888887],[177.47722222222222,-17.809166666666666],[177.4763888888889,-17.809166666666666],[177.4763888888889,-17.806388888888886],[177.47444444444443,-17.806666666666665],[177.47444444444443,-17.806944444444444],[177.47416666666666,-17.806666666666665],[177.4725,-17.806666666666665],[177.4725,-17.806388888888886],[177.4713888888889,-17.806388888888886],[177.4711111111111,-17.806666666666665],[177.4711111111111,-17.80611111111111],[177.47083333333333,-17.806388888888886],[177.47,-17.80611111111111],[177.46972222222223,-17.806388888888886],[177.46972222222223,-17.805833333333332],[177.46944444444443,-17.80611111111111],[177.4686111111111,-17.80611111111111],[177.4686111111111,-17.805833333333332],[177.46777777777777,-17.805833333333332],[177.46777777777777,-17.805555555555554],[177.46666666666667,-17.805555555555554],[177.4661111111111,-17.805],[177.46527777777777,-17.805],[177.46527777777777,-17.80472222222222],[177.4647222222222,-17.80472222222222],[177.46416666666667,-17.804166666666667],[177.4625,-17.80361111111111],[177.4625,-17.80333333333333],[177.46138888888888,-17.803055555555556],[177.46138888888888,-17.802777777777777],[177.4597222222222,-17.80222222222222],[177.45916666666668,-17.801666666666666],[177.4586111111111,-17.801666666666666],[177.45833333333334,-17.80111111111111],[177.45666666666665,-17.800555555555555],[177.45638888888888,-17.799999999999997],[177.45583333333332,-17.799999999999997],[177.45499999999998,-17.799166666666665],[177.45388888888888,-17.79888888888889],[177.45361111111112,-17.798333333333332],[177.4525,-17.798055555555553],[177.45222222222222,-17.7975],[177.45111111111112,-17.79722222222222],[177.45027777777779,-17.796388888888888],[177.44972222222222,-17.796388888888888],[177.44944444444445,-17.79583333333333],[177.4477777777778,-17.795277777777777],[177.4475,-17.79472222222222],[177.44583333333333,-17.794166666666666],[177.44555555555556,-17.79361111111111],[177.445,-17.79361111111111],[177.445,-17.793333333333333],[177.44444444444443,-17.793333333333333],[177.4438888888889,-17.792777777777776],[177.44277777777776,-17.7925],[177.44277777777776,-17.79222222222222],[177.4411111111111,-17.791666666666664],[177.44055555555556,-17.79111111111111],[177.43972222222223,-17.79111111111111],[177.43972222222223,-17.79083333333333],[177.43916666666667,-17.79083333333333],[177.4386111111111,-17.790277777777778],[177.43777777777777,-17.790277777777778],[177.4375,-17.78972222222222],[177.43666666666667,-17.78972222222222],[177.4361111111111,-17.789166666666667],[177.43527777777777,-17.789166666666667],[177.435,-17.78861111111111],[177.43416666666667,-17.788888888888888],[177.43416666666667,-17.78833333333333],[177.4325,-17.788055555555555],[177.4325,-17.787777777777777],[177.4311111111111,-17.787777777777777],[177.4311111111111,-17.787222222222223],[177.4286111111111,-17.786944444444444],[177.42805555555555,-17.786388888888887],[177.4272222222222,-17.786388888888887],[177.4272222222222,-17.78611111111111],[177.4261111111111,-17.785833333333333],[177.4261111111111,-17.785555555555554],[177.42583333333332,-17.785833333333333],[177.42305555555555,-17.785833333333333],[177.42305555555555,-17.78611111111111],[177.42194444444445,-17.78611111111111],[177.42194444444445,-17.786388888888887],[177.41916666666665,-17.786666666666665],[177.41916666666665,-17.786944444444444],[177.41833333333332,-17.786944444444444],[177.4177777777778,-17.787499999999998],[177.41722222222222,-17.787222222222223],[177.41722222222222,-17.787499999999998],[177.41583333333332,-17.787777777777777],[177.41583333333332,-17.788055555555555],[177.415,-17.788055555555555],[177.415,-17.78833333333333],[177.41444444444443,-17.78833333333333],[177.41444444444443,-17.78861111111111],[177.41277777777776,-17.789166666666667],[177.41277777777776,-17.78944444444444],[177.41166666666666,-17.78944444444444],[177.41166666666666,-17.78972222222222],[177.41055555555556,-17.79],[177.41027777777776,-17.790555555555553],[177.4086111111111,-17.79111111111111],[177.4086111111111,-17.79138888888889],[177.4075,-17.791666666666664],[177.4075,-17.791944444444443],[177.40694444444443,-17.791944444444443],[177.4061111111111,-17.792777777777776],[177.40555555555554,-17.792777777777776],[177.40388888888887,-17.794444444444444],[177.40333333333334,-17.794444444444444],[177.40277777777777,-17.793888888888887],[177.40027777777777,-17.796666666666667],[177.4,-17.796666666666667],[177.4,-17.79111111111111],[177.40055555555554,-17.79083333333333],[177.40055555555554,-17.790277777777778],[177.40194444444444,-17.788888888888888],[177.40305555555554,-17.78861111111111],[177.40388888888887,-17.787777777777777],[177.40444444444444,-17.787777777777777],[177.4047222222222,-17.787222222222223],[177.4063888888889,-17.786666666666665],[177.40666666666667,-17.78611111111111],[177.40722222222223,-17.78611111111111],[177.40777777777777,-17.785555555555554],[177.40833333333333,-17.785555555555554],[177.40833333333333,-17.785277777777775],[177.41055555555556,-17.784444444444443],[177.4111111111111,-17.78388888888889],[177.41222222222223,-17.78361111111111],[177.41222222222223,-17.78333333333333],[177.41305555555556,-17.78333333333333],[177.41305555555556,-17.783055555555553],[177.41416666666666,-17.782777777777778],[177.41416666666666,-17.7825],[177.41666666666666,-17.781944444444445],[177.41666666666666,-17.781666666666666],[177.4175,-17.781666666666666],[177.4175,-17.781388888888888],[177.41833333333332,-17.781388888888888],[177.41833333333332,-17.78111111111111],[177.42083333333332,-17.780833333333334],[177.42083333333332,-17.780555555555555],[177.42249999999999,-17.780555555555555],[177.42249999999999,-17.780277777777776],[177.43,-17.780277777777776],[177.43,-17.780555555555555],[177.43166666666667,-17.780555555555555],[177.43166666666667,-17.780833333333334],[177.43388888888887,-17.78111111111111],[177.43388888888887,-17.781388888888888],[177.435,-17.781388888888888],[177.435,-17.781666666666666],[177.43583333333333,-17.781666666666666],[177.43583333333333,-17.781944444444445],[177.4375,-17.78222222222222],[177.43805555555556,-17.782777777777778],[177.4388888888889,-17.782777777777778],[177.43944444444443,-17.78333333333333],[177.44055555555556,-17.78361111111111],[177.44055555555556,-17.78388888888889],[177.4413888888889,-17.78388888888889],[177.44194444444443,-17.784444444444443],[177.4436111111111,-17.785],[177.4438888888889,-17.785555555555554],[177.44555555555556,-17.78611111111111],[177.4461111111111,-17.786666666666665],[177.44666666666666,-17.786666666666665],[177.44694444444443,-17.787222222222223],[177.44861111111112,-17.787777777777777],[177.4488888888889,-17.78833333333333],[177.45,-17.78861111111111],[177.45083333333332,-17.78944444444444],[177.45138888888889,-17.78944444444444],[177.45166666666665,-17.79],[177.45277777777778,-17.790277777777778],[177.45305555555555,-17.79083333333333],[177.45416666666665,-17.79111111111111],[177.45499999999998,-17.791944444444443],[177.45555555555555,-17.791944444444443],[177.45583333333332,-17.7925],[177.45749999999998,-17.793055555555554],[177.45777777777778,-17.79361111111111],[177.45833333333334,-17.79361111111111],[177.45888888888888,-17.794166666666666],[177.46055555555554,-17.79472222222222],[177.46083333333334,-17.795277777777777],[177.4625,-17.79583333333333],[177.46305555555554,-17.796388888888888],[177.46388888888887,-17.796388888888888],[177.46388888888887,-17.796666666666667],[177.465,-17.796944444444442],[177.46555555555554,-17.7975],[177.46638888888887,-17.7975],[177.46694444444444,-17.798055555555553],[177.46777777777777,-17.798055555555553],[177.46777777777777,-17.798333333333332],[177.4686111111111,-17.798333333333332],[177.4686111111111,-17.79861111111111],[177.46944444444443,-17.79861111111111],[177.46944444444443,-17.79888888888889],[177.47277777777776,-17.799444444444443],[177.47333333333333,-17.799999999999997],[177.4736111111111,-17.799722222222222],[177.47444444444443,-17.799722222222222]],[[177.4736111111111,-17.799999999999997],[177.4738888888889,-17.800277777777776],[177.4738888888889,-17.799999999999997],[177.4736111111111,-17.799999999999997]],[[177.4738888888889,-17.800277777777776],[177.47416666666666,-17.800555555555555],[177.47416666666666,-17.800277777777776],[177.4738888888889,-17.800277777777776]],[[177.47416666666666,-17.800555555555555],[177.47444444444443,-17.800833333333333],[177.47444444444443,-17.800555555555555],[177.47416666666666,-17.800555555555555]],[[177.47444444444443,-17.800833333333333],[177.47472222222223,-17.80111111111111],[177.47472222222223,-17.800833333333333],[177.47444444444443,-17.800833333333333]],[[177.47472222222223,-17.80111111111111],[177.475,-17.801388888888887],[177.475,-17.80111111111111],[177.47472222222223,-17.80111111111111]],[[177.475,-17.801388888888887],[177.47527777777776,-17.801666666666666],[177.47527777777776,-17.801388888888887],[177.475,-17.801388888888887]],[[177.47527777777776,-17.801666666666666],[177.47555555555556,-17.801944444444445],[177.47555555555556,-17.801666666666666],[177.47527777777776,-17.801666666666666]],[[177.47555555555556,-17.801944444444445],[177.47583333333333,-17.80222222222222],[177.47583333333333,-17.801944444444445],[177.47555555555556,-17.801944444444445]],[[177.47583333333333,-17.80222222222222],[177.4761111111111,-17.8025],[177.4761111111111,-17.80222222222222],[177.47583333333333,-17.80222222222222]],[[177.4761111111111,-17.8025],[177.4763888888889,-17.802777777777777],[177.4763888888889,-17.8025],[177.4761111111111,-17.8025]],[[177.4763888888889,-17.802777777777777],[177.47666666666666,-17.803055555555556],[177.47666666666666,-17.802777777777777],[177.4763888888889,-17.802777777777777]]],[[[177.42444444444445,-17.77361111111111],[177.42444444444445,-17.773888888888887],[177.42527777777778,-17.773888888888887],[177.42527777777778,-17.774166666666666],[177.4261111111111,-17.774166666666666],[177.4261111111111,-17.774444444444445],[177.42944444444444,-17.774444444444445],[177.42944444444444,-17.77472222222222],[177.4336111111111,-17.775],[177.4336111111111,-17.775277777777777],[177.4347222222222,-17.775277777777777],[177.4347222222222,-17.775555555555556],[177.43583333333333,-17.775555555555556],[177.43638888888887,-17.77611111111111],[177.4375,-17.77611111111111],[177.4375,-17.77638888888889],[177.43916666666667,-17.776666666666667],[177.43944444444443,-17.77722222222222],[177.4411111111111,-17.7775],[177.44166666666666,-17.778055555555554],[177.44222222222223,-17.778055555555554],[177.44222222222223,-17.778333333333332],[177.44305555555556,-17.778333333333332],[177.4436111111111,-17.778888888888886],[177.44416666666666,-17.778888888888886],[177.44472222222223,-17.779722222222222],[177.44555555555556,-17.779722222222222],[177.4461111111111,-17.780277777777776],[177.44722222222222,-17.780555555555555],[177.4475,-17.78111111111111],[177.44861111111112,-17.781388888888888],[177.4488888888889,-17.781944444444445],[177.44944444444445,-17.781944444444445],[177.45,-17.7825],[177.45055555555555,-17.7825],[177.45083333333332,-17.783055555555553],[177.4525,-17.78361111111111],[177.45277777777778,-17.784166666666664],[177.45388888888888,-17.784444444444443],[177.45416666666665,-17.785],[177.45527777777778,-17.785277777777775],[177.45555555555555,-17.785833333333333],[177.45666666666665,-17.78611111111111],[177.45749999999998,-17.786944444444444],[177.45805555555555,-17.786944444444444],[177.45833333333334,-17.787499999999998],[177.46,-17.788055555555555],[177.46055555555554,-17.78861111111111],[177.4611111111111,-17.78861111111111],[177.4611111111111,-17.788888888888888],[177.46166666666667,-17.788888888888888],[177.46194444444444,-17.78944444444444],[177.46416666666667,-17.790277777777778],[177.4647222222222,-17.79083333333333],[177.46555555555554,-17.79083333333333],[177.46555555555554,-17.79111111111111],[177.4661111111111,-17.79111111111111],[177.46666666666667,-17.791666666666664],[177.46833333333333,-17.791944444444443],[177.4688888888889,-17.7925],[177.47083333333333,-17.792777777777776],[177.47083333333333,-17.793055555555554],[177.47166666666666,-17.793055555555554],[177.47166666666666,-17.793333333333333],[177.4725,-17.793333333333333],[177.4725,-17.79361111111111],[177.47416666666666,-17.79361111111111],[177.47416666666666,-17.793888888888887],[177.47555555555556,-17.793888888888887],[177.47555555555556,-17.794166666666666],[177.47805555555556,-17.794166666666666],[177.47805555555556,-17.794444444444444],[177.4802777777778,-17.79361111111111],[177.4802777777778,-17.793333333333333],[177.48111111111112,-17.793333333333333],[177.48111111111112,-17.793055555555554],[177.48333333333332,-17.792777777777776],[177.48333333333332,-17.79222222222222],[177.48583333333332,-17.791944444444443],[177.48666666666665,-17.79111111111111],[177.48749999999998,-17.79138888888889],[177.48749999999998,-17.79083333333333],[177.48805555555555,-17.79083333333333],[177.48805555555555,-17.790555555555553],[177.49055555555555,-17.79],[177.49138888888888,-17.789166666666667],[177.4922222222222,-17.789166666666667],[177.4922222222222,-17.788888888888888],[177.49277777777777,-17.788888888888888],[177.49277777777777,-17.78861111111111],[177.49333333333334,-17.78861111111111],[177.49388888888888,-17.788055555555555],[177.49444444444444,-17.788055555555555],[177.49444444444444,-17.787777777777777],[177.495,-17.787777777777777],[177.49555555555554,-17.787222222222223],[177.4972222222222,-17.786666666666665],[177.4972222222222,-17.786388888888887],[177.49888888888887,-17.785833333333333],[177.49916666666667,-17.785277777777775],[177.50083333333333,-17.78472222222222],[177.50166666666667,-17.78388888888889],[177.50222222222223,-17.78388888888889],[177.5025,-17.78333333333333],[177.50333333333333,-17.78333333333333],[177.5038888888889,-17.7825],[177.50472222222223,-17.7825],[177.50527777777776,-17.781666666666666],[177.5061111111111,-17.781666666666666],[177.50666666666666,-17.780833333333334],[177.50722222222223,-17.780833333333334],[177.50777777777776,-17.780277777777776],[177.50833333333333,-17.780277777777776],[177.5086111111111,-17.779722222222222],[177.50972222222222,-17.779444444444444],[177.51,-17.778888888888886],[177.51222222222222,-17.778055555555554],[177.5125,-17.7775],[177.51361111111112,-17.77722222222222],[177.51361111111112,-17.776944444444442],[177.51527777777778,-17.77638888888889],[177.51527777777778,-17.77611111111111],[177.51638888888888,-17.77583333333333],[177.51638888888888,-17.775555555555556],[177.51722222222222,-17.775555555555556],[177.51722222222222,-17.775277777777777],[177.51777777777778,-17.775277777777777],[177.51833333333332,-17.77472222222222],[177.51916666666665,-17.77472222222222],[177.51916666666665,-17.774444444444445],[177.5197222222222,-17.774444444444445],[177.5197222222222,-17.781944444444445],[177.51749999999998,-17.782777777777778],[177.51749999999998,-17.783055555555553],[177.51666666666665,-17.783055555555553],[177.51611111111112,-17.78361111111111],[177.51555555555555,-17.78361111111111],[177.51555555555555,-17.78388888888889],[177.515,-17.78388888888889],[177.51444444444445,-17.784444444444443],[177.51388888888889,-17.784444444444443],[177.51388888888889,-17.78472222222222],[177.51333333333332,-17.78472222222222],[177.51277777777779,-17.785277777777775],[177.51111111111112,-17.785833333333333],[177.51083333333332,-17.786388888888887],[177.50916666666666,-17.786944444444444],[177.5088888888889,-17.787499999999998],[177.50777777777776,-17.787777777777777],[177.5075,-17.78833333333333],[177.50694444444443,-17.78833333333333],[177.5063888888889,-17.788888888888888],[177.50583333333333,-17.788888888888888],[177.50555555555556,-17.78944444444444],[177.50444444444443,-17.78972222222222],[177.50416666666666,-17.790277777777778],[177.50305555555556,-17.790555555555553],[177.50222222222223,-17.79138888888889],[177.50166666666667,-17.79138888888889],[177.5013888888889,-17.791944444444443],[177.50027777777777,-17.79222222222222],[177.5,-17.792777777777776],[177.49833333333333,-17.793333333333333],[177.49805555555554,-17.793888888888887],[177.49638888888887,-17.794444444444444],[177.49583333333334,-17.794999999999998],[177.49527777777777,-17.794999999999998],[177.49527777777777,-17.795277777777777],[177.4947222222222,-17.795277777777777],[177.4947222222222,-17.795555555555556],[177.4936111111111,-17.79583333333333],[177.4936111111111,-17.79611111111111],[177.49305555555554,-17.79611111111111],[177.4925,-17.796666666666667],[177.49166666666667,-17.796666666666667],[177.4911111111111,-17.79722222222222],[177.49055555555555,-17.79722222222222],[177.49055555555555,-17.7975],[177.48805555555555,-17.798055555555553],[177.48805555555555,-17.798333333333332],[177.48722222222221,-17.798333333333332],[177.48722222222221,-17.79861111111111],[177.48638888888888,-17.79861111111111],[177.48638888888888,-17.79888888888889],[177.48388888888888,-17.799166666666665],[177.48388888888888,-17.799444444444443],[177.48222222222222,-17.799444444444443],[177.48222222222222,-17.799722222222222],[177.47472222222223,-17.799722222222222],[177.47472222222223,-17.799444444444443],[177.47305555555556,-17.799444444444443],[177.47305555555556,-17.799166666666665],[177.46972222222223,-17.79861111111111],[177.46972222222223,-17.798333333333332],[177.4688888888889,-17.798333333333332],[177.4688888888889,-17.798055555555553],[177.4672222222222,-17.797777777777778],[177.46666666666667,-17.79722222222222],[177.46583333333334,-17.79722222222222],[177.46583333333334,-17.796944444444442],[177.4647222222222,-17.796666666666667],[177.46416666666667,-17.79611111111111],[177.46333333333334,-17.79611111111111],[177.46333333333334,-17.79583333333333],[177.4622222222222,-17.795555555555556],[177.46166666666667,-17.794999999999998],[177.4611111111111,-17.794999999999998],[177.46083333333334,-17.794444444444444],[177.46027777777778,-17.794444444444444],[177.46027777777778,-17.794166666666666],[177.4597222222222,-17.794166666666666],[177.45916666666668,-17.79361111111111],[177.45805555555555,-17.793333333333333],[177.45777777777778,-17.792777777777776],[177.4561111111111,-17.79222222222222],[177.45583333333332,-17.791666666666664],[177.45472222222222,-17.79138888888889],[177.45444444444445,-17.79083333333333],[177.45333333333332,-17.790555555555553],[177.45305555555555,-17.79],[177.45194444444445,-17.78972222222222],[177.45111111111112,-17.788888888888888],[177.45055555555555,-17.788888888888888],[177.45027777777779,-17.78833333333333],[177.44916666666666,-17.788055555555555],[177.4488888888889,-17.787499999999998],[177.44722222222222,-17.786944444444444],[177.44694444444443,-17.786388888888887],[177.44527777777776,-17.785833333333333],[177.44472222222223,-17.785277777777775],[177.44416666666666,-17.785277777777775],[177.4438888888889,-17.78472222222222],[177.44277777777776,-17.784444444444443],[177.44277777777776,-17.784166666666664],[177.44166666666666,-17.78388888888889],[177.44166666666666,-17.78361111111111],[177.44083333333333,-17.78361111111111],[177.44083333333333,-17.78333333333333],[177.44027777777777,-17.78333333333333],[177.44027777777777,-17.783055555555553],[177.43916666666667,-17.782777777777778],[177.43916666666667,-17.7825],[177.43833333333333,-17.7825],[177.43777777777777,-17.781944444444445],[177.43694444444444,-17.781944444444445],[177.43694444444444,-17.781666666666666],[177.4361111111111,-17.781666666666666],[177.4361111111111,-17.781388888888888],[177.43527777777777,-17.781388888888888],[177.43527777777777,-17.78111111111111],[177.43416666666667,-17.78111111111111],[177.43416666666667,-17.780833333333334],[177.43305555555554,-17.780833333333334],[177.43305555555554,-17.780555555555555],[177.43194444444444,-17.780555555555555],[177.43194444444444,-17.780277777777776],[177.43027777777777,-17.780277777777776],[177.43027777777777,-17.779999999999998],[177.42222222222222,-17.779999999999998],[177.42222222222222,-17.780277777777776],[177.42083333333332,-17.780277777777776],[177.42361111111111,-17.7775],[177.42361111111111,-17.77361111111111],[177.42444444444445,-17.77361111111111]]],[[[177.41916666666665,-17.780555555555555],[177.41916666666665,-17.780833333333334],[177.41805555555555,-17.780833333333334],[177.41805555555555,-17.78111111111111],[177.41722222222222,-17.78111111111111],[177.41722222222222,-17.781388888888888],[177.4163888888889,-17.781388888888888],[177.4163888888889,-17.781666666666666],[177.41555555555556,-17.781666666666666],[177.41555555555556,-17.781944444444445],[177.4138888888889,-17.78222222222222],[177.4138888888889,-17.7825],[177.41333333333333,-17.7825],[177.41277777777776,-17.783055555555553],[177.41194444444443,-17.783055555555553],[177.4113888888889,-17.78361111111111],[177.41083333333333,-17.78361111111111],[177.41083333333333,-17.78388888888889],[177.41027777777776,-17.78388888888889],[177.40972222222223,-17.784444444444443],[177.40916666666666,-17.784444444444443],[177.40916666666666,-17.78472222222222],[177.4086111111111,-17.78472222222222],[177.40805555555556,-17.785277777777775],[177.4063888888889,-17.785833333333333],[177.4061111111111,-17.786388888888887],[177.40444444444444,-17.786944444444444],[177.40416666666667,-17.787499999999998],[177.40305555555554,-17.787777777777777],[177.40277777777777,-17.78833333333333],[177.4022222222222,-17.78833333333333],[177.40166666666667,-17.788888888888888],[177.4,-17.78861111111111],[177.4,-17.78333333333333],[177.40027777777777,-17.78333333333333],[177.40027777777777,-17.781666666666666],[177.40166666666667,-17.781388888888888],[177.40194444444444,-17.780833333333334],[177.4025,-17.780833333333334],[177.40305555555554,-17.780277777777776],[177.4036111111111,-17.780277777777776],[177.40388888888887,-17.779722222222222],[177.405,-17.779444444444444],[177.40527777777777,-17.778888888888886],[177.4063888888889,-17.77861111111111],[177.40694444444443,-17.778055555555554],[177.4075,-17.778055555555554],[177.40777777777777,-17.7775],[177.4088888888889,-17.77722222222222],[177.4088888888889,-17.776944444444442],[177.41055555555556,-17.77638888888889],[177.41055555555556,-17.77611111111111],[177.41166666666666,-17.77583333333333],[177.41166666666666,-17.775555555555556],[177.4125,-17.775555555555556],[177.4125,-17.775277777777777],[177.41305555555556,-17.775277777777777],[177.4136111111111,-17.77472222222222],[177.41666666666666,-17.774166666666666],[177.41666666666666,-17.773888888888887],[177.4175,-17.773888888888887],[177.4175,-17.77361111111111],[177.41805555555555,-17.77361111111111],[177.41805555555555,-17.773888888888887],[177.42,-17.77361111111111],[177.42,-17.773333333333333],[177.42194444444445,-17.773333333333333],[177.42222222222222,-17.77361111111111],[177.42222222222222,-17.773333333333333],[177.42277777777778,-17.773333333333333],[177.42277777777778,-17.771388888888886],[177.42333333333332,-17.77111111111111],[177.42333333333332,-17.7775],[177.42055555555555,-17.779999999999998],[177.42055555555555,-17.780555555555555],[177.41916666666665,-17.780555555555555]]],[[[177.45555555555555,-17.76888888888889],[177.45527777777778,-17.769166666666667],[177.45527777777778,-17.76888888888889],[177.45555555555555,-17.76888888888889]]],[[[177.42833333333334,-17.75],[177.43,-17.750555555555554],[177.43,-17.750833333333333],[177.43083333333334,-17.750833333333333],[177.43083333333334,-17.75111111111111],[177.4325,-17.751666666666665],[177.43305555555554,-17.752222222222223],[177.4336111111111,-17.752222222222223],[177.4336111111111,-17.752499999999998],[177.4347222222222,-17.752777777777776],[177.4347222222222,-17.753055555555555],[177.43583333333333,-17.753333333333334],[177.4361111111111,-17.753888888888888],[177.4372222222222,-17.754166666666666],[177.43833333333333,-17.755277777777778],[177.4388888888889,-17.755277777777778],[177.43916666666667,-17.75583333333333],[177.43972222222223,-17.75583333333333],[177.44,-17.75638888888889],[177.44055555555556,-17.75638888888889],[177.4411111111111,-17.75722222222222],[177.44166666666666,-17.75722222222222],[177.44194444444443,-17.757777777777775],[177.4425,-17.757777777777775],[177.44444444444443,-17.759722222222223],[177.445,-17.759722222222223],[177.4461111111111,-17.76111111111111],[177.44666666666666,-17.76111111111111],[177.4477777777778,-17.7625],[177.44833333333332,-17.7625],[177.44944444444445,-17.76388888888889],[177.45,-17.76388888888889],[177.45166666666665,-17.765833333333333],[177.45222222222222,-17.765833333333333],[177.45527777777778,-17.76888888888889],[177.45472222222222,-17.76888888888889],[177.45444444444445,-17.76833333333333],[177.45388888888888,-17.76833333333333],[177.45305555555555,-17.7675],[177.45194444444445,-17.76722222222222],[177.45166666666665,-17.766666666666666],[177.45055555555555,-17.766388888888887],[177.45027777777779,-17.765833333333333],[177.44916666666666,-17.765555555555554],[177.4488888888889,-17.765],[177.44722222222222,-17.764444444444443],[177.44694444444443,-17.76388888888889],[177.44472222222223,-17.763055555555553],[177.44444444444443,-17.7625],[177.44277777777776,-17.761944444444442],[177.44222222222223,-17.761388888888888],[177.44166666666666,-17.761388888888888],[177.44166666666666,-17.76111111111111],[177.4411111111111,-17.76111111111111],[177.4411111111111,-17.76083333333333],[177.44027777777777,-17.76083333333333],[177.43972222222223,-17.760277777777777],[177.43916666666667,-17.760277777777777],[177.43916666666667,-17.759999999999998],[177.43833333333333,-17.759999999999998],[177.43777777777777,-17.759444444444444],[177.43694444444444,-17.759444444444444],[177.43694444444444,-17.759166666666665],[177.4361111111111,-17.759166666666665],[177.4361111111111,-17.758888888888887],[177.43444444444444,-17.75861111111111],[177.43444444444444,-17.758333333333333],[177.4322222222222,-17.758055555555554],[177.4322222222222,-17.757777777777775],[177.42833333333334,-17.7575],[177.42833333333334,-17.756944444444443],[177.4286111111111,-17.756944444444443],[177.42833333333334,-17.756666666666664],[177.42833333333334,-17.75]],[[177.4286111111111,-17.756666666666664],[177.42888888888888,-17.75638888888889],[177.4286111111111,-17.75638888888889],[177.4286111111111,-17.756666666666664]],[[177.42888888888888,-17.75638888888889],[177.42916666666667,-17.75611111111111],[177.42888888888888,-17.75611111111111],[177.42888888888888,-17.75638888888889]],[[177.42916666666667,-17.75611111111111],[177.42944444444444,-17.75583333333333],[177.42916666666667,-17.75583333333333],[177.42916666666667,-17.75611111111111]],[[177.42944444444444,-17.75583333333333],[177.4297222222222,-17.755555555555553],[177.42944444444444,-17.755555555555553],[177.42944444444444,-17.75583333333333]],[[177.4297222222222,-17.755555555555553],[177.43,-17.755277777777778],[177.4297222222222,-17.755277777777778],[177.4297222222222,-17.755555555555553]],[[177.43,-17.755277777777778],[177.43027777777777,-17.755],[177.43,-17.755],[177.43,-17.755277777777778]],[[177.43027777777777,-17.755],[177.43055555555554,-17.75472222222222],[177.43027777777777,-17.75472222222222],[177.43027777777777,-17.755]]],[[[177.42388888888888,-17.756944444444443],[177.42333333333332,-17.7575],[177.42333333333332,-17.75361111111111],[177.42388888888888,-17.753055555555555],[177.42805555555555,-17.753055555555555],[177.42805555555555,-17.756666666666664],[177.42833333333334,-17.756944444444443],[177.42388888888888,-17.756944444444443]]]]},"properties":{"level_m":2.0}},{"type":"Feature","geometry":{"type":"MultiPolygon","coordinates":[[[[177.47444444444443,-17.799722222222222],[177.47444444444443,-17.799999999999997],[177.4825,-17.799999999999997],[177.4825,-17.799722222222222],[177.48555555555555,-17.799444444444443],[177.48555555555555,-17.799166666666665],[177.48666666666665,-17.799166666666665],[177.48666666666665,-17.79888888888889],[177.48749999999998,-17.79888888888889],[177.48749999999998,-17.79861111111111],[177.48833333333332,-17.79861111111111],[177.48833333333332,-17.798333333333332],[177.48916666666665,-17.798333333333332],[177.48916666666665,-17.798055555555553],[177.49083333333334,-17.797777777777778],[177.49083333333334,-17.7975],[177.49194444444444,-17.79722222222222],[177.49194444444444,-17.796944444444442],[177.49277777777777,-17.796944444444442],[177.49277777777777,-17.796666666666667],[177.49388888888888,-17.796388888888888],[177.49388888888888,-17.79611111111111],[177.49444444444444,-17.79611111111111],[177.49444444444444,-17.79583333333333],[177.495,-17.79583333333333],[177.49555555555554,-17.795277777777777],[177.4972222222222,-17.79472222222222],[177.4972222222222,-17.794444444444444],[177.49833333333333,-17.794166666666666],[177.4986111111111,-17.79361111111111],[177.50027777777777,-17.793055555555554],[177.50055555555556,-17.7925],[177.50166666666667,-17.79222222222222],[177.50194444444443,-17.791666666666664],[177.50305555555556,-17.79138888888889],[177.50333333333333,-17.79083333333333],[177.50444444444443,-17.790555555555553],[177.50527777777776,-17.78972222222222],[177.50583333333333,-17.78972222222222],[177.5061111111111,-17.789166666666667],[177.50777777777776,-17.78861111111111],[177.50805555555556,-17.788055555555555],[177.50916666666666,-17.787777777777777],[177.50944444444443,-17.787222222222223],[177.51111111111112,-17.786666666666665],[177.5113888888889,-17.78611111111111],[177.51194444444445,-17.78611111111111],[177.5125,-17.785555555555554],[177.51305555555555,-17.785555555555554],[177.51305555555555,-17.785277777777775],[177.51527777777778,-17.784444444444443],[177.51583333333332,-17.78388888888889],[177.51694444444445,-17.78361111111111],[177.51694444444445,-17.78333333333333],[177.51777777777778,-17.78333333333333],[177.51777777777778,-17.783055555555553],[177.51888888888888,-17.782777777777778],[177.51888888888888,-17.7825],[177.5197222222222,-17.7825],[177.5197222222222,-17.78944444444444],[177.51944444444445,-17.78972222222222],[177.51888888888888,-17.78972222222222],[177.51833333333332,-17.790277777777778],[177.51722222222222,-17.790277777777778],[177.51722222222222,-17.790555555555553],[177.51611111111112,-17.79083333333333],[177.51527777777778,-17.791666666666664],[177.51388888888889,-17.791944444444443],[177.51361111111112,-17.7925],[177.51305555555555,-17.7925],[177.51222222222222,-17.793333333333333],[177.51055555555556,-17.793888888888887],[177.5102777777778,-17.794444444444444],[177.5088888888889,-17.79472222222222],[177.50833333333333,-17.795555555555556],[177.5075,-17.795555555555556],[177.50666666666666,-17.796388888888888],[177.50555555555556,-17.796666666666667],[177.50416666666666,-17.798055555555553],[177.50305555555556,-17.798333333333332],[177.50277777777777,-17.79888888888889],[177.5011111111111,-17.799444444444443],[177.50055555555556,-17.799999999999997],[177.5,-17.799999999999997],[177.4997222222222,-17.800555555555555],[177.49805555555554,-17.80111111111111],[177.4975,-17.801666666666666],[177.49694444444444,-17.801666666666666],[177.49666666666667,-17.80222222222222],[177.4961111111111,-17.80222222222222],[177.49555555555554,-17.802777777777777],[177.4947222222222,-17.802777777777777],[177.49416666666667,-17.80333333333333],[177.49333333333334,-17.80333333333333],[177.4925,-17.804166666666667],[177.49,-17.80472222222222],[177.48944444444444,-17.805277777777775],[177.48805555555555,-17.805277777777775],[177.48805555555555,-17.805555555555554],[177.48722222222221,-17.805555555555554],[177.48722222222221,-17.805833333333332],[177.48611111111111,-17.805833333333332],[177.48611111111111,-17.80611111111111],[177.48055555555555,-17.806666666666665],[177.48222222222222,-17.80861111111111],[177.48166666666665,-17.80861111111111],[177.48111111111112,-17.809166666666666],[177.4802777777778,-17.809166666666666],[177.47972222222222,-17.80972222222222],[177.4788888888889,-17.80972222222222],[177.4788888888889,-17.81],[177.47805555555556,-17.81],[177.47805555555556,-17.810277777777777],[177.47722222222222,-17.810277777777777],[177.47722222222222,-17.810555555555556],[177.4763888888889,-17.810555555555556],[177.4763888888889,-17.807777777777776],[177.4761111111111,-17.808055555555555],[177.47472222222223,-17.808055555555555],[177.47472222222223,-17.808333333333334],[177.47416666666666,-17.808333333333334],[177.47416666666666,-17.808055555555555],[177.47277777777776,-17.808055555555555],[177.4725,-17.808333333333334],[177.47194444444443,-17.807777777777776],[177.47166666666666,-17.808055555555555],[177.46972222222223,-17.807777777777776],[177.46972222222223,-17.807499999999997],[177.4686111111111,-17.807499999999997],[177.4686111111111,-17.807222222222222],[177.46777777777777,-17.807222222222222],[177.46777777777777,-17.806944444444444],[177.46666666666667,-17.806944444444444],[177.4661111111111,-17.806388888888886],[177.46527777777777,-17.806388888888886],[177.46527777777777,-17.80611111111111],[177.46416666666667,-17.805833333333332],[177.46416666666667,-17.805555555555554],[177.4636111111111,-17.805555555555554],[177.4636111111111,-17.805277777777775],[177.46277777777777,-17.805277777777775],[177.46277777777777,-17.805],[177.46166666666667,-17.80472222222222],[177.46166666666667,-17.804444444444442],[177.46055555555554,-17.804166666666667],[177.46027777777778,-17.80361111111111],[177.4597222222222,-17.80361111111111],[177.45916666666668,-17.803055555555556],[177.45805555555555,-17.802777777777777],[177.45777777777778,-17.80222222222222],[177.4561111111111,-17.801666666666666],[177.45583333333332,-17.80111111111111],[177.45472222222222,-17.800833333333333],[177.45444444444445,-17.800277777777776],[177.45333333333332,-17.799999999999997],[177.45305555555555,-17.799444444444443],[177.45194444444445,-17.799166666666665],[177.45111111111112,-17.798333333333332],[177.45055555555555,-17.798333333333332],[177.45027777777779,-17.797777777777778],[177.44916666666666,-17.7975],[177.4488888888889,-17.796944444444442],[177.44722222222222,-17.796388888888888],[177.44694444444443,-17.79583333333333],[177.44527777777776,-17.795277777777777],[177.44472222222223,-17.79472222222222],[177.44416666666666,-17.79472222222222],[177.4438888888889,-17.794166666666666],[177.44277777777776,-17.793888888888887],[177.44222222222223,-17.793333333333333],[177.4411111111111,-17.793055555555554],[177.4411111111111,-17.792777777777776],[177.44027777777777,-17.792777777777776],[177.43972222222223,-17.79222222222222],[177.4386111111111,-17.791944444444443],[177.4386111111111,-17.791666666666664],[177.43777777777777,-17.791666666666664],[177.4375,-17.79111111111111],[177.4361111111111,-17.79083333333333],[177.4361111111111,-17.790555555555553],[177.43416666666667,-17.790277777777778],[177.43388888888887,-17.78972222222222],[177.43333333333334,-17.79],[177.43333333333334,-17.78944444444444],[177.4311111111111,-17.789166666666667],[177.43055555555554,-17.78861111111111],[177.42916666666667,-17.78861111111111],[177.42916666666667,-17.78833333333333],[177.4275,-17.788055555555555],[177.42694444444444,-17.787499999999998],[177.42583333333332,-17.787222222222223],[177.42583333333332,-17.786944444444444],[177.42388888888888,-17.786944444444444],[177.42388888888888,-17.787222222222223],[177.42111111111112,-17.787499999999998],[177.42111111111112,-17.787777777777777],[177.41944444444445,-17.787777777777777],[177.41944444444445,-17.788055555555555],[177.41861111111112,-17.788055555555555],[177.41805555555555,-17.78861111111111],[177.41666666666666,-17.78861111111111],[177.4161111111111,-17.789166666666667],[177.41527777777776,-17.789166666666667],[177.41472222222222,-17.78972222222222],[177.4136111111111,-17.79],[177.4136111111111,-17.790277777777778],[177.4125,-17.790277777777778],[177.4125,-17.790555555555553],[177.4113888888889,-17.79083333333333],[177.4111111111111,-17.79138888888889],[177.41,-17.791666666666664],[177.41,-17.791944444444443],[177.40916666666666,-17.791944444444443],[177.4088888888889,-17.7925],[177.40777777777777,-17.792777777777776],[177.4075,-17.793333333333333],[177.40583333333333,-17.793888888888887],[177.40444444444444,-17.795277777777777],[177.40388888888887,-17.79472222222222],[177.40305555555554,-17.794999999999998],[177.40027777777777,-17.798055555555553],[177.4,-17.798055555555553],[177.4,-17.79111111111111],[177.40055555555554,-17.79083333333333],[177.40055555555554,-17.790277777777778],[177.40194444444444,-17.788888888888888],[177.40305555555554,-17.78861111111111],[177.40388888888887,-17.787777777777777],[177.40444444444444,-17.787777777777777],[177.4047222222222,-17.787222222222223],[177.4063888888889,-17.786666666666665],[177.40666666666667,-17.78611111111111],[177.40722222222223,-17.78611111111111],[177.40777777777777,-17.785555555555554],[177.40833333333333,-17.785555555555554],[177.40833333333333,-17.785277777777775],[177.41055555555556,-17.784444444444443],[177.4111111111111,-17.78388888888889],[177.41222222222223,-17.78361111111111],[177.41222222222223,-17.78333333333333],[177.41305555555556,-17.78333333333333],[177.41305555555556,-17.783055555555553],[177.41416666666666,-17.782777777777778],[177.41416666666666,-17.7825],[177.41666666666666,-17.781944444444445],[177.41666666666666,-17.781666666666666],[177.4175,-17.781666666666666],[177.4175,-17.781388888888888],[177.41833333333332,-17.781388888888888],[177.41833333333332,-17.78111111111111],[177.42083333333332,-17.780833333333334],[177.42083333333332,-17.780555555555555],[177.42249999999999,-17.780555555555555],[177.42249999999999,-17.780277777777776],[177.43,-17.780277777777776],[177.43,-17.780555555555555],[177.43166666666667,-17.780555555555555],[177.43166666666667,-17.780833333333334],[177.43388888888887,-17.78111111111111],[177.43388888888887,-17.781388888888888],[177.435,-17.781388888888888],[177.435,-17.781666666666666],[177.43583333333333,-17.781666666666666],[177.43583333333333,-17.781944444444445],[177.4375,-17.78222222222222],[177.43805555555556,-17.782777777777778],[177.4388888888889,-17.782777777777778],[177.43944444444443,-17.78333333333333],[177.44055555555556,-17.78361111111111],[177.44055555555556,-17.78388888888889],[177.4413888888889,-17.78388888888889],[177.44194444444443,-17.784444444444443],[177.4436111111111,-17.785],[177.4438888888889,-17.785555555555554],[177.44555555555556,-17.78611111111111],[177.4461111111111,-17.786666666666665],[177.44666666666666,-17.786666666666665],[177.44694444444443,-17.787222222222223],[177.44861111111112,-17.787777777777777],[177.4488888888889,-17.78833333333333],[177.45,-17.78861111111111],[177.45083333333332,-17.78944444444444],[177.45138888888889,-17.78944444444444],[177.45166666666665,-17.79],[177.45277777777778,-17.790277777777778],[177.45305555555555,-17.79083333333333],[177.45416666666665,-17.79111111111111],[177.45499999999998,-17.791944444444443],[177.45555555555555,-17.791944444444443],[177.45583333333332,-17.7925],[177.45749999999998,-17.793055555555554],[177.45777777777778,-17.79361111111111],[177.45833333333334,-17.79361111111111],[177.45888888888888,-17.794166666666666],[177.46055555555554,-17.79472222222222],[177.46083333333334,-17.795277777777777],[177.4625,-17.79583333333333],[177.46305555555554,-17.796388888888888],[177.46388888888887,-17.796388888888888],[177.46388888888887,-17.796666666666667],[177.465,-17.796944444444442],[177.46555555555554,-17.7975],[177.46638888888887,-17.7975],[177.46694444444444,-17.798055555555553],[177.46777777777777,-17.798055555555553],[177.46777777777777,-17.798333333333332],[177.4686111111111,-17.798333333333332],[177.4686111111111,-17.79861111111111],[177.46944444444443,-17.79861111111111],[177.46944444444443,-17.79888888888889],[177.47277777777776,-17.799444444444443],[177.47333333333333,-17.799999999999997],[177.4736111111111,-17.799722222222222],[177.47444444444443,-17.799722222222222]],[[177.4736111111111,-17.799999999999997],[177.4738888888889,-17.800277777777776],[177.4738888888889,-17.799999999999997],[177.4736111111111,-17.799999999999997]],[[177.4738888888889,-17.800277777777776],[177.47416666666666,-17.800555555555555],[177.47416666666666,-17.800277777777776],[177.4738888888889,-17.800277777777776]],[[177.47416666666666,-17.800555555555555],[177.47444444444443,-17.800833333333333],[177.47444444444443,-17.800555555555555],[177.47416666666666,-17.800555555555555]],[[177.47444444444443,-17.800833333333333],[177.47472222222223,-17.80111111111111],[177.47472222222223,-17.800833333333333],[177.47444444444443,-17.800833333333333]],[[177.47472222222223,-17.80111111111111],[177.475,-17.801388888888887],[177.475,-17.80111111111111],[177.47472222222223,-17.80111111111111]],[[177.475,-17.801388888888887],[177.47527777777776,-17.801666666666666],[177.47527777777776,-17.801388888888887],[177.475,-17.801388888888887]],[[177.47527777777776,-17.801666666666666],[177.47555555555556,-17.801944444444445],[177.47555555555556,-17.801666666666666],[177.47527777777776,-17.801666666666666]],[[177.47555555555556,-17.801944444444445],[177.47583333333333,-17.80222222222222],[177.47583333333333,-17.801944444444445],[177.47555555555556,-17.801944444444445]],[[177.47583333333333,-17.80222222222222],[177.4761111111111,-17.8025],[177.4761111111111,-17.80222222222222],[177.47583333333333,-17.80222222222222]],[[177.4761111111111,-17.8025],[177.4763888888889,-17.802777777777777],[177.4763888888889,-17.8025],[177.4761111111111,-17.8025]],[[177.4763888888889,-17.802777777777777],[177.47666666666666,-17.803055555555556],[177.47666666666666,-17.802777777777777],[177.4763888888889,-17.802777777777777]]],[[[177.42388888888888,-17.772222222222222],[177.42583333333332,-17.772499999999997],[177.42583333333332,-17.772777777777776],[177.4272222222222,-17.773055555555555],[177.4272222222222,-17.773333333333333],[177.42944444444444,-17.773333333333333],[177.42944444444444,-17.77361111111111],[177.43194444444444,-17.77361111111111],[177.43194444444444,-17.773888888888887],[177.435,-17.774166666666666],[177.435,-17.774444444444445],[177.43583333333333,-17.774444444444445],[177.43583333333333,-17.77472222222222],[177.43777777777777,-17.775],[177.43833333333333,-17.775555555555556],[177.44,-17.77583333333333],[177.44,-17.77611111111111],[177.44055555555556,-17.77611111111111],[177.4411111111111,-17.776666666666667],[177.44194444444443,-17.776666666666667],[177.44194444444443,-17.776944444444442],[177.44305555555556,-17.77722222222222],[177.4436111111111,-17.777777777777775],[177.44416666666666,-17.777777777777775],[177.44444444444443,-17.778333333333332],[177.445,-17.778333333333332],[177.44555555555556,-17.778888888888886],[177.4463888888889,-17.778888888888886],[177.44666666666666,-17.779444444444444],[177.44833333333332,-17.779999999999998],[177.44861111111112,-17.780555555555555],[177.45083333333332,-17.781388888888888],[177.45138888888889,-17.78222222222222],[177.45222222222222,-17.78222222222222],[177.45277777777778,-17.783055555555553],[177.45388888888888,-17.78333333333333],[177.45416666666665,-17.78388888888889],[177.45527777777778,-17.784166666666664],[177.45555555555555,-17.78472222222222],[177.4572222222222,-17.785277777777775],[177.45749999999998,-17.785833333333333],[177.45888888888888,-17.78611111111111],[177.45916666666668,-17.786666666666665],[177.46027777777778,-17.786944444444444],[177.46055555555554,-17.787499999999998],[177.4611111111111,-17.787499999999998],[177.4611111111111,-17.787777777777777],[177.46166666666667,-17.787777777777777],[177.4622222222222,-17.78833333333333],[177.46388888888887,-17.788888888888888],[177.46388888888887,-17.789166666666667],[177.465,-17.78944444444444],[177.46555555555554,-17.79],[177.46638888888887,-17.79],[177.46638888888887,-17.790277777777778],[177.46777777777777,-17.790555555555553],[177.46777777777777,-17.79083333333333],[177.46916666666667,-17.79111111111111],[177.46916666666667,-17.79138888888889],[177.47027777777777,-17.79138888888889],[177.47083333333333,-17.791944444444443],[177.47333333333333,-17.79222222222222],[177.47333333333333,-17.7925],[177.47444444444443,-17.7925],[177.47444444444443,-17.792777777777776],[177.4763888888889,-17.792777777777776],[177.4763888888889,-17.793055555555554],[177.47805555555556,-17.793055555555554],[177.4786111111111,-17.7925],[177.47944444444445,-17.7925],[177.48,-17.791944444444443],[177.48055555555555,-17.791944444444443],[177.48055555555555,-17.791666666666664],[177.48305555555555,-17.79138888888889],[177.48333333333332,-17.79083333333333],[177.48472222222222,-17.79083333333333],[177.48472222222222,-17.790555555555553],[177.48555555555555,-17.790555555555553],[177.48583333333332,-17.79],[177.48666666666665,-17.79],[177.48666666666665,-17.78972222222222],[177.48749999999998,-17.78972222222222],[177.48805555555555,-17.789166666666667],[177.49055555555555,-17.78861111111111],[177.49083333333334,-17.788055555555555],[177.4922222222222,-17.787777777777777],[177.4922222222222,-17.787499999999998],[177.49333333333334,-17.787222222222223],[177.49333333333334,-17.786944444444444],[177.495,-17.786388888888887],[177.49555555555554,-17.785833333333333],[177.4961111111111,-17.785833333333333],[177.4961111111111,-17.785555555555554],[177.49666666666667,-17.785555555555554],[177.4972222222222,-17.785],[177.49777777777777,-17.785],[177.49805555555554,-17.784444444444443],[177.50027777777777,-17.78361111111111],[177.50055555555556,-17.783055555555553],[177.50166666666667,-17.782777777777778],[177.50194444444443,-17.78222222222222],[177.50305555555556,-17.781944444444445],[177.50333333333333,-17.781388888888888],[177.50444444444443,-17.78111111111111],[177.50527777777776,-17.780277777777776],[177.50583333333333,-17.780277777777776],[177.5061111111111,-17.779722222222222],[177.50722222222223,-17.779444444444444],[177.5075,-17.778888888888886],[177.50916666666666,-17.778333333333332],[177.50944444444443,-17.777777777777775],[177.51055555555556,-17.7775],[177.51055555555556,-17.77722222222222],[177.51111111111112,-17.77722222222222],[177.5113888888889,-17.776666666666667],[177.51194444444445,-17.776666666666667],[177.5125,-17.77611111111111],[177.51305555555555,-17.77611111111111],[177.51305555555555,-17.77583333333333],[177.51361111111112,-17.77583333333333],[177.51416666666665,-17.775277777777777],[177.51527777777778,-17.775],[177.51583333333332,-17.774444444444445],[177.51638888888888,-17.774444444444445],[177.51638888888888,-17.774166666666666],[177.51722222222222,-17.774166666666666],[177.51722222222222,-17.773888888888887],[177.51777777777778,-17.773888888888887],[177.51833333333332,-17.773333333333333],[177.51916666666665,-17.773333333333333],[177.51916666666665,-17.773055555555555],[177.5197222222222,-17.773055555555555],[177.5197222222222,-17.781944444444445],[177.51749999999998,-17.782777777777778],[177.51749999999998,-17.783055555555553],[177.51666666666665,-17.783055555555553],[177.51611111111112,-17.78361111111111],[177.51555555555555,-17.78361111111111],[177.51555555555555,-17.78388888888889],[177.515,-17.78388888888889],[177.51444444444445,-17.784444444444443],[177.51388888888889,-17.784444444444443],[177.51388888888889,-17.78472222222222],[177.51333333333332,-17.78472222222222],[177.51277777777779,-17.785277777777775],[177.51111111111112,-17.785833333333333],[177.51083333333332,-17.786388888888887],[177.50916666666666,-17.786944444444444],[177.5088888888889,-17.787499999999998],[177.50777777777776,-17.787777777777777],[177.5075,-17.78833333333333],[177.50694444444443,-17.78833333333333],[177.5063888888889,-17.788888888888888],[177.50583333333333,-17.788888888888888],[177.50555555555556,-17.78944444444444],[177.50444444444443,-17.78972222222222],[177.50416666666666,-17.790277777777778],[177.50305555555556,-17.790555555555553],[177.50222222222223,-17.79138888888889],[177.50166666666667,-17.79138888888889],[177.5013888888889,-17.791944444444443],[177.50027777777777,-17.79222222222222],[177.5,-17.792777777777776],[177.49833333333333,-17.793333333333333],[177.49805555555554,-17.793888888888887],[177.49638888888887,-17.794444444444444],[177.49583333333334,-17.794999999999998],[177.49527777777777,-17.794999999999998],[177.49527777777777,-17.795277777777777],[177.4947222222222,-17.795277777777777],[177.4947222222222,-17.795555555555556],[177.4936111111111,-17.79583333333333],[177.4936111111111,-17.79611111111111],[177.49305555555554,-17.79611111111111],[177.4925,-17.796666666666667],[177.49166666666667,-17.796666666666667],[177.4911111111111,-17.79722222222222],[177.49055555555555,-17.79722222222222],[177.49055555555555,-17.7975],[177.48805555555555,-17.798055555555553],[177.48805555555555,-17.798333333333332],[177.48722222222221,-17.798333333333332],[177.48722222222221,-17.79861111111111],[177.48638888888888,-17.79861111111111],[177.48638888888888,-17.79888888888889],[177.48388888888888,-17.799166666666665],[177.48388888888888,-17.799444444444443],[177.48222222222222,-17.799444444444443],[177.48222222222222,-17.799722222222222],[177.47472222222223,-17.799722222222222],[177.47472222222223,-17.799444444444443],[177.47305555555556,-17.799444444444443],[177.47305555555556,-17.799166666666665],[177.46972222222223,-17.79861111111111],[177.46972222222223,-17.798333333333332],[177.4688888888889,-17.798333333333332],[177.4688888888889,-17.798055555555553],[177.4672222222222,-17.797777777777778],[177.46666666666667,-17.79722222222222],[177.46583333333334,-17.79722222222222],[177.46583333333334,-17.796944444444442],[177.4647222222222,-17.796666666666667],[177.46416666666667,-17.79611111111111],[177.46333333333334,-17.79611111111111],[177.46333333333334,-17.79583333333333],[177.4622222222222,-17.795555555555556],[177.46166666666667,-17.794999999999998],[177.4611111111111,-17.794999999999998],[177.46083333333334,-17.794444444444444],[177.46027777777778,-17.794444444444444],[177.46027777777778,-17.794166666666666],[177.4597222222222,-17.794166666666666],[177.45916666666668,-17.79361111111111],[177.45805555555555,-17.793333333333333],[177.45777777777778,-17.792777777777776],[177.4561111111111,-17.79222222222222],[177.45583333333332,-17.791666666666664],[177.45472222222222,-17.79138888888889],[177.45444444444445,-17.79083333333333],[177.45333333333332,-17.790555555555553],[177.45305555555555,-17.79],[177.45194444444445,-17.78972222222222],[177.45111111111112,-17.788888888888888],[177.45055555555555,-17.788888888888888],[177.45027777777779,-17.78833333333333],[177.44916666666666,-17.788055555555555],[177.4488888888889,-17.787499999999998],[177.44722222222222,-17.786944444444444],[177.44694444444443,-17.786388888888887],[177.44527777777776,-17.785833333333333],[177.44472222222223,-17.785277777777775],[177.44416666666666,-17.785277777777775],[177.4438888888889,-17.78472222222222],[177.44277777777776,-17.784444444444443],[177.44277777777776,-17.784166666666664],[177.44166666666666,-17.78388888888889],[177.44166666666666,-17.78361111111111],[177.44083333333333,-17.78361111111111],[177.44083333333333,-17.78333333333333],[177.44027777777777,-17.78333333333333],[177.44027777777777,-17.783055555555553],[177.43916666666667,-17.782777777777778],[177.43916666666667,-17.7825],[177.43833333333333,-17.7825],[177.43777777777777,-17.781944444444445],[177.43694444444444,-17.781944444444445],[177.43694444444444,-17.781666666666666],[177.4361111111111,-17.781666666666666],[177.4361111111111,-17.781388888888888],[177.43527777777777,-17.781388888888888],[177.43527777777777,-17.78111111111111],[177.43416666666667,-17.78111111111111],[177.43416666666667,-17.780833333333334],[177.43305555555554,-17.780833333333334],[177.43305555555554,-17.780555555555555],[177.43194444444444,-17.780555555555555],[177.43194444444444,-17.780277777777776],[177.43027777777777,-17.780277777777776],[177.43027777777777,-17.779999999999998],[177.42222222222222,-17.779999999999998],[177.42222222222222,-17.780277777777776],[177.42083333333332,-17.780277777777776],[177.42361111111111,-17.7775],[177.42361111111111,-17.771944444444443],[177.42388888888888,-17.772222222222222]]],[[[177.42333333333332,-17.7775],[177.42055555555555,-17.779999999999998],[177.42055555555555,-17.780555555555555],[177.41916666666665,-17.780555555555555],[177.41916666666665,-17.780833333333334],[177.41805555555555,-17.780833333333334],[177.41805555555555,-17.78111111111111],[177.41722222222222,-17.78111111111111],[177.41722222222222,-17.781388888888888],[177.4163888888889,-17.781388888888888],[177.4163888888889,-17.781666666666666],[177.41555555555556,-17.781666666666666],[177.41555555555556,-17.781944444444445],[177.4138888888889,-17.78222222222222],[177.4138888888889,-17.7825],[177.41333333333333,-17.7825],[177.41277777777776,-17.783055555555553],[177.41194444444443,-17.783055555555553],[177.4113888888889,-17.78361111111111],[177.41083333333333,-17.78361111111111],[177.41083333333333,-17.78388888888889],[177.41027777777776,-17.78388888888889],[177.40972222222223,-17.784444444444443],[177.40916666666666,-17.784444444444443],[177.40916666666666,-17.78472222222222],[177.4086111111111,-17.78472222222222],[177.40805555555556,-17.785277777777775],[177.4063888888889,-17.785833333333333],[177.4061111111111,-17.786388888888887],[177.40444444444444,-17.786944444444444],[177.40416666666667,-17.787499999999998],[177.40305555555554,-17.787777777777777],[177.40277777777777,-17.78833333333333],[177.4022222222222,-17.78833333333333],[177.40166666666667,-17.788888888888888],[177.4,-17.78861111111111],[177.4,-17.781666666666666],[177.40027777777777,-17.781666666666666],[177.40027777777777,-17.780277777777776],[177.4011111111111,-17.780277777777776],[177.40138888888887,-17.779722222222222],[177.4025,-17.779444444444444],[177.40277777777777,-17.778888888888886],[177.40444444444444,-17.778333333333332],[177.4047222222222,-17.777777777777775],[177.4063888888889,-17.77722222222222],[177.40666666666667,-17.776666666666667],[177.40722222222223,-17.776666666666667],[177.40777777777777,-17.77611111111111],[177.40833333333333,-17.77611111111111],[177.40833333333333,-17.77583333333333],[177.4088888888889,-17.77583333333333],[177.40944444444443,-17.775277777777777],[177.41055555555556,-17.775],[177.4111111111111,-17.774444444444445],[177.41166666666666,-17.774444444444445],[177.41166666666666,-17.774166666666666],[177.4125,-17.774166666666666],[177.4125,-17.773888888888887],[177.41305555555556,-17.773888888888887],[177.4136111111111,-17.773333333333333],[177.41444444444443,-17.773333333333333],[177.41444444444443,-17.773055555555555],[177.41666666666666,-17.772777777777776],[177.41666666666666,-17.772499999999997],[177.4175,-17.772499999999997],[177.4175,-17.772222222222222],[177.41861111111112,-17.772222222222222],[177.41861111111112,-17.771944444444443],[177.41916666666665,-17.771944444444443],[177.41916666666665,-17.772222222222222],[177.41944444444445,-17.771944444444443],[177.41972222222222,-17.772222222222222],[177.42,-17.771944444444443],[177.42222222222222,-17.771944444444443],[177.42222222222222,-17.771666666666665],[177.42277777777778,-17.771944444444443],[177.42277777777778,-17.77],[177.42333333333332,-17.76972222222222],[177.42333333333332,-17.7775]]],[[[177.42888888888888,-17.750277777777775],[177.4311111111111,-17.750277777777775],[177.4311111111111,-17.750555555555554],[177.4322222222222,-17.750555555555554],[177.43277777777777,-17.75111111111111],[177.4336111111111,-17.75111111111111],[177.43388888888887,-17.751666666666665],[177.4361111111111,-17.752499999999998],[177.43638888888887,-17.753055555555555],[177.4375,-17.753333333333334],[177.43777777777777,-17.753888888888888],[177.43833333333333,-17.753888888888888],[177.4386111111111,-17.75444444444444],[177.43916666666667,-17.75444444444444],[177.43944444444443,-17.755],[177.44,-17.755],[177.44027777777777,-17.755555555555553],[177.44083333333333,-17.755555555555553],[177.4425,-17.75722222222222],[177.44305555555556,-17.75722222222222],[177.4436111111111,-17.758055555555554],[177.44416666666666,-17.758055555555554],[177.445,-17.759166666666665],[177.44555555555556,-17.759166666666665],[177.44666666666666,-17.760555555555555],[177.44722222222222,-17.760555555555555],[177.44833333333332,-17.761944444444442],[177.4488888888889,-17.761944444444442],[177.45,-17.763333333333332],[177.45055555555555,-17.763333333333332],[177.45222222222222,-17.765277777777776],[177.45277777777778,-17.765277777777776],[177.4561111111111,-17.76861111111111],[177.45666666666665,-17.76861111111111],[177.45666666666665,-17.76972222222222],[177.4561111111111,-17.76972222222222],[177.45583333333332,-17.769166666666667],[177.45472222222222,-17.76888888888889],[177.45444444444445,-17.76833333333333],[177.45333333333332,-17.768055555555556],[177.45305555555555,-17.7675],[177.45194444444445,-17.76722222222222],[177.45111111111112,-17.766388888888887],[177.45055555555555,-17.766388888888887],[177.45027777777779,-17.765833333333333],[177.44916666666666,-17.765555555555554],[177.4488888888889,-17.765],[177.44722222222222,-17.764444444444443],[177.44694444444443,-17.76388888888889],[177.44472222222223,-17.763055555555553],[177.44444444444443,-17.7625],[177.44277777777776,-17.761944444444442],[177.44222222222223,-17.761388888888888],[177.44166666666666,-17.761388888888888],[177.44166666666666,-17.76111111111111],[177.4411111111111,-17.76111111111111],[177.4411111111111,-17.76083333333333],[177.44027777777777,-17.76083333333333],[177.43972222222223,-17.760277777777777],[177.43916666666667,-17.760277777777777],[177.43916666666667,-17.759999999999998],[177.43833333333333,-17.759999999999998],[177.43777777777777,-17.759444444444444],[177.43694444444444,-17.759444444444444],[177.43694444444444,-17.759166666666665],[177.4361111111111,-17.759166666666665],[177.4361111111111,-17.758888888888887],[177.43444444444444,-17.75861111111111],[177.43444444444444,-17.758333333333333],[177.4322222222222,-17.758055555555554],[177.4322222222222,-17.757777777777775],[177.43083333333334,-17.757777777777775],[177.43083333333334,-17.7575],[177.42833333333334,-17.7575],[177.42833333333334,-17.756944444444443],[177.4286111111111,-17.756944444444443],[177.42833333333334,-17.756666666666664],[177.42833333333334,-17.75],[177.42888888888888,-17.75],[177.42888888888888,-17.750277777777775]],[[177.4286111111111,-17.756666666666664],[177.42888888888888,-17.75638888888889],[177.4286111111111,-17.75638888888889],[177.4286111111111,-17.756666666666664]],[[177.42888888888888,-17.75638888888889],[177.42916666666667,-17.75611111111111],[177.42888888888888,-17.75611111111111],[177.42888888888888,-17.75638888888889]],[[177.42916666666667,-17.75611111111111],[177.42944444444444,-17.75583333333333],[177.42916666666667,-17.75583333333333],[177.42916666666667,-17.75611111111111]],[[177.42944444444444,-17.75583333333333],[177.4297222222222,-17.755555555555553],[177.42944444444444,-17.755555555555553],[177.42944444444444,-17.75583333333333]],[[177.4297222222222,-17.755555555555553],[177.43,-17.755277777777778],[177.4297222222222,-17.755277777777778],[177.4297222222222,-17.755555555555553]],[[177.43,-17.755277777777778],[177.43027777777777,-17.755],[177.43,-17.755],[177.43,-17.755277777777778]],[[177.43027777777777,-17.755],[177.43055555555554,-17.75472222222222],[177.43027777777777,-17.75472222222222],[177.43027777777777,-17.755]]],[[[177.42388888888888,-17.756944444444443],[177.42333333333332,-17.7575],[177.42333333333332,-17.752499999999998],[177.42388888888888,-17.751944444444444],[177.42805555555555,-17.751944444444444],[177.42805555555555,-17.756666666666664],[177.42833333333334,-17.756944444444443],[177.42388888888888,-17.756944444444443]]]]},"properties":{"level_m":2.5}},{"type":"Feature","geometry":{"type":"MultiPolygon","coordinates":[[[[177.48166666666665,-17.807777777777776],[177.48305555555555,-17.809166666666666],[177.48277777777778,-17.80972222222222],[177.48222222222222,-17.80972222222222],[177.48166666666665,-17.810277777777777],[177.48083333333332,-17.810277777777777],[177.48083333333332,-17.810555555555556],[177.47972222222222,-17.81083333333333],[177.47972222222222,-17.81111111111111],[177.4788888888889,-17.81111111111111],[177.4788888888889,-17.81138888888889],[177.4763888888889,-17.811944444444443],[177.4763888888889,-17.809444444444445],[177.47472222222223,-17.809444444444445],[177.47472222222223,-17.80972222222222],[177.47416666666666,-17.80972222222222],[177.47416666666666,-17.809444444444445],[177.47194444444443,-17.809444444444445],[177.47194444444443,-17.809166666666666],[177.4711111111111,-17.809444444444445],[177.4711111111111,-17.809166666666666],[177.46972222222223,-17.809166666666666],[177.46972222222223,-17.808888888888887],[177.4686111111111,-17.808888888888887],[177.4686111111111,-17.80861111111111],[177.46666666666667,-17.808333333333334],[177.4661111111111,-17.807777777777776],[177.46527777777777,-17.807777777777776],[177.46527777777777,-17.807499999999997],[177.4647222222222,-17.807499999999997],[177.46416666666667,-17.806944444444444],[177.4636111111111,-17.806944444444444],[177.4636111111111,-17.806666666666665],[177.46305555555554,-17.806666666666665],[177.4625,-17.80611111111111],[177.46083333333334,-17.805555555555554],[177.46083333333334,-17.805277777777775],[177.4586111111111,-17.804444444444442],[177.45833333333334,-17.80388888888889],[177.45666666666665,-17.80333333333333],[177.45638888888888,-17.802777777777777],[177.45527777777778,-17.8025],[177.45499999999998,-17.801944444444445],[177.45333333333332,-17.801388888888887],[177.45305555555555,-17.800833333333333],[177.45194444444445,-17.800555555555555],[177.45111111111112,-17.799722222222222],[177.45055555555555,-17.799722222222222],[177.45027777777779,-17.799166666666665],[177.44916666666666,-17.79888888888889],[177.4488888888889,-17.798333333333332],[177.4477777777778,-17.798055555555553],[177.4475,-17.7975],[177.44527777777776,-17.796666666666667],[177.445,-17.79611111111111],[177.44444444444443,-17.79611111111111],[177.44444444444443,-17.79583333333333],[177.44277777777776,-17.795277777777777],[177.44222222222223,-17.79472222222222],[177.4411111111111,-17.794444444444444],[177.4411111111111,-17.794166666666666],[177.44027777777777,-17.794166666666666],[177.44027777777777,-17.793888888888887],[177.4386111111111,-17.793333333333333],[177.4386111111111,-17.793055555555554],[177.43777777777777,-17.793055555555554],[177.4375,-17.7925],[177.43666666666667,-17.7925],[177.4361111111111,-17.791944444444443],[177.43416666666667,-17.791666666666664],[177.43333333333334,-17.79083333333333],[177.4311111111111,-17.790555555555553],[177.43055555555554,-17.79],[177.42916666666667,-17.79],[177.42916666666667,-17.78972222222222],[177.4275,-17.78944444444444],[177.42694444444444,-17.788888888888888],[177.42638888888888,-17.788888888888888],[177.42638888888888,-17.78861111111111],[177.42555555555555,-17.78861111111111],[177.42527777777778,-17.788055555555555],[177.42222222222222,-17.78833333333333],[177.42222222222222,-17.78861111111111],[177.42111111111112,-17.78861111111111],[177.42111111111112,-17.788888888888888],[177.41972222222222,-17.788888888888888],[177.41972222222222,-17.789166666666667],[177.4188888888889,-17.789166666666667],[177.4188888888889,-17.78944444444444],[177.41805555555555,-17.78944444444444],[177.41805555555555,-17.78972222222222],[177.41694444444445,-17.78972222222222],[177.4163888888889,-17.790277777777778],[177.41555555555556,-17.790277777777778],[177.415,-17.79083333333333],[177.41444444444443,-17.79083333333333],[177.41444444444443,-17.79111111111111],[177.41333333333333,-17.79111111111111],[177.41333333333333,-17.79138888888889],[177.41277777777776,-17.79138888888889],[177.41222222222223,-17.791944444444443],[177.41,-17.792777777777776],[177.40972222222223,-17.793333333333333],[177.40722222222223,-17.794166666666666],[177.40666666666667,-17.794999999999998],[177.40555555555554,-17.795277777777777],[177.40527777777777,-17.79611111111111],[177.4047222222222,-17.795555555555556],[177.40416666666667,-17.795555555555556],[177.40194444444444,-17.798055555555553],[177.40138888888887,-17.798055555555553],[177.4,-17.799444444444443],[177.4,-17.79111111111111],[177.40055555555554,-17.79083333333333],[177.40055555555554,-17.790277777777778],[177.40194444444444,-17.788888888888888],[177.40305555555554,-17.78861111111111],[177.40388888888887,-17.787777777777777],[177.40444444444444,-17.787777777777777],[177.4047222222222,-17.787222222222223],[177.4063888888889,-17.786666666666665],[177.40666666666667,-17.78611111111111],[177.40722222222223,-17.78611111111111],[177.40777777777777,-17.785555555555554],[177.40833333333333,-17.785555555555554],[177.40833333333333,-17.785277777777775],[177.41055555555556,-17.784444444444443],[177.4111111111111,-17.78388888888889],[177.41222222222223,-17.78361111111111],[177.41222222222223,-17.78333333333333],[177.41305555555556,-17.78333333333333],[177.41305555555556,-17.783055555555553],[177.41416666666666,-17.782777777777778],[177.41416666666666,-17.7825],[177.41666666666666,-17.781944444444445],[177.41666666666666,-17.781666666666666],[177.4175,-17.781666666666666],[177.4175,-17.781388888888888],[177.41833333333332,-17.781388888888888],[177.41833333333332,-17.78111111111111],[177.42083333333332,-17.780833333333334],[177.42083333333332,-17.780555555555555],[177.42249999999999,-17.780555555555555],[177.42249999999999,-17.780277777777776],[177.43,-17.780277777777776],[177.43,-17.780555555555555],[177.43166666666667,-17.780555555555555],[177.43166666666667,-17.780833333333334],[177.43388888888887,-17.78111111111111],[177.43388888888887,-17.781388888888888],[177.435,-17.781388888888888],[177.435,-17.781666666666666],[177.43583333333333,-17.781666666666666],[177.43583333333333,-17.781944444444445],[177.4375,-17.78222222222222],[177.43805555555556,-17.782777777777778],[177.4388888888889,-17.782777777777778],[177.43944444444443,-17.78333333333333],[177.44055555555556,-17.78361111111111],[177.44055555555556,-17.78388888888889],[177.4413888888889,-17.78388888888889],[177.44194444444443,-17.784444444444443],[177.4436111111111,-17.785],[177.4438888888889,-17.785555555555554],[177.44555555555556,-17.78611111111111],[177.4461111111111,-17.786666666666665],[177.44666666666666,-17.786666666666665],[177.44694444444443,-17.787222222222223],[177.44861111111112,-17.787777777777777],[177.4488888888889,-17.78833333333333],[177.45,-17.78861111111111],[177.45083333333332,-17.78944444444444],[177.45138888888889,-17.78944444444444],[177.45166666666665,-17.79],[177.45277777777778,-17.790277777777778],[177.45305555555555,-17.79083333333333],[177.45416666666665,-17.79111111111111],[177.45499999999998,-17.791944444444443],[177.45555555555555,-17.791944444444443],[177.45583333333332,-17.7925],[177.45749999999998,-17.793055555555554],[177.45777777777778,-17.79361111111111],[177.45833333333334,-17.79361111111111],[177.45888888888888,-17.794166666666666],[177.46055555555554,-17.79472222222222],[177.46083333333334,-17.795277777777777],[177.4625,-17.79583333333333],[177.46305555555554,-17.796388888888888],[177.46388888888887,-17.796388888888888],[177.46388888888887,-17.796666666666667],[177.465,-17.796944444444442],[177.46555555555554,-17.7975],[177.46638888888887,-17.7975],[177.46694444444444,-17.798055555555553],[177.46777777777777,-17.798055555555553],[177.46777777777777,-17.798333333333332],[177.4686111111111,-17.798333333333332],[177.4686111111111,-17.79861111111111],[177.46944444444443,-17.79861111111111],[177.46944444444443,-17.79888888888889],[177.47055555555556,-17.79888888888889],[177.47055555555556,-17.799166666666665],[177.47166666666666,-17.799166666666665],[177.47166666666666,-17.799444444444443],[177.47277777777776,-17.799444444444443],[177.47333333333333,-17.799999999999997],[177.4736111111111,-17.799722222222222],[177.47444444444443,-17.799722222222222],[177.47444444444443,-17.799999999999997],[177.4825,-17.799999999999997],[177.4825,-17.799722222222222],[177.48416666666665,-17.799722222222222],[177.48416666666665,-17.799444444444443],[177.48666666666665,-17.799166666666665],[177.48666666666665,-17.79888888888889],[177.48749999999998,-17.79888888888889],[177.48749999999998,-17.79861111111111],[177.48833333333332,-17.79861111111111],[177.48833333333332,-17.798333333333332],[177.48916666666665,-17.798333333333332],[177.48916666666665,-17.798055555555553],[177.49083333333334,-17.797777777777778],[177.49083333333334,-17.7975],[177.49194444444444,-17.79722222222222],[177.49194444444444,-17.796944444444442],[177.49277777777777,-17.796944444444442],[177.49277777777777,-17.796666666666667],[177.49388888888888,-17.796388888888888],[177.49388888888888,-17.79611111111111],[177.49444444444444,-17.79611111111111],[177.49444444444444,-17.79583333333333],[177.495,-17.79583333333333],[177.49555555555554,-17.795277777777777],[177.4972222222222,-17.79472222222222],[177.4972222222222,-17.794444444444444],[177.49833333333333,-17.794166666666666],[177.4986111111111,-17.79361111111111],[177.50027777777777,-17.793055555555554],[177.50055555555556,-17.7925],[177.50166666666667,-17.79222222222222],[177.50194444444443,-17.791666666666664],[177.50305555555556,-17.79138888888889],[177.50333333333333,-17.79083333333333],[177.50444444444443,-17.790555555555553],[177.50527777777776,-17.78972222222222],[177.50583333333333,-17.78972222222222],[177.5061111111111,-17.789166666666667],[177.50777777777776,-17.78861111111111],[177.50805555555556,-17.788055555555555],[177.50916666666666,-17.787777777777777],[177.50944444444443,-17.787222222222223],[177.51111111111112,-17.786666666666665],[177.5113888888889,-17.78611111111111],[177.51194444444445,-17.78611111111111],[177.5125,-17.785555555555554],[177.51305555555555,-17.785555555555554],[177.51305555555555,-17.785277777777775],[177.51527777777778,-17.784444444444443],[177.51583333333332,-17.78388888888889],[177.51694444444445,-17.78361111111111],[177.51694444444445,-17.78333333333333],[177.51777777777778,-17.78333333333333],[177.51777777777778,-17.783055555555553],[177.51888888888888,-17.782777777777778],[177.51888888888888,-17.7825],[177.5197222222222,-17.7825],[177.5197222222222,-17.79083333333333],[177.51805555555555,-17.79111111111111],[177.51805555555555,-17.79138888888889],[177.51749999999998,-17.79138888888889],[177.51694444444445,-17.791944444444443],[177.51472222222222,-17.792777777777776],[177.51444444444445,-17.793333333333333],[177.51305555555555,-17.79361111111111],[177.51305555555555,-17.793888888888887],[177.51194444444445,-17.794166666666666],[177.51194444444445,-17.794444444444444],[177.5113888888889,-17.794444444444444],[177.51111111111112,-17.794999999999998],[177.51,-17.795277777777777],[177.50972222222222,-17.79583333333333],[177.5086111111111,-17.79611111111111],[177.50833333333333,-17.796666666666667],[177.50722222222223,-17.796944444444442],[177.5063888888889,-17.797777777777778],[177.50583333333333,-17.797777777777778],[177.50555555555556,-17.798333333333332],[177.5038888888889,-17.79888888888889],[177.5036111111111,-17.799444444444443],[177.5025,-17.799722222222222],[177.5025,-17.799999999999997],[177.50194444444443,-17.799999999999997],[177.5013888888889,-17.800833333333333],[177.50083333333333,-17.800833333333333],[177.50083333333333,-17.80111111111111],[177.49916666666667,-17.801666666666666],[177.49916666666667,-17.801944444444445],[177.4986111111111,-17.801944444444445],[177.49833333333333,-17.8025],[177.4975,-17.8025],[177.4975,-17.802777777777777],[177.49638888888887,-17.803055555555556],[177.49555555555554,-17.80388888888889],[177.4947222222222,-17.80388888888889],[177.49416666666667,-17.804444444444442],[177.49333333333334,-17.804444444444442],[177.49305555555554,-17.805],[177.49166666666667,-17.805277777777775],[177.49166666666667,-17.805555555555554],[177.49083333333334,-17.805555555555554],[177.49027777777778,-17.80611111111111],[177.48888888888888,-17.80611111111111],[177.48833333333332,-17.806666666666665],[177.48583333333332,-17.806944444444444],[177.48583333333332,-17.807222222222222],[177.48194444444445,-17.807499999999997],[177.48166666666665,-17.807777777777776]],[[177.4736111111111,-17.799999999999997],[177.4738888888889,-17.800277777777776],[177.4738888888889,-17.799999999999997],[177.4736111111111,-17.799999999999997]],[[177.4738888888889,-17.800277777777776],[177.47416666666666,-17.800555555555555],[177.47416666666666,-17.800277777777776],[177.4738888888889,-17.800277777777776]],[[177.47416666666666,-17.800555555555555],[177.47444444444443,-17.800833333333333],[177.47444444444443,-17.800555555555555],[177.47416666666666,-17.800555555555555]],[[177.47444444444443,-17.800833333333333],[177.47472222222223,-17.80111111111111],[177.47472222222223,-17.800833333333333],[177.47444444444443,-17.800833333333333]],[[177.47472222222223,-17.80111111111111],[177.475,-17.801388888888887],[177.475,-17.80111111111111],[177.47472222222223,-17.80111111111111]],[[177.475,-17.801388888888887],[177.47527777777776,-17.801666666666666],[177.47527777777776,-17.801388888888887],[177.475,-17.801388888888887]],[[177.47527777777776,-17.801666666666666],[177.47555555555556,-17.801944444444445],[177.47555555555556,-17.801666666666666],[177.47527777777776,-17.801666666666666]],[[177.47555555555556,-17.801944444444445],[177.47583333333333,-17.80222222222222],[177.47583333333333,-17.801944444444445],[177.47555555555556,-17.801944444444445]],[[177.47583333333333,-17.80222222222222],[177.4761111111111,-17.8025],[177.4761111111111,-17.80222222222222],[177.47583333333333,-17.80222222222222]],[[177.4761111111111,-17.8025],[177.4763888888889,-17.802777777777777],[177.4763888888889,-17.8025],[177.4761111111111,-17.8025]],[[177.4763888888889,-17.802777777777777],[177.47666666666666,-17.803055555555556],[177.47666666666666,-17.802777777777777],[177.4763888888889,-17.802777777777777]],[[177.48166666666665,-17.807777777777776],[177.4813888888889,-17.807499999999997],[177.4813888888889,-17.807777777777776],[177.48166666666665,-17.807777777777776]]],[[[177.42416666666665,-17.770833333333332],[177.42666666666665,-17.771388888888886],[177.42666666666665,-17.771666666666665],[177.42805555555555,-17.771944444444443],[177.4286111111111,-17.772499999999997],[177.42944444444444,-17.772499999999997],[177.4297222222222,-17.772222222222222],[177.4297222222222,-17.772499999999997],[177.4336111111111,-17.772777777777776],[177.4336111111111,-17.773055555555555],[177.4361111111111,-17.773333333333333],[177.43666666666667,-17.773888888888887],[177.43777777777777,-17.773888888888887],[177.43777777777777,-17.774166666666666],[177.4386111111111,-17.774166666666666],[177.43916666666667,-17.77472222222222],[177.44083333333333,-17.775],[177.4411111111111,-17.775555555555556],[177.44194444444443,-17.775555555555556],[177.4425,-17.77611111111111],[177.44333333333333,-17.77611111111111],[177.44416666666666,-17.776944444444442],[177.4463888888889,-17.777777777777775],[177.4463888888889,-17.778055555555554],[177.4475,-17.778333333333332],[177.4475,-17.77861111111111],[177.44805555555556,-17.77861111111111],[177.44833333333332,-17.779166666666665],[177.4488888888889,-17.779166666666665],[177.45,-17.780277777777776],[177.45222222222222,-17.78111111111111],[177.4525,-17.781666666666666],[177.45416666666665,-17.78222222222222],[177.45444444444445,-17.782777777777778],[177.45555555555555,-17.783055555555553],[177.45638888888888,-17.78388888888889],[177.45694444444445,-17.78388888888889],[177.4572222222222,-17.784444444444443],[177.45833333333334,-17.78472222222222],[177.4586111111111,-17.785277777777775],[177.4597222222222,-17.785555555555554],[177.46,-17.78611111111111],[177.46305555555554,-17.787222222222223],[177.46333333333334,-17.787777777777777],[177.46416666666667,-17.787777777777777],[177.46416666666667,-17.788055555555555],[177.46583333333334,-17.78861111111111],[177.46638888888887,-17.789166666666667],[177.4672222222222,-17.789166666666667],[177.46777777777777,-17.78972222222222],[177.4686111111111,-17.78972222222222],[177.46916666666667,-17.790277777777778],[177.47055555555556,-17.790277777777778],[177.4711111111111,-17.79083333333333],[177.47194444444443,-17.79083333333333],[177.47194444444443,-17.79111111111111],[177.47333333333333,-17.79111111111111],[177.47333333333333,-17.79138888888889],[177.47444444444443,-17.79138888888889],[177.47444444444443,-17.791666666666664],[177.4763888888889,-17.791666666666664],[177.4763888888889,-17.791944444444443],[177.4775,-17.791944444444443],[177.4775,-17.791666666666664],[177.47805555555556,-17.791666666666664],[177.4786111111111,-17.79111111111111],[177.47916666666666,-17.79111111111111],[177.47916666666666,-17.79083333333333],[177.48,-17.79083333333333],[177.48055555555555,-17.790277777777778],[177.48305555555555,-17.79],[177.48333333333332,-17.78944444444444],[177.48472222222222,-17.78944444444444],[177.48472222222222,-17.789166666666667],[177.48555555555555,-17.789166666666667],[177.48583333333332,-17.78861111111111],[177.48666666666665,-17.78861111111111],[177.48666666666665,-17.78833333333333],[177.48749999999998,-17.78833333333333],[177.48805555555555,-17.787777777777777],[177.49055555555555,-17.787222222222223],[177.49083333333334,-17.786666666666665],[177.4922222222222,-17.786388888888887],[177.4922222222222,-17.78611111111111],[177.49388888888888,-17.785555555555554],[177.49388888888888,-17.785277777777775],[177.49444444444444,-17.785277777777775],[177.49444444444444,-17.785],[177.49555555555554,-17.78472222222222],[177.49555555555554,-17.784444444444443],[177.4961111111111,-17.784444444444443],[177.4961111111111,-17.784166666666664],[177.49666666666667,-17.784166666666664],[177.4972222222222,-17.78361111111111],[177.49888888888887,-17.783055555555553],[177.49916666666667,-17.7825],[177.50083333333333,-17.781944444444445],[177.5011111111111,-17.781388888888888],[177.50222222222223,-17.78111111111111],[177.5025,-17.780555555555555],[177.5036111111111,-17.780277777777776],[177.50444444444443,-17.779444444444444],[177.505,-17.779444444444444],[177.50527777777776,-17.778888888888886],[177.5063888888889,-17.77861111111111],[177.50666666666666,-17.778055555555554],[177.50777777777776,-17.777777777777775],[177.50805555555556,-17.77722222222222],[177.50972222222222,-17.776666666666667],[177.51,-17.77611111111111],[177.51166666666666,-17.775555555555556],[177.51194444444445,-17.775],[177.51361111111112,-17.774444444444445],[177.51416666666665,-17.773888888888887],[177.51638888888888,-17.773055555555555],[177.51638888888888,-17.772777777777776],[177.51722222222222,-17.772777777777776],[177.51722222222222,-17.772499999999997],[177.51777777777778,-17.772499999999997],[177.51833333333332,-17.771944444444443],[177.51916666666665,-17.771944444444443],[177.51916666666665,-17.771666666666665],[177.5197222222222,-17.771666666666665],[177.5197222222222,-17.781944444444445],[177.51749999999998,-17.782777777777778],[177.51749999999998,-17.783055555555553],[177.51666666666665,-17.783055555555553],[177.51611111111112,-17.78361111111111],[177.51555555555555,-17.78361111111111],[177.51555555555555,-17.78388888888889],[177.515,-17.78388888888889],[177.51444444444445,-17.784444444444443],[177.51388888888889,-17.784444444444443],[177.51388888888889,-17.78472222222222],[177.51333333333332,-17.78472222222222],[177.51277777777779,-17.785277777777775],[177.51111111111112,-17.785833333333333],[177.51083333333332,-17.786388888888887],[177.50916666666666,-17.786944444444444],[177.5088888888889,-17.787499999999998],[177.50777777777776,-17.787777777777777],[177.5075,-17.78833333333333],[177.50694444444443,-17.78833333333333],[177.5063888888889,-17.788888888888888],[177.50583333333333,-17.788888888888888],[177.50555555555556,-17.78944444444444],[177.50444444444443,-17.78972222222222],[177.50416666666666,-17.790277777777778],[177.50305555555556,-17.790555555555553],[177.50222222222223,-17.79138888888889],[177.50166666666667,-17.79138888888889],[177.5013888888889,-17.791944444444443],[177.50027777777777,-17.79222222222222],[177.5,-17.792777777777776],[177.49833333333333,-17.793333333333333],[177.49805555555554,-17.793888888888887],[177.49638888888887,-17.794444444444444],[177.49583333333334,-17.794999999999998],[177.49527777777777,-17.794999999999998],[177.49527777777777,-17.795277777777777],[177.4947222222222,-17.795277777777777],[177.4947222222222,-17.795555555555556],[177.4936111111111,-17.79583333333333],[177.4936111111111,-17.79611111111111],[177.49305555555554,-17.79611111111111],[177.4925,-17.796666666666667],[177.49166666666667,-17.796666666666667],[177.4911111111111,-17.79722222222222],[177.49055555555555,-17.79722222222222],[177.49055555555555,-17.7975],[177.48805555555555,-17.798055555555553],[177.48805555555555,-17.798333333333332],[177.48722222222221,-17.798333333333332],[177.48722222222221,-17.79861111111111],[177.48638888888888,-17.79861111111111],[177.48638888888888,-17.79888888888889],[177.48388888888888,-17.799166666666665],[177.48388888888888,-17.799444444444443],[177.48222222222222,-17.799444444444443],[177.48222222222222,-17.799722222222222],[177.47472222222223,-17.799722222222222],[177.47472222222223,-17.799444444444443],[177.47305555555556,-17.799444444444443],[177.47305555555556,-17.799166666666665],[177.46972222222223,-17.79861111111111],[177.46972222222223,-17.798333333333332],[177.4688888888889,-17.798333333333332],[177.4688888888889,-17.798055555555553],[177.4672222222222,-17.797777777777778],[177.46666666666667,-17.79722222222222],[177.46583333333334,-17.79722222222222],[177.46583333333334,-17.796944444444442],[177.4647222222222,-17.796666666666667],[177.46416666666667,-17.79611111111111],[177.46333333333334,-17.79611111111111],[177.46333333333334,-17.79583333333333],[177.4622222222222,-17.795555555555556],[177.46166666666667,-17.794999999999998],[177.4611111111111,-17.794999999999998],[177.46083333333334,-17.794444444444444],[177.46027777777778,-17.794444444444444],[177.46027777777778,-17.794166666666666],[177.4597222222222,-17.794166666666666],[177.45916666666668,-17.79361111111111],[177.45805555555555,-17.793333333333333],[177.45777777777778,-17.792777777777776],[177.4561111111111,-17.79222222222222],[177.45583333333332,-17.791666666666664],[177.45472222222222,-17.79138888888889],[177.45444444444445,-17.79083333333333],[177.45333333333332,-17.790555555555553],[177.45305555555555,-17.79],[177.45194444444445,-17.78972222222222],[177.45111111111112,-17.788888888888888],[177.45055555555555,-17.788888888888888],[177.45027777777779,-17.78833333333333],[177.44916666666666,-17.788055555555555],[177.4488888888889,-17.787499999999998],[177.44722222222222,-17.786944444444444],[177.44694444444443,-17.786388888888887],[177.44527777777776,-17.785833333333333],[177.44472222222223,-17.785277777777775],[177.44416666666666,-17.785277777777775],[177.4438888888889,-17.78472222222222],[177.44277777777776,-17.784444444444443],[177.44277777777776,-17.784166666666664],[177.44166666666666,-17.78388888888889],[177.44166666666666,-17.78361111111111],[177.44083333333333,-17.78361111111111],[177.44083333333333,-17.78333333333333],[177.44027777777777,-17.78333333333333],[177.44027777777777,-17.783055555555553],[177.43916666666667,-17.782777777777778],[177.43916666666667,-17.7825],[177.43833333333333,-17.7825],[177.43777777777777,-17.781944444444445],[177.43694444444444,-17.781944444444445],[177.43694444444444,-17.781666666666666],[177.4361111111111,-17.781666666666666],[177.4361111111111,-17.781388888888888],[177.43527777777777,-17.781388888888888],[177.43527777777777,-17.78111111111111],[177.43416666666667,-17.78111111111111],[177.43416666666667,-17.780833333333334],[177.43305555555554,-17.780833333333334],[177.43305555555554,-17.780555555555555],[177.43194444444444,-17.780555555555555],[177.43194444444444,-17.780277777777776],[177.43027777777777,-17.780277777777776],[177.43027777777777,-17.779999999999998],[177.42222222222222,-17.779999999999998],[177.42222222222222,-17.780277777777776],[177.42083333333332,-17.780277777777776],[177.42361111111111,-17.7775],[177.42361111111111,-17.770555555555553],[177.42416666666665,-17.770555555555553],[177.42416666666665,-17.770833333333332]]],[[[177.42333333333332,-17.7775],[177.42055555555555,-17.779999999999998],[177.42055555555555,-17.780555555555555],[177.41916666666665,-17.780555555555555],[177.41916666666665,-17.780833333333334],[177.41805555555555,-17.780833333333334],[177.41805555555555,-17.78111111111111],[177.41722222222222,-17.78111111111111],[177.41722222222222,-17.781388888888888],[177.4163888888889,-17.781388888888888],[177.4163888888889,-17.781666666666666],[177.41555555555556,-17.781666666666666],[177.41555555555556,-17.781944444444445],[177.4138888888889,-17.78222222222222],[177.4138888888889,-17.7825],[177.41333333333333,-17.7825],[177.41277777777776,-17.783055555555553],[177.41194444444443,-17.783055555555553],[177.4113888888889,-17.78361111111111],[177.41083333333333,-17.78361111111111],[177.41083333333333,-17.78388888888889],[177.41027777777776,-17.78388888888889],[177.40972222222223,-17.784444444444443],[177.40916666666666,-17.784444444444443],[177.40916666666666,-17.78472222222222],[177.4086111111111,-17.78472222222222],[177.40805555555556,-17.785277777777775],[177.4063888888889,-17.785833333333333],[177.4061111111111,-17.786388888888887],[177.40444444444444,-17.786944444444444],[177.40416666666667,-17.787499999999998],[177.40305555555554,-17.787777777777777],[177.40277777777777,-17.78833333333333],[177.4022222222222,-17.78833333333333],[177.40166666666667,-17.788888888888888],[177.4,-17.78861111111111],[177.4,-17.780277777777776],[177.40027777777777,-17.780277777777776],[177.40027777777777,-17.778888888888886],[177.40166666666667,-17.77861111111111],[177.40194444444444,-17.778055555555554],[177.40305555555554,-17.777777777777775],[177.40333333333334,-17.77722222222222],[177.405,-17.776666666666667],[177.40527777777777,-17.77611111111111],[177.40694444444443,-17.775555555555556],[177.40722222222223,-17.775],[177.4088888888889,-17.774444444444445],[177.40944444444443,-17.773888888888887],[177.41166666666666,-17.773055555555555],[177.41166666666666,-17.772777777777776],[177.4125,-17.772777777777776],[177.4125,-17.772499999999997],[177.41305555555556,-17.772499999999997],[177.4136111111111,-17.771944444444443],[177.41444444444443,-17.771944444444443],[177.41444444444443,-17.771666666666665],[177.41666666666666,-17.771388888888886],[177.41666666666666,-17.77111111111111],[177.4175,-17.77111111111111],[177.4175,-17.770833333333332],[177.41861111111112,-17.770833333333332],[177.41861111111112,-17.770555555555553],[177.4188888888889,-17.770833333333332],[177.41944444444445,-17.770833333333332],[177.41944444444445,-17.770555555555553],[177.41972222222222,-17.770833333333332],[177.42,-17.770555555555553],[177.42222222222222,-17.770555555555553],[177.42222222222222,-17.77027777777778],[177.42277777777778,-17.77027777777778],[177.42277777777778,-17.76861111111111],[177.42333333333332,-17.76833333333333],[177.42333333333332,-17.7775]]],[[[177.42888888888888,-17.750277777777775],[177.4311111111111,-17.750277777777775],[177.4311111111111,-17.750555555555554],[177.4325,-17.750555555555554],[177.4325,-17.750833333333333],[177.4336111111111,-17.750833333333333],[177.4336111111111,-17.75111111111111],[177.4347222222222,-17.75111111111111],[177.4347222222222,-17.751388888888886],[177.43555555555554,-17.751388888888886],[177.43555555555554,-17.751666666666665],[177.43638888888887,-17.751666666666665],[177.43666666666667,-17.752222222222223],[177.43777777777777,-17.752499999999998],[177.43805555555556,-17.753055555555555],[177.4386111111111,-17.753055555555555],[177.4388888888889,-17.75361111111111],[177.43944444444443,-17.75361111111111],[177.43972222222223,-17.754166666666666],[177.44027777777777,-17.754166666666666],[177.44194444444443,-17.75583333333333],[177.4425,-17.75583333333333],[177.44305555555556,-17.756666666666664],[177.4436111111111,-17.756666666666664],[177.44416666666666,-17.7575],[177.44472222222223,-17.7575],[177.44555555555556,-17.75861111111111],[177.4461111111111,-17.75861111111111],[177.44722222222222,-17.759999999999998],[177.4477777777778,-17.759999999999998],[177.4488888888889,-17.761388888888888],[177.44944444444445,-17.761388888888888],[177.45083333333332,-17.763055555555553],[177.45138888888889,-17.763055555555553],[177.45472222222222,-17.766388888888887],[177.45527777777778,-17.766388888888887],[177.45666666666665,-17.767777777777777],[177.45666666666665,-17.76972222222222],[177.4561111111111,-17.76972222222222],[177.45583333333332,-17.769166666666667],[177.45472222222222,-17.76888888888889],[177.45444444444445,-17.76833333333333],[177.45333333333332,-17.768055555555556],[177.45305555555555,-17.7675],[177.45194444444445,-17.76722222222222],[177.45111111111112,-17.766388888888887],[177.45055555555555,-17.766388888888887],[177.45027777777779,-17.765833333333333],[177.44916666666666,-17.765555555555554],[177.4488888888889,-17.765],[177.44722222222222,-17.764444444444443],[177.44694444444443,-17.76388888888889],[177.44472222222223,-17.763055555555553],[177.44444444444443,-17.7625],[177.44277777777776,-17.761944444444442],[177.44222222222223,-17.761388888888888],[177.44166666666666,-17.761388888888888],[177.44166666666666,-17.76111111111111],[177.4411111111111,-17.76111111111111],[177.4411111111111,-17.76083333333333],[177.44027777777777,-17.76083333333333],[177.43972222222223,-17.760277777777777],[177.43916666666667,-17.760277777777777],[177.43916666666667,-17.759999999999998],[177.43833333333333,-17.759999999999998],[177.43777777777777,-17.759444444444444],[177.43694444444444,-17.759444444444444],[177.43694444444444,-17.759166666666665],[177.4361111111111,-17.759166666666665],[177.4361111111111,-17.758888888888887],[177.43444444444444,-17.75861111111111],[177.43444444444444,-17.758333333333333],[177.4322222222222,-17.758055555555554],[177.4322222222222,-17.757777777777775],[177.43083333333334,-17.757777777777775],[177.43083333333334,-17.7575],[177.42833333333334,-17.7575],[177.42833333333334,-17.756944444444443],[177.4286111111111,-17.756944444444443],[177.42833333333334,-17.756666666666664],[177.42833333333334,-17.75],[177.42888888888888,-17.75],[177.42888888888888,-17.750277777777775]],[[177.4286111111111,-17.756666666666664],[177.42888888888888,-17.75638888888889],[177.4286111111111,-17.75638888888889],[177.4286111111111,-17.756666666666664]],[[177.42888888888888,-17.75638888888889],[177.42916666666667,-17.75611111111111],[177.42888888888888,-17.75611111111111],[177.42888888888888,-17.75638888888889]],[[177.42916666666667,-17.75611111111111],[177.42944444444444,-17.75583333333333],[177.42916666666667,-17.75583333333333],[177.42916666666667,-17.75611111111111]],[[177.42944444444444,-17.75583333333333],[177.4297222222222,-17.755555555555553],[177.42944444444444,-17.755555555555553],[177.42944444444444,-17.75583333333333]],[[177.4297222222222,-17.755555555555553],[177.43,-17.755277777777778],[177.4297222222222,-17.755277777777778],[177.4297222222222,-17.755555555555553]],[[177.43,-17.755277777777778],[177.43027777777777,-17.755],[177.43,-17.755],[177.43,-17.755277777777778]],[[177.43027777777777,-17.755],[177.43055555555554,-17.75472222222222],[177.43027777777777,-17.75472222222222],[177.43027777777777,-17.755]]],[[[177.42388888888888,-17.756944444444443],[177.42333333333332,-17.7575],[177.42333333333332,-17.751388888888886],[177.42388888888888,-17.750833333333333],[177.42805555555555,-17.750833333333333],[177.42805555555555,-17.756666666666664],[177.42833333333334,-17.756944444444443],[177.42388888888888,-17.756944444444443]]]]},"properties":{"level_m":3.0}},{"type":"Feature","geometry":{"type":"MultiPolygon","coordinates":[[[[177.47444444444443,-17.799722222222222],[177.47444444444443,-17.799999999999997],[177.4825,-17.799999999999997],[177.4825,-17.799722222222222],[177.48555555555555,-17.799444444444443],[177.48555555555555,-17.799166666666665],[177.48666666666665,-17.799166666666665],[177.48666666666665,-17.79888888888889],[177.48749999999998,-17.79888888888889],[177.48749999999998,-17.79861111111111],[177.48833333333332,-17.79861111111111],[177.48833333333332,-17.798333333333332],[177.48916666666665,-17.798333333333332],[177.48916666666665,-17.798055555555553],[177.49083333333334,-17.797777777777778],[177.49083333333334,-17.7975],[177.49194444444444,-17.79722222222222],[177.49194444444444,-17.796944444444442],[177.49277777777777,-17.796944444444442],[177.49277777777777,-17.796666666666667],[177.49388888888888,-17.796388888888888],[177.49388888888888,-17.79611111111111],[177.49444444444444,-17.79611111111111],[177.49444444444444,-17.79583333333333],[177.495,-17.79583333333333],[177.49555555555554,-17.795277777777777],[177.4972222222222,-17.79472222222222],[177.4972222222222,-17.794444444444444],[177.49833333333333,-17.794166666666666],[177.4986111111111,-17.79361111111111],[177.50027777777777,-17.793055555555554],[177.50055555555556,-17.7925],[177.50166666666667,-17.79222222222222],[177.50194444444443,-17.791666666666664],[177.50305555555556,-17.79138888888889],[177.50333333333333,-17.79083333333333],[177.50444444444443,-17.790555555555553],[177.50527777777776,-17.78972222222222],[177.50583333333333,-17.78972222222222],[177.5061111111111,-17.789166666666667],[177.50777777777776,-17.78861111111111],[177.50805555555556,-17.788055555555555],[177.50916666666666,-17.787777777777777],[177.50944444444443,-17.787222222222223],[177.51111111111112,-17.786666666666665],[177.5113888888889,-17.78611111111111],[177.51194444444445,-17.78611111111111],[177.5125,-17.785555555555554],[177.51305555555555,-17.785555555555554],[177.51305555555555,-17.785277777777775],[177.51527777777778,-17.784444444444443],[177.51583333333332,-17.78388888888889],[177.51694444444445,-17.78361111111111],[177.51694444444445,-17.78333333333333],[177.51777777777778,-17.78333333333333],[177.51777777777778,-17.783055555555553],[177.51888888888888,-17.782777777777778],[177.51888888888888,-17.7825],[177.5197222222222,-17.7825],[177.5197222222222,-17.791666666666664],[177.51944444444445,-17.791944444444443],[177.51888888888888,-17.791944444444443],[177.51833333333332,-17.7925],[177.51749999999998,-17.7925],[177.51722222222222,-17.793055555555554],[177.51666666666665,-17.793055555555554],[177.51611111111112,-17.79361111111111],[177.51527777777778,-17.79361111111111],[177.51472222222222,-17.794166666666666],[177.51416666666665,-17.794166666666666],[177.51388888888889,-17.79472222222222],[177.51333333333332,-17.79472222222222],[177.51277777777779,-17.795277777777777],[177.51055555555556,-17.79611111111111],[177.5102777777778,-17.796666666666667],[177.50916666666666,-17.796944444444442],[177.5088888888889,-17.7975],[177.50777777777776,-17.797777777777778],[177.5075,-17.798333333333332],[177.5063888888889,-17.79861111111111],[177.5061111111111,-17.799166666666665],[177.50444444444443,-17.799722222222222],[177.50416666666666,-17.800277777777776],[177.50305555555556,-17.800555555555555],[177.50222222222223,-17.801388888888887],[177.5,-17.80222222222222],[177.49944444444444,-17.803055555555556],[177.49805555555554,-17.80333333333333],[177.4972222222222,-17.804166666666667],[177.49638888888887,-17.804166666666667],[177.49555555555554,-17.805],[177.4947222222222,-17.805],[177.49416666666667,-17.805555555555554],[177.4936111111111,-17.805555555555554],[177.49305555555554,-17.80611111111111],[177.4922222222222,-17.80611111111111],[177.49166666666667,-17.806666666666665],[177.49083333333334,-17.806666666666665],[177.49083333333334,-17.806944444444444],[177.4897222222222,-17.806944444444444],[177.48916666666665,-17.807499999999997],[177.48805555555555,-17.807499999999997],[177.48805555555555,-17.807777777777776],[177.48694444444445,-17.807777777777776],[177.48694444444445,-17.808055555555555],[177.48555555555555,-17.808055555555555],[177.48555555555555,-17.808333333333334],[177.4825,-17.80861111111111],[177.48388888888888,-17.81],[177.48388888888888,-17.810555555555556],[177.48333333333332,-17.810555555555556],[177.48277777777778,-17.81111111111111],[177.48194444444445,-17.81111111111111],[177.48194444444445,-17.81138888888889],[177.48083333333332,-17.811666666666664],[177.48083333333332,-17.811944444444443],[177.48,-17.811944444444443],[177.47944444444445,-17.8125],[177.47666666666666,-17.813055555555554],[177.47666666666666,-17.813333333333333],[177.4763888888889,-17.813333333333333],[177.4763888888889,-17.810555555555556],[177.4761111111111,-17.81083333333333],[177.47472222222223,-17.81083333333333],[177.47472222222223,-17.81111111111111],[177.47416666666666,-17.81111111111111],[177.47416666666666,-17.81083333333333],[177.4725,-17.81083333333333],[177.4725,-17.810555555555556],[177.4711111111111,-17.810555555555556],[177.4711111111111,-17.810277777777777],[177.47055555555556,-17.810555555555556],[177.47055555555556,-17.810277777777777],[177.46972222222223,-17.810277777777777],[177.46972222222223,-17.81],[177.4686111111111,-17.81],[177.4686111111111,-17.80972222222222],[177.46777777777777,-17.80972222222222],[177.46777777777777,-17.809444444444445],[177.46638888888887,-17.809444444444445],[177.4661111111111,-17.808888888888887],[177.4636111111111,-17.808333333333334],[177.46333333333334,-17.807777777777776],[177.46277777777777,-17.807777777777776],[177.46277777777777,-17.807499999999997],[177.46055555555554,-17.806666666666665],[177.46,-17.80611111111111],[177.45888888888888,-17.805833333333332],[177.4586111111111,-17.805277777777775],[177.45694444444445,-17.80472222222222],[177.45666666666665,-17.804166666666667],[177.45555555555555,-17.80388888888889],[177.45527777777778,-17.80333333333333],[177.45472222222222,-17.80333333333333],[177.45388888888888,-17.8025],[177.45277777777778,-17.80222222222222],[177.4525,-17.801666666666666],[177.45083333333332,-17.80111111111111],[177.45055555555555,-17.800555555555555],[177.44944444444445,-17.800277777777776],[177.44861111111112,-17.799444444444443],[177.44805555555556,-17.799444444444443],[177.4477777777778,-17.79888888888889],[177.4461111111111,-17.798333333333332],[177.44583333333333,-17.797777777777778],[177.44527777777776,-17.797777777777778],[177.44472222222223,-17.79722222222222],[177.44416666666666,-17.79722222222222],[177.44416666666666,-17.796944444444442],[177.4436111111111,-17.796944444444442],[177.44305555555556,-17.796388888888888],[177.44194444444443,-17.79611111111111],[177.44194444444443,-17.79583333333333],[177.4411111111111,-17.79583333333333],[177.4411111111111,-17.795277777777777],[177.4386111111111,-17.79472222222222],[177.43833333333333,-17.794166666666666],[177.4375,-17.794166666666666],[177.4375,-17.793888888888887],[177.43666666666667,-17.793888888888887],[177.4361111111111,-17.793333333333333],[177.43527777777777,-17.793333333333333],[177.435,-17.792777777777776],[177.43333333333334,-17.7925],[177.43333333333334,-17.79222222222222],[177.4325,-17.79222222222222],[177.4325,-17.791944444444443],[177.4311111111111,-17.791944444444443],[177.43083333333334,-17.79138888888889],[177.42944444444444,-17.79138888888889],[177.42944444444444,-17.79111111111111],[177.4275,-17.79083333333333],[177.4275,-17.790555555555553],[177.42638888888888,-17.790277777777778],[177.42638888888888,-17.79],[177.42555555555555,-17.79],[177.42472222222221,-17.789166666666667],[177.42416666666665,-17.789166666666667],[177.42416666666665,-17.78944444444444],[177.42222222222222,-17.78944444444444],[177.42222222222222,-17.78972222222222],[177.42111111111112,-17.78972222222222],[177.42111111111112,-17.79],[177.4177777777778,-17.790555555555553],[177.41722222222222,-17.79111111111111],[177.4163888888889,-17.79111111111111],[177.41583333333332,-17.791666666666664],[177.41472222222222,-17.791666666666664],[177.41472222222222,-17.791944444444443],[177.41416666666666,-17.791944444444443],[177.4136111111111,-17.7925],[177.41277777777776,-17.7925],[177.4125,-17.793055555555554],[177.41194444444443,-17.793055555555554],[177.4113888888889,-17.79361111111111],[177.41055555555556,-17.79361111111111],[177.41,-17.794166666666666],[177.40944444444443,-17.794166666666666],[177.40916666666666,-17.79472222222222],[177.40694444444443,-17.795555555555556],[177.4061111111111,-17.796666666666667],[177.40555555555554,-17.796666666666667],[177.405,-17.79611111111111],[177.4022222222222,-17.799166666666665],[177.40166666666667,-17.799166666666665],[177.4,-17.800833333333333],[177.4,-17.79111111111111],[177.40055555555554,-17.79083333333333],[177.40055555555554,-17.790277777777778],[177.40194444444444,-17.788888888888888],[177.40305555555554,-17.78861111111111],[177.40388888888887,-17.787777777777777],[177.40444444444444,-17.787777777777777],[177.4047222222222,-17.787222222222223],[177.4063888888889,-17.786666666666665],[177.40666666666667,-17.78611111111111],[177.40722222222223,-17.78611111111111],[177.40777777777777,-17.785555555555554],[177.40833333333333,-17.785555555555554],[177.40833333333333,-17.785277777777775],[177.41055555555556,-17.784444444444443],[177.4111111111111,-17.78388888888889],[177.41222222222223,-17.78361111111111],[177.41222222222223,-17.78333333333333],[177.41305555555556,-17.78333333333333],[177.41305555555556,-17.783055555555553],[177.41416666666666,-17.782777777777778],[177.41416666666666,-17.7825],[177.41666666666666,-17.781944444444445],[177.41666666666666,-17.781666666666666],[177.4175,-17.781666666666666],[177.4175,-17.781388888888888],[177.41833333333332,-17.781388888888888],[177.41833333333332,-17.78111111111111],[177.42083333333332,-17.780833333333334],[177.42083333333332,-17.780555555555555],[177.42249999999999,-17.780555555555555],[177.42249999999999,-17.780277777777776],[177.43,-17.780277777777776],[177.43,-17.780555555555555],[177.43166666666667,-17.780555555555555],[177.43166666666667,-17.780833333333334],[177.43388888888887,-17.78111111111111],[177.43388888888887,-17.781388888888888],[177.435,-17.781388888888888],[177.435,-17.781666666666666],[177.43583333333333,-17.781666666666666],[177.43583333333333,-17.781944444444445],[177.4375,-17.78222222222222],[177.43805555555556,-17.782777777777778],[177.4388888888889,-17.782777777777778],[177.43944444444443,-17.78333333333333],[177.44055555555556,-17.78361111111111],[177.44055555555556,-17.78388888888889],[177.4413888888889,-17.78388888888889],[177.44194444444443,-17.784444444444443],[177.4436111111111,-17.785],[177.4438888888889,-17.785555555555554],[177.44555555555556,-17.78611111111111],[177.4461111111111,-17.786666666666665],[177.44666666666666,-17.786666666666665],[177.44694444444443,-17.787222222222223],[177.44861111111112,-17.787777777777777],[177.4488888888889,-17.78833333333333],[177.45,-17.78861111111111],[177.45083333333332,-17.78944444444444],[177.45138888888889,-17.78944444444444],[177.45166666666665,-17.79],[177.45277777777778,-17.790277777777778],[177.45305555555555,-17.79083333333333],[177.45416666666665,-17.79111111111111],[177.45499999999998,-17.791944444444443],[177.45555555555555,-17.791944444444443],[177.45583333333332,-17.7925],[177.45749999999998,-17.793055555555554],[177.45777777777778,-17.79361111111111],[177.45833333333334,-17.79361111111111],[177.45888888888888,-17.794166666666666],[177.46055555555554,-17.79472222222222],[177.46083333333334,-17.795277777777777],[177.4625,-17.79583333333333],[177.46305555555554,-17.796388888888888],[177.46388888888887,-17.796388888888888],[177.46388888888887,-17.796666666666667],[177.465,-17.796944444444442],[177.46555555555554,-17.7975],[177.46638888888887,-17.7975],[177.46694444444444,-17.798055555555553],[177.46777777777777,-17.798055555555553],[177.46777777777777,-17.798333333333332],[177.4686111111111,-17.798333333333332],[177.4686111111111,-17.79861111111111],[177.46944444444443,-17.79861111111111],[177.46944444444443,-17.79888888888889],[177.47277777777776,-17.799444444444443],[177.47333333333333,-17.799999999999997],[177.4736111111111,-17.799722222222222],[177.47444444444443,-17.799722222222222]],[[177.4736111111111,-17.799999999999997],[177.4738888888889,-17.800277777777776],[177.4738888888889,-17.799999999999997],[177.4736111111111,-17.799999999999997]],[[177.4738888888889,-17.800277777777776],[177.47416666666666,-17.800555555555555],[177.47416666666666,-17.800277777777776],[177.4738888888889,-17.800277777777776]],[[177.47416666666666,-17.800555555555555],[177.47444444444443,-17.800833333333333],[177.47444444444443,-17.800555555555555],[177.47416666666666,-17.800555555555555]],[[177.47444444444443,-17.800833333333333],[177.47472222222223,-17.80111111111111],[177.47472222222223,-17.800833333333333],[177.47444444444443,-17.800833333333333]],[[177.47472222222223,-17.80111111111111],[177.475,-17.801388888888887],[177.475,-17.80111111111111],[177.47472222222223,-17.80111111111111]],[[177.475,-17.801388888888887],[177.47527777777776,-17.801666666666666],[177.47527777777776,-17.801388888888887],[177.475,-17.801388888888887]],[[177.47527777777776,-17.801666666666666],[177.47555555555556,-17.801944444444445],[177.47555555555556,-17.801666666666666],[177.47527777777776,-17.801666666666666]],[[177.47555555555556,-17.801944444444445],[177.47583333333333,-17.80222222222222],[177.47583333333333,-17.801944444444445],[177.47555555555556,-17.801944444444445]],[[177.47583333333333,-17.80222222222222],[177.4761111111111,-17.8025],[177.4761111111111,-17.80222222222222],[177.47583333333333,-17.80222222222222]],[[177.4761111111111,-17.8025],[177.4763888888889,-17.802777777777777],[177.4763888888889,-17.8025],[177.4761111111111,-17.8025]],[[177.4763888888889,-17.802777777777777],[177.47666666666666,-17.803055555555556],[177.47666666666666,-17.802777777777777],[177.4763888888889,-17.802777777777777]]],[[[177.42388888888888,-17.769444444444442],[177.42499999999998,-17.769444444444442],[177.42499999999998,-17.76972222222222],[177.42583333333332,-17.76972222222222],[177.42583333333332,-17.77],[177.42666666666665,-17.77],[177.42666666666665,-17.77027777777778],[177.4275,-17.77027777777778],[177.42805555555555,-17.770833333333332],[177.4286111111111,-17.770833333333332],[177.4286111111111,-17.77111111111111],[177.42944444444444,-17.77111111111111],[177.42944444444444,-17.771388888888886],[177.4311111111111,-17.771388888888886],[177.4311111111111,-17.771666666666665],[177.43305555555554,-17.771666666666665],[177.43305555555554,-17.771944444444443],[177.43583333333333,-17.772222222222222],[177.43583333333333,-17.772499999999997],[177.4375,-17.772777777777776],[177.4375,-17.773055555555555],[177.4386111111111,-17.773055555555555],[177.4388888888889,-17.77361111111111],[177.44083333333333,-17.773888888888887],[177.44083333333333,-17.774166666666666],[177.4413888888889,-17.774166666666666],[177.4413888888889,-17.774444444444445],[177.4425,-17.77472222222222],[177.4425,-17.775],[177.44333333333333,-17.775],[177.4436111111111,-17.775555555555556],[177.44472222222223,-17.77583333333333],[177.44472222222223,-17.77611111111111],[177.4463888888889,-17.776666666666667],[177.44694444444443,-17.77722222222222],[177.4475,-17.77722222222222],[177.4477777777778,-17.777777777777775],[177.44944444444445,-17.778333333333332],[177.44972222222222,-17.778888888888886],[177.45027777777779,-17.778888888888886],[177.45111111111112,-17.779722222222222],[177.45277777777778,-17.780277777777776],[177.45305555555555,-17.780833333333334],[177.45472222222222,-17.781388888888888],[177.45499999999998,-17.781944444444445],[177.4561111111111,-17.78222222222222],[177.45638888888888,-17.782777777777778],[177.45749999999998,-17.783055555555553],[177.45777777777778,-17.78361111111111],[177.45833333333334,-17.78361111111111],[177.45916666666668,-17.784444444444443],[177.46083333333334,-17.785],[177.46138888888888,-17.785555555555554],[177.46194444444444,-17.785555555555554],[177.4622222222222,-17.78611111111111],[177.46333333333334,-17.786388888888887],[177.46333333333334,-17.786666666666665],[177.46416666666667,-17.786666666666665],[177.46416666666667,-17.786944444444444],[177.46583333333334,-17.787499999999998],[177.46583333333334,-17.787777777777777],[177.46666666666667,-17.787777777777777],[177.4672222222222,-17.78833333333333],[177.46805555555554,-17.78833333333333],[177.46805555555554,-17.78861111111111],[177.46944444444443,-17.788888888888888],[177.47,-17.78944444444444],[177.4713888888889,-17.78944444444444],[177.4713888888889,-17.78972222222222],[177.47222222222223,-17.78972222222222],[177.47222222222223,-17.79],[177.4736111111111,-17.79],[177.4736111111111,-17.790277777777778],[177.47444444444443,-17.790277777777778],[177.47444444444443,-17.790555555555553],[177.4763888888889,-17.790555555555553],[177.4763888888889,-17.79083333333333],[177.47722222222222,-17.79083333333333],[177.4775,-17.790277777777778],[177.47805555555556,-17.790277777777778],[177.4786111111111,-17.78972222222222],[177.47944444444445,-17.78972222222222],[177.48,-17.789166666666667],[177.48083333333332,-17.789166666666667],[177.48083333333332,-17.788888888888888],[177.48166666666665,-17.788888888888888],[177.48166666666665,-17.78861111111111],[177.48333333333332,-17.78861111111111],[177.48333333333332,-17.788055555555555],[177.48583333333332,-17.787777777777777],[177.48583333333332,-17.787499999999998],[177.48749999999998,-17.787222222222223],[177.48805555555555,-17.786666666666665],[177.4897222222222,-17.786388888888887],[177.49055555555555,-17.785555555555554],[177.4922222222222,-17.785277777777775],[177.4925,-17.78472222222222],[177.49388888888888,-17.784444444444443],[177.49388888888888,-17.784166666666664],[177.495,-17.78388888888889],[177.49555555555554,-17.78333333333333],[177.4961111111111,-17.78333333333333],[177.49638888888887,-17.782777777777778],[177.49694444444444,-17.782777777777778],[177.49694444444444,-17.7825],[177.4975,-17.7825],[177.49805555555554,-17.781944444444445],[177.49916666666667,-17.781666666666666],[177.49944444444444,-17.78111111111111],[177.5011111111111,-17.780555555555555],[177.5013888888889,-17.779999999999998],[177.5025,-17.779722222222222],[177.50277777777777,-17.779166666666665],[177.5038888888889,-17.778888888888886],[177.50416666666666,-17.778333333333332],[177.50527777777776,-17.778055555555554],[177.5061111111111,-17.77722222222222],[177.50666666666666,-17.77722222222222],[177.50694444444443,-17.776666666666667],[177.50805555555556,-17.77638888888889],[177.50833333333333,-17.77583333333333],[177.51,-17.775277777777777],[177.5102777777778,-17.77472222222222],[177.51194444444445,-17.774166666666666],[177.5125,-17.77361111111111],[177.51305555555555,-17.77361111111111],[177.51333333333332,-17.773055555555555],[177.51444444444445,-17.772777777777776],[177.51444444444445,-17.772499999999997],[177.51555555555555,-17.772222222222222],[177.51555555555555,-17.771944444444443],[177.51694444444445,-17.771666666666665],[177.51722222222222,-17.77111111111111],[177.51916666666665,-17.770833333333332],[177.51944444444445,-17.77027777777778],[177.5197222222222,-17.77027777777778],[177.5197222222222,-17.781944444444445],[177.51749999999998,-17.782777777777778],[177.51749999999998,-17.783055555555553],[177.51666666666665,-17.783055555555553],[177.51611111111112,-17.78361111111111],[177.51555555555555,-17.78361111111111],[177.51555555555555,-17.78388888888889],[177.515,-17.78388888888889],[177.51444444444445,-17.784444444444443],[177.51388888888889,-17.784444444444443],[177.51388888888889,-17.78472222222222],[177.51333333333332,-17.78472222222222],[177.51277777777779,-17.785277777777775],[177.51111111111112,-17.785833333333333],[177.51083333333332,-17.786388888888887],[177.50916666666666,-17.786944444444444],[177.5088888888889,-17.787499999999998],[177.50777777777776,-17.787777777777777],[177.5075,-17.78833333333333],[177.50694444444443,-17.78833333333333],[177.5063888888889,-17.788888888888888],[177.50583333333333,-17.788888888888888],[177.50555555555556,-17.78944444444444],[177.50444444444443,-17.78972222222222],[177.50416666666666,-17.790277777777778],[177.50305555555556,-17.790555555555553],[177.50222222222223,-17.79138888888889],[177.50166666666667,-17.79138888888889],[177.5013888888889,-17.791944444444443],[177.50027777777777,-17.79222222222222],[177.5,-17.792777777777776],[177.49833333333333,-17.793333333333333],[177.49805555555554,-17.793888888888887],[177.49638888888887,-17.794444444444444],[177.49583333333334,-17.794999999999998],[177.49527777777777,-17.794999999999998],[177.49527777777777,-17.795277777777777],[177.4947222222222,-17.795277777777777],[177.4947222222222,-17.795555555555556],[177.4936111111111,-17.79583333333333],[177.4936111111111,-17.79611111111111],[177.49305555555554,-17.79611111111111],[177.4925,-17.796666666666667],[177.49166666666667,-17.796666666666667],[177.4911111111111,-17.79722222222222],[177.49055555555555,-17.79722222222222],[177.49055555555555,-17.7975],[177.48805555555555,-17.798055555555553],[177.48805555555555,-17.798333333333332],[177.48722222222221,-17.798333333333332],[177.48722222222221,-17.79861111111111],[177.48638888888888,-17.79861111111111],[177.48638888888888,-17.79888888888889],[177.48388888888888,-17.799166666666665],[177.48388888888888,-17.799444444444443],[177.48222222222222,-17.799444444444443],[177.48222222222222,-17.799722222222222],[177.47472222222223,-17.799722222222222],[177.47472222222223,-17.799444444444443],[177.47305555555556,-17.799444444444443],[177.47305555555556,-17.799166666666665],[177.46972222222223,-17.79861111111111],[177.46972222222223,-17.798333333333332],[177.4688888888889,-17.798333333333332],[177.4688888888889,-17.798055555555553],[177.4672222222222,-17.797777777777778],[177.46666666666667,-17.79722222222222],[177.46583333333334,-17.79722222222222],[177.46583333333334,-17.796944444444442],[177.4647222222222,-17.796666666666667],[177.46416666666667,-17.79611111111111],[177.46333333333334,-17.79611111111111],[177.46333333333334,-17.79583333333333],[177.4622222222222,-17.795555555555556],[177.46166666666667,-17.794999999999998],[177.4611111111111,-17.794999999999998],[177.46083333333334,-17.794444444444444],[177.46027777777778,-17.794444444444444],[177.46027777777778,-17.794166666666666],[177.4597222222222,-17.794166666666666],[177.45916666666668,-17.79361111111111],[177.45805555555555,-17.793333333333333],[177.45777777777778,-17.792777777777776],[177.4561111111111,-17.79222222222222],[177.45583333333332,-17.791666666666664],[177.45472222222222,-17.79138888888889],[177.45444444444445,-17.79083333333333],[177.45333333333332,-17.790555555555553],[177.45305555555555,-17.79],[177.45194444444445,-17.78972222222222],[177.45111111111112,-17.788888888888888],[177.45055555555555,-17.788888888888888],[177.45027777777779,-17.78833333333333],[177.44916666666666,-17.788055555555555],[177.4488888888889,-17.787499999999998],[177.44722222222222,-17.786944444444444],[177.44694444444443,-17.786388888888887],[177.44527777777776,-17.785833333333333],[177.44472222222223,-17.785277777777775],[177.44416666666666,-17.785277777777775],[177.4438888888889,-17.78472222222222],[177.44277777777776,-17.784444444444443],[177.44277777777776,-17.784166666666664],[177.44166666666666,-17.78388888888889],[177.44166666666666,-17.78361111111111],[177.44083333333333,-17.78361111111111],[177.44083333333333,-17.78333333333333],[177.44027777777777,-17.78333333333333],[177.44027777777777,-17.783055555555553],[177.43916666666667,-17.782777777777778],[177.43916666666667,-17.7825],[177.43833333333333,-17.7825],[177.43777777777777,-17.781944444444445],[177.43694444444444,-17.781944444444445],[177.43694444444444,-17.781666666666666],[177.4361111111111,-17.781666666666666],[177.4361111111111,-17.781388888888888],[177.43527777777777,-17.781388888888888],[177.43527777777777,-17.78111111111111],[177.43416666666667,-17.78111111111111],[177.43416666666667,-17.780833333333334],[177.43305555555554,-17.780833333333334],[177.43305555555554,-17.780555555555555],[177.43194444444444,-17.780555555555555],[177.43194444444444,-17.780277777777776],[177.43027777777777,-17.780277777777776],[177.43027777777777,-17.779999999999998],[177.42222222222222,-17.779999999999998],[177.42222222222222,-17.780277777777776],[177.42083333333332,-17.780277777777776],[177.42361111111111,-17.7775],[177.42361111111111,-17.769166666666667],[177.42388888888888,-17.769444444444442]]],[[[177.42333333333332,-17.7775],[177.42055555555555,-17.779999999999998],[177.42055555555555,-17.780555555555555],[177.41916666666665,-17.780555555555555],[177.41916666666665,-17.780833333333334],[177.41805555555555,-17.780833333333334],[177.41805555555555,-17.78111111111111],[177.41722222222222,-17.78111111111111],[177.41722222222222,-17.781388888888888],[177.4163888888889,-17.781388888888888],[177.4163888888889,-17.781666666666666],[177.41555555555556,-17.781666666666666],[177.41555555555556,-17.781944444444445],[177.4138888888889,-17.78222222222222],[177.4138888888889,-17.7825],[177.41333333333333,-17.7825],[177.41277777777776,-17.783055555555553],[177.41194444444443,-17.783055555555553],[177.4113888888889,-17.78361111111111],[177.41083333333333,-17.78361111111111],[177.41083333333333,-17.78388888888889],[177.41027777777776,-17.78388888888889],[177.40972222222223,-17.784444444444443],[177.40916666666666,-17.784444444444443],[177.40916666666666,-17.78472222222222],[177.4086111111111,-17.78472222222222],[177.40805555555556,-17.785277777777775],[177.4063888888889,-17.785833333333333],[177.4061111111111,-17.786388888888887],[177.40444444444444,-17.786944444444444],[177.40416666666667,-17.787499999999998],[177.40305555555554,-17.787777777777777],[177.40277777777777,-17.78833333333333],[177.4022222222222,-17.78833333333333],[177.40166666666667,-17.788888888888888],[177.4,-17.78861111111111],[177.4,-17.778888888888886],[177.40027777777777,-17.778888888888886],[177.40027777777777,-17.7775],[177.40194444444444,-17.77722222222222],[177.4022222222222,-17.776666666666667],[177.40333333333334,-17.77638888888889],[177.4036111111111,-17.77583333333333],[177.40527777777777,-17.775277777777777],[177.40555555555554,-17.77472222222222],[177.4061111111111,-17.77472222222222],[177.4061111111111,-17.774444444444445],[177.40777777777777,-17.773888888888887],[177.40777777777777,-17.77361111111111],[177.40833333333333,-17.77361111111111],[177.4086111111111,-17.773055555555555],[177.40972222222223,-17.772777777777776],[177.40972222222223,-17.772499999999997],[177.41083333333333,-17.772222222222222],[177.41083333333333,-17.771944444444443],[177.41222222222223,-17.771666666666665],[177.4125,-17.77111111111111],[177.41444444444443,-17.770833333333332],[177.41472222222222,-17.77027777777778],[177.41666666666666,-17.77],[177.41666666666666,-17.76972222222222],[177.4175,-17.76972222222222],[177.4175,-17.769444444444442],[177.4177777777778,-17.76972222222222],[177.41861111111112,-17.76972222222222],[177.41861111111112,-17.769444444444442],[177.42,-17.769444444444442],[177.42,-17.769166666666667],[177.42222222222222,-17.769166666666667],[177.42222222222222,-17.76888888888889],[177.42277777777778,-17.769166666666667],[177.42277777777778,-17.76722222222222],[177.42333333333332,-17.76722222222222],[177.42333333333332,-17.7775]]],[[[177.42888888888888,-17.750277777777775],[177.4311111111111,-17.750277777777775],[177.4311111111111,-17.750555555555554],[177.4325,-17.750555555555554],[177.4325,-17.750833333333333],[177.4347222222222,-17.75111111111111],[177.4347222222222,-17.751388888888886],[177.43555555555554,-17.751388888888886],[177.43555555555554,-17.751666666666665],[177.43638888888887,-17.751666666666665],[177.43638888888887,-17.751944444444444],[177.4372222222222,-17.751944444444444],[177.43777777777777,-17.752499999999998],[177.4386111111111,-17.752499999999998],[177.43916666666667,-17.753055555555555],[177.44,-17.753055555555555],[177.4411111111111,-17.754166666666666],[177.44166666666666,-17.754166666666666],[177.44222222222223,-17.755],[177.44277777777776,-17.755],[177.44333333333333,-17.75583333333333],[177.4438888888889,-17.75583333333333],[177.4461111111111,-17.758055555555554],[177.44666666666666,-17.758055555555554],[177.4477777777778,-17.759444444444444],[177.44833333333332,-17.759444444444444],[177.44944444444445,-17.76083333333333],[177.45,-17.76083333333333],[177.45138888888889,-17.7625],[177.45194444444445,-17.7625],[177.45333333333332,-17.764166666666664],[177.45388888888888,-17.764166666666664],[177.45527777777778,-17.765833333333333],[177.45583333333332,-17.765833333333333],[177.45666666666665,-17.766666666666666],[177.45666666666665,-17.76972222222222],[177.4561111111111,-17.76972222222222],[177.45583333333332,-17.769166666666667],[177.45472222222222,-17.76888888888889],[177.45444444444445,-17.76833333333333],[177.45333333333332,-17.768055555555556],[177.45305555555555,-17.7675],[177.45194444444445,-17.76722222222222],[177.45111111111112,-17.766388888888887],[177.45055555555555,-17.766388888888887],[177.45027777777779,-17.765833333333333],[177.44916666666666,-17.765555555555554],[177.4488888888889,-17.765],[177.44722222222222,-17.764444444444443],[177.44694444444443,-17.76388888888889],[177.44472222222223,-17.763055555555553],[177.44444444444443,-17.7625],[177.44277777777776,-17.761944444444442],[177.44222222222223,-17.761388888888888],[177.44166666666666,-17.761388888888888],[177.44166666666666,-17.76111111111111],[177.4411111111111,-17.76111111111111],[177.4411111111111,-17.76083333333333],[177.44027777777777,-17.76083333333333],[177.43972222222223,-17.760277777777777],[177.43916666666667,-17.760277777777777],[177.43916666666667,-17.759999999999998],[177.43833333333333,-17.759999999999998],[177.43777777777777,-17.759444444444444],[177.43694444444444,-17.759444444444444],[177.43694444444444,-17.759166666666665],[177.4361111111111,-17.759166666666665],[177.4361111111111,-17.758888888888887],[177.43444444444444,-17.75861111111111],[177.43444444444444,-17.758333333333333],[177.4322222222222,-17.758055555555554],[177.4322222222222,-17.757777777777775],[177.43083333333334,-17.757777777777775],[177.43083333333334,-17.7575],[177.42833333333334,-17.7575],[177.42833333333334,-17.756944444444443],[177.4286111111111,-17.756944444444443],[177.42833333333334,-17.756666666666664],[177.42833333333334,-17.75],[177.42888888888888,-17.75],[177.42888888888888,-17.750277777777775]],[[177.4286111111111,-17.756666666666664],[177.42888888888888,-17.75638888888889],[177.4286111111111,-17.75638888888889],[177.4286111111111,-17.756666666666664]],[[177.42888888888888,-17.75638888888889],[177.42916666666667,-17.75611111111111],[177.42888888888888,-17.75611111111111],[177.42888888888888,-17.75638888888889]],[[177.42916666666667,-17.75611111111111],[177.42944444444444,-17.75583333333333],[177.42916666666667,-17.75583333333333],[177.42916666666667,-17.75611111111111]],[[177.42944444444444,-17.75583333333333],[177.4297222222222,-17.755555555555553],[177.42944444444444,-17.755555555555553],[177.42944444444444,-17.75583333333333]],[[177.4297222222222,-17.755555555555553],[177.43,-17.755277777777778],[177.4297222222222,-17.755277777777778],[177.4297222222222,-17.755555555555553]],[[177.43,-17.755277777777778],[177.43027777777777,-17.755],[177.43,-17.755],[177.43,-17.755277777777778]],[[177.43027777777777,-17.755],[177.43055555555554,-17.75472222222222],[177.43027777777777,-17.75472222222222],[177.43027777777777,-17.755]]],[[[177.42388888888888,-17.756944444444443],[177.42333333333332,-17.7575],[177.42333333333332,-17.750555555555554],[177.42388888888888,-17.75],[177.42805555555555,-17.75],[177.42805555555555,-17.756666666666664],[177.42833333333334,-17.756944444444443],[177.42388888888888,-17.756944444444443]]]]},"properties":{"level_m":3.5}},{"type":"Feature","geometry":{"type":"MultiPolygon","coordinates":[[[[177.47444444444443,-17.799722222222222],[177.47444444444443,-17.799999999999997],[177.4825,-17.799999999999997],[177.4825,-17.799722222222222],[177.48555555555555,-17.799444444444443],[177.48555555555555,-17.799166666666665],[177.48666666666665,-17.799166666666665],[177.48666666666665,-17.79888888888889],[177.48749999999998,-17.79888888888889],[177.48749999999998,-17.79861111111111],[177.48833333333332,-17.79861111111111],[177.48833333333332,-17.798333333333332],[177.48916666666665,-17.798333333333332],[177.48916666666665,-17.798055555555553],[177.49083333333334,-17.797777777777778],[177.49083333333334,-17.7975],[177.49194444444444,-17.79722222222222],[177.49194444444444,-17.796944444444442],[177.49277777777777,-17.796944444444442],[177.49277777777777,-17.796666666666667],[177.49388888888888,-17.796388888888888],[177.49388888888888,-17.79611111111111],[177.49444444444444,-17.79611111111111],[177.49444444444444,-17.79583333333333],[177.495,-17.79583333333333],[177.49555555555554,-17.795277777777777],[177.4972222222222,-17.79472222222222],[177.4972222222222,-17.794444444444444],[177.49833333333333,-17.794166666666666],[177.4986111111111,-17.79361111111111],[177.50027777777777,-17.793055555555554],[177.50055555555556,-17.7925],[177.50166666666667,-17.79222222222222],[177.50194444444443,-17.791666666666664],[177.50305555555556,-17.79138888888889],[177.50333333333333,-17.79083333333333],[177.50444444444443,-17.790555555555553],[177.50527777777776,-17.78972222222222],[177.50583333333333,-17.78972222222222],[177.5061111111111,-17.789166666666667],[177.50777777777776,-17.78861111111111],[177.50805555555556,-17.788055555555555],[177.50916666666666,-17.787777777777777],[177.50944444444443,-17.787222222222223],[177.51111111111112,-17.786666666666665],[177.5113888888889,-17.78611111111111],[177.51194444444445,-17.78611111111111],[177.5125,-17.785555555555554],[177.51305555555555,-17.785555555555554],[177.51305555555555,-17.785277777777775],[177.51527777777778,-17.784444444444443],[177.51583333333332,-17.78388888888889],[177.51694444444445,-17.78361111111111],[177.51694444444445,-17.78333333333333],[177.51777777777778,-17.78333333333333],[177.51777777777778,-17.783055555555553],[177.51888888888888,-17.782777777777778],[177.51888888888888,-17.7825],[177.5197222222222,-17.7825],[177.5197222222222,-17.793055555555554],[177.51888888888888,-17.793055555555554],[177.51833333333332,-17.79361111111111],[177.51749999999998,-17.79361111111111],[177.51694444444445,-17.794166666666666],[177.51472222222222,-17.794999999999998],[177.51444444444445,-17.795555555555556],[177.51194444444445,-17.796388888888888],[177.51166666666666,-17.796944444444442],[177.51,-17.7975],[177.50972222222222,-17.798055555555553],[177.50916666666666,-17.798055555555553],[177.50833333333333,-17.79888888888889],[177.50722222222223,-17.799166666666665],[177.50694444444443,-17.799722222222222],[177.50527777777776,-17.800277777777776],[177.50444444444443,-17.80111111111111],[177.5038888888889,-17.80111111111111],[177.50333333333333,-17.801944444444445],[177.50277777777777,-17.801944444444445],[177.50222222222223,-17.8025],[177.50055555555556,-17.803055555555556],[177.50027777777777,-17.80361111111111],[177.4986111111111,-17.804166666666667],[177.49777777777777,-17.805],[177.49694444444444,-17.805],[177.49694444444444,-17.805277777777775],[177.49583333333334,-17.805555555555554],[177.49555555555554,-17.80611111111111],[177.4947222222222,-17.80611111111111],[177.49416666666667,-17.806666666666665],[177.49305555555554,-17.806944444444444],[177.49305555555554,-17.807222222222222],[177.49194444444444,-17.807222222222222],[177.49138888888888,-17.807777777777776],[177.49055555555555,-17.807777777777776],[177.49055555555555,-17.808055555555555],[177.4897222222222,-17.808055555555555],[177.4897222222222,-17.808333333333334],[177.48888888888888,-17.808333333333334],[177.48888888888888,-17.80861111111111],[177.48638888888888,-17.808888888888887],[177.48638888888888,-17.809166666666666],[177.48472222222222,-17.809166666666666],[177.48472222222222,-17.809444444444445],[177.48333333333332,-17.809444444444445],[177.48472222222222,-17.81083333333333],[177.48472222222222,-17.81138888888889],[177.4825,-17.81222222222222],[177.48194444444445,-17.812777777777775],[177.48111111111112,-17.812777777777775],[177.48055555555555,-17.813333333333333],[177.47805555555556,-17.813888888888886],[177.47805555555556,-17.814166666666665],[177.47694444444443,-17.814166666666665],[177.47694444444443,-17.814444444444444],[177.4763888888889,-17.814444444444444],[177.4763888888889,-17.811944444444443],[177.47583333333333,-17.811944444444443],[177.47583333333333,-17.81222222222222],[177.47416666666666,-17.81222222222222],[177.47416666666666,-17.811944444444443],[177.4738888888889,-17.81222222222222],[177.4736111111111,-17.811944444444443],[177.47333333333333,-17.81222222222222],[177.4725,-17.81222222222222],[177.4725,-17.811944444444443],[177.46972222222223,-17.811666666666664],[177.46972222222223,-17.81138888888889],[177.4686111111111,-17.81138888888889],[177.4686111111111,-17.81111111111111],[177.46777777777777,-17.81111111111111],[177.46777777777777,-17.81083333333333],[177.46666666666667,-17.81083333333333],[177.4661111111111,-17.810277777777777],[177.46527777777777,-17.810277777777777],[177.46527777777777,-17.81],[177.4647222222222,-17.81],[177.4647222222222,-17.80972222222222],[177.4636111111111,-17.809444444444445],[177.4636111111111,-17.809166666666666],[177.46277777777777,-17.809166666666666],[177.46277777777777,-17.808888888888887],[177.4622222222222,-17.808888888888887],[177.46166666666667,-17.808333333333334],[177.46055555555554,-17.808055555555555],[177.46027777777778,-17.807499999999997],[177.4597222222222,-17.807499999999997],[177.45916666666668,-17.806944444444444],[177.45749999999998,-17.806388888888886],[177.4572222222222,-17.805833333333332],[177.45555555555555,-17.805277777777775],[177.45527777777778,-17.80472222222222],[177.45416666666665,-17.804444444444442],[177.45388888888888,-17.80388888888889],[177.45277777777778,-17.80361111111111],[177.45194444444445,-17.802777777777777],[177.45138888888889,-17.802777777777777],[177.45111111111112,-17.80222222222222],[177.45,-17.801944444444445],[177.44972222222222,-17.801388888888887],[177.44861111111112,-17.80111111111111],[177.44833333333332,-17.800555555555555],[177.44666666666666,-17.799999999999997],[177.4463888888889,-17.799444444444443],[177.44583333333333,-17.799444444444443],[177.44583333333333,-17.799166666666665],[177.44527777777776,-17.799166666666665],[177.44472222222223,-17.79861111111111],[177.4436111111111,-17.798333333333332],[177.44333333333333,-17.797777777777778],[177.44277777777776,-17.797777777777778],[177.44277777777776,-17.7975],[177.4411111111111,-17.796944444444442],[177.4411111111111,-17.796666666666667],[177.44027777777777,-17.796666666666667],[177.44027777777777,-17.796388888888888],[177.4386111111111,-17.79583333333333],[177.4386111111111,-17.795555555555556],[177.43777777777777,-17.795555555555556],[177.4375,-17.794999999999998],[177.43666666666667,-17.794999999999998],[177.4361111111111,-17.794444444444444],[177.43416666666667,-17.794166666666666],[177.43416666666667,-17.793888888888887],[177.43333333333334,-17.793888888888887],[177.43333333333334,-17.79361111111111],[177.4325,-17.79361111111111],[177.4325,-17.793333333333333],[177.4311111111111,-17.793055555555554],[177.4311111111111,-17.792777777777776],[177.4286111111111,-17.7925],[177.42805555555555,-17.791944444444443],[177.42694444444444,-17.791944444444443],[177.42694444444444,-17.791666666666664],[177.42583333333332,-17.79138888888889],[177.42527777777778,-17.79083333333333],[177.42472222222221,-17.79083333333333],[177.42444444444445,-17.790277777777778],[177.42416666666665,-17.790555555555553],[177.42083333333332,-17.79083333333333],[177.42083333333332,-17.79111111111111],[177.41861111111112,-17.79138888888889],[177.41805555555555,-17.791944444444443],[177.41722222222222,-17.791944444444443],[177.41722222222222,-17.79222222222222],[177.4161111111111,-17.79222222222222],[177.4161111111111,-17.7925],[177.415,-17.792777777777776],[177.415,-17.793055555555554],[177.41416666666666,-17.793055555555554],[177.4136111111111,-17.79361111111111],[177.41277777777776,-17.79361111111111],[177.41222222222223,-17.794166666666666],[177.41,-17.794999999999998],[177.40916666666666,-17.79583333333333],[177.40833333333333,-17.79583333333333],[177.40666666666667,-17.7975],[177.4061111111111,-17.796944444444442],[177.40555555555554,-17.796944444444442],[177.40305555555554,-17.799722222222222],[177.4025,-17.799722222222222],[177.4,-17.80222222222222],[177.4,-17.79111111111111],[177.40055555555554,-17.79083333333333],[177.40055555555554,-17.790277777777778],[177.40194444444444,-17.788888888888888],[177.40305555555554,-17.78861111111111],[177.40388888888887,-17.787777777777777],[177.40444444444444,-17.787777777777777],[177.4047222222222,-17.787222222222223],[177.4063888888889,-17.786666666666665],[177.40666666666667,-17.78611111111111],[177.40722222222223,-17.78611111111111],[177.40777777777777,-17.785555555555554],[177.40833333333333,-17.785555555555554],[177.40833333333333,-17.785277777777775],[177.41055555555556,-17.784444444444443],[177.4111111111111,-17.78388888888889],[177.41222222222223,-17.78361111111111],[177.41222222222223,-17.78333333333333],[177.41305555555556,-17.78333333333333],[177.41305555555556,-17.783055555555553],[177.41416666666666,-17.782777777777778],[177.41416666666666,-17.7825],[177.41666666666666,-17.781944444444445],[177.41666666666666,-17.781666666666666],[177.4175,-17.781666666666666],[177.4175,-17.781388888888888],[177.41833333333332,-17.781388888888888],[177.41833333333332,-17.78111111111111],[177.42083333333332,-17.780833333333334],[177.42083333333332,-17.780555555555555],[177.42249999999999,-17.780555555555555],[177.42249999999999,-17.780277777777776],[177.43,-17.780277777777776],[177.43,-17.780555555555555],[177.43166666666667,-17.780555555555555],[177.43166666666667,-17.780833333333334],[177.43388888888887,-17.78111111111111],[177.43388888888887,-17.781388888888888],[177.435,-17.781388888888888],[177.435,-17.781666666666666],[177.43583333333333,-17.781666666666666],[177.43583333333333,-17.781944444444445],[177.4375,-17.78222222222222],[177.43805555555556,-17.782777777777778],[177.4388888888889,-17.782777777777778],[177.43944444444443,-17.78333333333333],[177.44055555555556,-17.78361111111111],[177.44055555555556,-17.78388888888889],[177.4413888888889,-17.78388888888889],[177.44194444444443,-17.784444444444443],[177.4436111111111,-17.785],[177.4438888888889,-17.785555555555554],[177.44555555555556,-17.78611111111111],[177.4461111111111,-17.786666666666665],[177.44666666666666,-17.786666666666665],[177.44694444444443,-17.787222222222223],[177.44861111111112,-17.787777777777777],[177.4488888888889,-17.78833333333333],[177.45,-17.78861111111111],[177.45083333333332,-17.78944444444444],[177.45138888888889,-17.78944444444444],[177.45166666666665,-17.79],[177.45277777777778,-17.790277777777778],[177.45305555555555,-17.79083333333333],[177.45416666666665,-17.79111111111111],[177.45499999999998,-17.791944444444443],[177.45555555555555,-17.791944444444443],[177.45583333333332,-17.7925],[177.45749999999998,-17.793055555555554],[177.45777777777778,-17.79361111111111],[177.45833333333334,-17.79361111111111],[177.45888888888888,-17.794166666666666],[177.46055555555554,-17.79472222222222],[177.46083333333334,-17.795277777777777],[177.4625,-17.79583333333333],[177.46305555555554,-17.796388888888888],[177.46388888888887,-17.796388888888888],[177.46388888888887,-17.796666666666667],[177.465,-17.796944444444442],[177.46555555555554,-17.7975],[177.46638888888887,-17.7975],[177.46694444444444,-17.798055555555553],[177.46777777777777,-17.798055555555553],[177.46777777777777,-17.798333333333332],[177.4686111111111,-17.798333333333332],[177.4686111111111,-17.79861111111111],[177.46944444444443,-17.79861111111111],[177.46944444444443,-17.79888888888889],[177.47277777777776,-17.799444444444443],[177.47333333333333,-17.799999999999997],[177.4736111111111,-17.799722222222222],[177.47444444444443,-17.799722222222222]],[[177.4736111111111,-17.799999999999997],[177.4738888888889,-17.800277777777776],[177.4738888888889,-17.799999999999997],[177.4736111111111,-17.799999999999997]],[[177.4738888888889,-17.800277777777776],[177.47416666666666,-17.800555555555555],[177.47416666666666,-17.800277777777776],[177.4738888888889,-17.800277777777776]],[[177.47416666666666,-17.800555555555555],[177.47444444444443,-17.800833333333333],[177.47444444444443,-17.800555555555555],[177.47416666666666,-17.800555555555555]],[[177.47444444444443,-17.800833333333333],[177.47472222222223,-17.80111111111111],[177.47472222222223,-17.800833333333333],[177.47444444444443,-17.800833333333333]],[[177.47472222222223,-17.80111111111111],[177.475,-17.801388888888887],[177.475,-17.80111111111111],[177.47472222222223,-17.80111111111111]],[[177.475,-17.801388888888887],[177.47527777777776,-17.801666666666666],[177.47527777777776,-17.801388888888887],[177.475,-17.801388888888887]],[[177.47527777777776,-17.801666666666666],[177.47555555555556,-17.801944444444445],[177.47555555555556,-17.801666666666666],[177.47527777777776,-17.801666666666666]],[[177.47555555555556,-17.801944444444445],[177.47583333333333,-17.80222222222222],[177.47583333333333,-17.801944444444445],[177.47555555555556,-17.801944444444445]],[[177.47583333333333,-17.80222222222222],[177.4761111111111,-17.8025],[177.4761111111111,-17.80222222222222],[177.47583333333333,-17.80222222222222]],[[177.4761111111111,-17.8025],[177.4763888888889,-17.802777777777777],[177.4763888888889,-17.8025],[177.4761111111111,-17.8025]],[[177.4763888888889,-17.802777777777777],[177.47666666666666,-17.803055555555556],[177.47666666666666,-17.802777777777777],[177.4763888888889,-17.802777777777777]]],[[[177.42472222222221,-17.76833333333333],[177.42555555555555,-17.76833333333333],[177.42555555555555,-17.76861111111111],[177.42638888888888,-17.76861111111111],[177.42638888888888,-17.76888888888889],[177.4272222222222,-17.76888888888889],[177.4272222222222,-17.769166666666667],[177.42805555555555,-17.769166666666667],[177.42805555555555,-17.769444444444442],[177.4286111111111,-17.769444444444442],[177.42916666666667,-17.77],[177.43,-17.77],[177.43055555555554,-17.770555555555553],[177.43416666666667,-17.770833333333332],[177.43416666666667,-17.77111111111111],[177.4375,-17.771666666666665],[177.4375,-17.771944444444443],[177.43916666666667,-17.772222222222222],[177.43972222222223,-17.772777777777776],[177.44055555555556,-17.772777777777776],[177.4411111111111,-17.773333333333333],[177.4425,-17.77361111111111],[177.4425,-17.773888888888887],[177.44305555555556,-17.773888888888887],[177.4436111111111,-17.774444444444445],[177.44583333333333,-17.775277777777777],[177.4461111111111,-17.77583333333333],[177.44666666666666,-17.77583333333333],[177.44666666666666,-17.77611111111111],[177.44722222222222,-17.77611111111111],[177.44722222222222,-17.77638888888889],[177.4477777777778,-17.77638888888889],[177.44833333333332,-17.776944444444442],[177.45,-17.7775],[177.45027777777779,-17.778055555555554],[177.45138888888889,-17.778333333333332],[177.45194444444445,-17.779166666666665],[177.45361111111112,-17.779722222222222],[177.45388888888888,-17.780277777777776],[177.45444444444445,-17.780277777777776],[177.45499999999998,-17.780833333333334],[177.45555555555555,-17.780833333333334],[177.45583333333332,-17.781388888888888],[177.45694444444445,-17.781666666666666],[177.45777777777778,-17.7825],[177.45833333333334,-17.7825],[177.4586111111111,-17.783055555555553],[177.45916666666668,-17.783055555555553],[177.45916666666668,-17.78333333333333],[177.46083333333334,-17.78388888888889],[177.46138888888888,-17.784444444444443],[177.46194444444444,-17.784444444444443],[177.46194444444444,-17.78472222222222],[177.4625,-17.78472222222222],[177.4625,-17.785],[177.4636111111111,-17.785277777777775],[177.4636111111111,-17.785555555555554],[177.46416666666667,-17.785555555555554],[177.46416666666667,-17.785833333333333],[177.46527777777777,-17.78611111111111],[177.46527777777777,-17.786388888888887],[177.4661111111111,-17.786388888888887],[177.4661111111111,-17.786666666666665],[177.46666666666667,-17.786666666666665],[177.4672222222222,-17.787222222222223],[177.46805555555554,-17.787222222222223],[177.46805555555554,-17.787499999999998],[177.4688888888889,-17.787499999999998],[177.4688888888889,-17.787777777777777],[177.47027777777777,-17.788055555555555],[177.47083333333333,-17.78861111111111],[177.4713888888889,-17.78833333333333],[177.4713888888889,-17.78861111111111],[177.47222222222223,-17.78861111111111],[177.47222222222223,-17.788888888888888],[177.47305555555556,-17.788888888888888],[177.47305555555556,-17.789166666666667],[177.4763888888889,-17.78944444444444],[177.4763888888889,-17.78972222222222],[177.47722222222222,-17.78944444444444],[177.4775,-17.788888888888888],[177.47805555555556,-17.788888888888888],[177.47805555555556,-17.78861111111111],[177.47944444444445,-17.78833333333333],[177.47944444444445,-17.788055555555555],[177.4802777777778,-17.788055555555555],[177.4802777777778,-17.787777777777777],[177.48111111111112,-17.787777777777777],[177.48111111111112,-17.787499999999998],[177.48222222222222,-17.787499999999998],[177.48222222222222,-17.787222222222223],[177.48333333333332,-17.787222222222223],[177.48333333333332,-17.786944444444444],[177.48416666666665,-17.786944444444444],[177.48472222222222,-17.786388888888887],[177.48583333333332,-17.786388888888887],[177.48583333333332,-17.78611111111111],[177.48666666666665,-17.78611111111111],[177.48666666666665,-17.785833333333333],[177.48805555555555,-17.785555555555554],[177.48805555555555,-17.785277777777775],[177.49055555555555,-17.78472222222222],[177.49083333333334,-17.784166666666664],[177.4922222222222,-17.78388888888889],[177.4922222222222,-17.78361111111111],[177.49277777777777,-17.78361111111111],[177.49277777777777,-17.78333333333333],[177.49333333333334,-17.78333333333333],[177.49388888888888,-17.782777777777778],[177.49444444444444,-17.782777777777778],[177.49444444444444,-17.7825],[177.495,-17.7825],[177.49555555555554,-17.781944444444445],[177.4972222222222,-17.781388888888888],[177.4972222222222,-17.78111111111111],[177.49777777777777,-17.78111111111111],[177.49805555555554,-17.780555555555555],[177.4997222222222,-17.779999999999998],[177.5,-17.779444444444444],[177.5011111111111,-17.779166666666665],[177.50194444444443,-17.778333333333332],[177.5025,-17.778333333333332],[177.50277777777777,-17.777777777777775],[177.50333333333333,-17.777777777777775],[177.50416666666666,-17.776944444444442],[177.50527777777776,-17.776666666666667],[177.50555555555556,-17.77611111111111],[177.50722222222223,-17.775555555555556],[177.5075,-17.775],[177.5086111111111,-17.77472222222222],[177.50944444444443,-17.773888888888887],[177.51055555555556,-17.77361111111111],[177.51083333333332,-17.773055555555555],[177.51194444444445,-17.772777777777776],[177.51194444444445,-17.772499999999997],[177.51361111111112,-17.771944444444443],[177.51361111111112,-17.771666666666665],[177.51472222222222,-17.771388888888886],[177.51472222222222,-17.77111111111111],[177.51527777777778,-17.77111111111111],[177.51527777777778,-17.770833333333332],[177.51638888888888,-17.770555555555553],[177.51638888888888,-17.77027777777778],[177.51722222222222,-17.77027777777778],[177.51722222222222,-17.77],[177.51777777777778,-17.77],[177.51833333333332,-17.769444444444442],[177.51916666666665,-17.769444444444442],[177.51916666666665,-17.769166666666667],[177.5197222222222,-17.769166666666667],[177.5197222222222,-17.781944444444445],[177.51749999999998,-17.782777777777778],[177.51749999999998,-17.783055555555553],[177.51666666666665,-17.783055555555553],[177.51611111111112,-17.78361111111111],[177.51555555555555,-17.78361111111111],[177.51555555555555,-17.78388888888889],[177.515,-17.78388888888889],[177.51444444444445,-17.784444444444443],[177.51388888888889,-17.784444444444443],[177.51388888888889,-17.78472222222222],[177.51333333333332,-17.78472222222222],[177.51277777777779,-17.785277777777775],[177.51111111111112,-17.785833333333333],[177.51083333333332,-17.786388888888887],[177.50916666666666,-17.786944444444444],[177.5088888888889,-17.787499999999998],[177.50777777777776,-17.787777777777777],[177.5075,-17.78833333333333],[177.50694444444443,-17.78833333333333],[177.5063888888889,-17.788888888888888],[177.50583333333333,-17.788888888888888],[177.50555555555556,-17.78944444444444],[177.50444444444443,-17.78972222222222],[177.50416666666666,-17.790277777777778],[177.50305555555556,-17.790555555555553],[177.50222222222223,-17.79138888888889],[177.50166666666667,-17.79138888888889],[177.5013888888889,-17.791944444444443],[177.50027777777777,-17.79222222222222],[177.5,-17.792777777777776],[177.49833333333333,-17.793333333333333],[177.49805555555554,-17.793888888888887],[177.49638888888887,-17.794444444444444],[177.49583333333334,-17.794999999999998],[177.49527777777777,-17.794999999999998],[177.49527777777777,-17.795277777777777],[177.4947222222222,-17.795277777777777],[177.4947222222222,-17.795555555555556],[177.4936111111111,-17.79583333333333],[177.4936111111111,-17.79611111111111],[177.49305555555554,-17.79611111111111],[177.4925,-17.796666666666667],[177.49166666666667,-17.796666666666667],[177.4911111111111,-17.79722222222222],[177.49055555555555,-17.79722222222222],[177.49055555555555,-17.7975],[177.48805555555555,-17.798055555555553],[177.48805555555555,-17.798333333333332],[177.48722222222221,-17.798333333333332],[177.48722222222221,-17.79861111111111],[177.48638888888888,-17.79861111111111],[177.48638888888888,-17.79888888888889],[177.48388888888888,-17.799166666666665],[177.48388888888888,-17.799444444444443],[177.48222222222222,-17.799444444444443],[177.48222222222222,-17.799722222222222],[177.47472222222223,-17.799722222222222],[177.47472222222223,-17.799444444444443],[177.47305555555556,-17.799444444444443],[177.47305555555556,-17.799166666666665],[177.46972222222223,-17.79861111111111],[177.46972222222223,-17.798333333333332],[177.4688888888889,-17.798333333333332],[177.4688888888889,-17.798055555555553],[177.4672222222222,-17.797777777777778],[177.46666666666667,-17.79722222222222],[177.46583333333334,-17.79722222222222],[177.46583333333334,-17.796944444444442],[177.4647222222222,-17.796666666666667],[177.46416666666667,-17.79611111111111],[177.46333333333334,-17.79611111111111],[177.46333333333334,-17.79583333333333],[177.4622222222222,-17.795555555555556],[177.46166666666667,-17.794999999999998],[177.4611111111111,-17.794999999999998],[177.46083333333334,-17.794444444444444],[177.46027777777778,-17.794444444444444],[177.46027777777778,-17.794166666666666],[177.4597222222222,-17.794166666666666],[177.45916666666668,-17.79361111111111],[177.45805555555555,-17.793333333333333],[177.45777777777778,-17.792777777777776],[177.4561111111111,-17.79222222222222],[177.45583333333332,-17.791666666666664],[177.45472222222222,-17.79138888888889],[177.45444444444445,-17.79083333333333],[177.45333333333332,-17.790555555555553],[177.45305555555555,-17.79],[177.45194444444445,-17.78972222222222],[177.45111111111112,-17.788888888888888],[177.45055555555555,-17.788888888888888],[177.45027777777779,-17.78833333333333],[177.44916666666666,-17.788055555555555],[177.4488888888889,-17.787499999999998],[177.44722222222222,-17.786944444444444],[177.44694444444443,-17.786388888888887],[177.44527777777776,-17.785833333333333],[177.44472222222223,-17.785277777777775],[177.44416666666666,-17.785277777777775],[177.4438888888889,-17.78472222222222],[177.44277777777776,-17.784444444444443],[177.44277777777776,-17.784166666666664],[177.44166666666666,-17.78388888888889],[177.44166666666666,-17.78361111111111],[177.44083333333333,-17.78361111111111],[177.44083333333333,-17.78333333333333],[177.44027777777777,-17.78333333333333],[177.44027777777777,-17.783055555555553],[177.43916666666667,-17.782777777777778],[177.43916666666667,-17.7825],[177.43833333333333,-17.7825],[177.43777777777777,-17.781944444444445],[177.43694444444444,-17.781944444444445],[177.43694444444444,-17.781666666666666],[177.4361111111111,-17.781666666666666],[177.4361111111111,-17.781388888888888],[177.43527777777777,-17.781388888888888],[177.43527777777777,-17.78111111111111],[177.43416666666667,-17.78111111111111],[177.43416666666667,-17.780833333333334],[177.43305555555554,-17.780833333333334],[177.43305555555554,-17.780555555555555],[177.43194444444444,-17.780555555555555],[177.43194444444444,-17.780277777777776],[177.43027777777777,-17.780277777777776],[177.43027777777777,-17.779999999999998],[177.42222222222222,-17.779999999999998],[177.42222222222222,-17.780277777777776],[177.42083333333332,-17.780277777777776],[177.42361111111111,-17.7775],[177.42361111111111,-17.768055555555556],[177.42472222222221,-17.768055555555556],[177.42472222222221,-17.76833333333333]]],[[[177.42333333333332,-17.7775],[177.42055555555555,-17.779999999999998],[177.42055555555555,-17.780555555555555],[177.41916666666665,-17.780555555555555],[177.41916666666665,-17.780833333333334],[177.41805555555555,-17.780833333333334],[177.41805555555555,-17.78111111111111],[177.41722222222222,-17.78111111111111],[177.41722222222222,-17.781388888888888],[177.4163888888889,-17.781388888888888],[177.4163888888889,-17.781666666666666],[177.41555555555556,-17.781666666666666],[177.41555555555556,-17.781944444444445],[177.4138888888889,-17.78222222222222],[177.4138888888889,-17.7825],[177.41333333333333,-17.7825],[177.41277777777776,-17.783055555555553],[177.41194444444443,-17.783055555555553],[177.4113888888889,-17.78361111111111],[177.41083333333333,-17.78361111111111],[177.41083333333333,-17.78388888888889],[177.41027777777776,-17.78388888888889],[177.40972222222223,-17.784444444444443],[177.40916666666666,-17.784444444444443],[177.40916666666666,-17.78472222222222],[177.4086111111111,-17.78472222222222],[177.40805555555556,-17.785277777777775],[177.4063888888889,-17.785833333333333],[177.4061111111111,-17.786388888888887],[177.40444444444444,-17.786944444444444],[177.40416666666667,-17.787499999999998],[177.40305555555554,-17.787777777777777],[177.40277777777777,-17.78833333333333],[177.4022222222222,-17.78833333333333],[177.40166666666667,-17.788888888888888],[177.4,-17.78861111111111],[177.4,-17.777777777777775],[177.40027777777777,-17.777777777777775],[177.40027777777777,-17.77638888888889],[177.4011111111111,-17.77638888888889],[177.40138888888887,-17.77583333333333],[177.4025,-17.775555555555556],[177.40277777777777,-17.775],[177.40388888888887,-17.77472222222222],[177.40416666666667,-17.774166666666666],[177.40583333333333,-17.77361111111111],[177.4061111111111,-17.773055555555555],[177.40722222222223,-17.772777777777776],[177.40722222222223,-17.772499999999997],[177.4088888888889,-17.771944444444443],[177.4088888888889,-17.771666666666665],[177.41,-17.771388888888886],[177.41,-17.77111111111111],[177.41055555555556,-17.77111111111111],[177.41055555555556,-17.770833333333332],[177.41166666666666,-17.770555555555553],[177.41166666666666,-17.77027777777778],[177.4125,-17.77027777777778],[177.4125,-17.77],[177.41305555555556,-17.77],[177.4136111111111,-17.769444444444442],[177.41666666666666,-17.76888888888889],[177.41666666666666,-17.76861111111111],[177.41861111111112,-17.76833333333333],[177.41861111111112,-17.768055555555556],[177.42,-17.768055555555556],[177.42,-17.767777777777777],[177.42083333333332,-17.767777777777777],[177.42083333333332,-17.768055555555556],[177.42111111111112,-17.767777777777777],[177.42194444444445,-17.767777777777777],[177.42222222222222,-17.768055555555556],[177.42222222222222,-17.767777777777777],[177.42277777777778,-17.767777777777777],[177.42277777777778,-17.76611111111111],[177.42305555555555,-17.765833333333333],[177.42333333333332,-17.765833333333333],[177.42333333333332,-17.7775]]],[[[177.42388888888888,-17.756944444444443],[177.42333333333332,-17.7575],[177.42333333333332,-17.749444444444443],[177.42388888888888,-17.74888888888889],[177.42805555555555,-17.74888888888889],[177.42805555555555,-17.753333333333334],[177.42833333333334,-17.753333333333334],[177.42833333333334,-17.75],[177.42888888888888,-17.75],[177.42888888888888,-17.750277777777775],[177.4325,-17.750555555555554],[177.4325,-17.750833333333333],[177.4336111111111,-17.750833333333333],[177.4336111111111,-17.75111111111111],[177.4347222222222,-17.75111111111111],[177.4347222222222,-17.751388888888886],[177.43555555555554,-17.751388888888886],[177.43555555555554,-17.751666666666665],[177.43638888888887,-17.751666666666665],[177.43638888888887,-17.751944444444444],[177.4372222222222,-17.751944444444444],[177.43777777777777,-17.752499999999998],[177.4386111111111,-17.752499999999998],[177.43916666666667,-17.753055555555555],[177.44,-17.753055555555555],[177.44,-17.753333333333334],[177.44055555555556,-17.753333333333334],[177.4411111111111,-17.753888888888888],[177.44277777777776,-17.75444444444444],[177.44277777777776,-17.75472222222222],[177.4438888888889,-17.755],[177.44416666666666,-17.755555555555553],[177.44472222222223,-17.755555555555553],[177.44694444444443,-17.757777777777775],[177.4475,-17.757777777777775],[177.44861111111112,-17.759166666666665],[177.44916666666666,-17.759166666666665],[177.45027777777779,-17.760555555555555],[177.45083333333332,-17.760555555555555],[177.45222222222222,-17.76222222222222],[177.45277777777778,-17.76222222222222],[177.45416666666665,-17.76388888888889],[177.45472222222222,-17.76388888888889],[177.45583333333332,-17.765277777777776],[177.45638888888888,-17.765277777777776],[177.45666666666665,-17.765555555555554],[177.45666666666665,-17.76972222222222],[177.4561111111111,-17.76972222222222],[177.45527777777778,-17.76888888888889],[177.45472222222222,-17.76888888888889],[177.45444444444445,-17.76833333333333],[177.45333333333332,-17.768055555555556],[177.45305555555555,-17.7675],[177.45194444444445,-17.76722222222222],[177.45166666666665,-17.766666666666666],[177.45055555555555,-17.766388888888887],[177.45027777777779,-17.765833333333333],[177.44916666666666,-17.765555555555554],[177.4488888888889,-17.765],[177.44722222222222,-17.764444444444443],[177.44694444444443,-17.76388888888889],[177.44472222222223,-17.763055555555553],[177.44444444444443,-17.7625],[177.44277777777776,-17.761944444444442],[177.44222222222223,-17.761388888888888],[177.44166666666666,-17.761388888888888],[177.44166666666666,-17.76111111111111],[177.4411111111111,-17.76111111111111],[177.4411111111111,-17.76083333333333],[177.44027777777777,-17.76083333333333],[177.43972222222223,-17.760277777777777],[177.43916666666667,-17.760277777777777],[177.43916666666667,-17.759999999999998],[177.43833333333333,-17.759999999999998],[177.43777777777777,-17.759444444444444],[177.43694444444444,-17.759444444444444],[177.43694444444444,-17.759166666666665],[177.4361111111111,-17.759166666666665],[177.4361111111111,-17.758888888888887],[177.43444444444444,-17.75861111111111],[177.43444444444444,-17.758333333333333],[177.43333333333334,-17.758333333333333],[177.43333333333334,-17.758055555555554],[177.4322222222222,-17.758055555555554],[177.4322222222222,-17.757777777777775],[177.43083333333334,-17.757777777777775],[177.43083333333334,-17.7575],[177.42944444444444,-17.7575],[177.42944444444444,-17.757777777777775],[177.42805555555555,-17.757777777777775],[177.42805555555555,-17.7575],[177.42416666666665,-17.7575],[177.42416666666665,-17.75722222222222],[177.42833333333334,-17.75722222222222],[177.42833333333334,-17.756944444444443],[177.42388888888888,-17.756944444444443]],[[177.42833333333334,-17.756944444444443],[177.4286111111111,-17.756666666666664],[177.42833333333334,-17.756666666666664],[177.42833333333334,-17.756944444444443]],[[177.4286111111111,-17.756666666666664],[177.42888888888888,-17.75638888888889],[177.4286111111111,-17.75638888888889],[177.4286111111111,-17.756666666666664]],[[177.42888888888888,-17.75638888888889],[177.42916666666667,-17.75611111111111],[177.42888888888888,-17.75611111111111],[177.42888888888888,-17.75638888888889]],[[177.42916666666667,-17.75611111111111],[177.42944444444444,-17.75583333333333],[177.42916666666667,-17.75583333333333],[177.42916666666667,-17.75611111111111]],[[177.42944444444444,-17.75583333333333],[177.4297222222222,-17.755555555555553],[177.42944444444444,-17.755555555555553],[177.42944444444444,-17.75583333333333]],[[177.4297222222222,-17.755555555555553],[177.43,-17.755277777777778],[177.4297222222222,-17.755277777777778],[177.4297222222222,-17.755555555555553]],[[177.43,-17.755277777777778],[177.43027777777777,-17.755],[177.43,-17.755],[177.43,-17.755277777777778]],[[177.43027777777777,-17.755],[177.43055555555554,-17.75472222222222],[177.43027777777777,-17.75472222222222],[177.43027777777777,-17.755]],[[177.42833333333334,-17.753888888888888],[177.42805555555555,-17.75361111111111],[177.42805555555555,-17.753888888888888],[177.42833333333334,-17.753888888888888]]],[[[177.42388888888888,-17.757777777777775],[177.42416666666665,-17.7575],[177.42416666666665,-17.757777777777775],[177.42388888888888,-17.757777777777775]]]]},"properties":{"level_m":4.0}},{"type":"Feature","geometry":{"type":"MultiPolygon","coordinates":[[[[177.48444444444445,-17.81083333333333],[177.48555555555555,-17.811666666666664],[177.48555555555555,-17.81222222222222],[177.48499999999999,-17.81222222222222],[177.48499999999999,-17.8125],[177.48333333333332,-17.813055555555554],[177.48333333333332,-17.813333333333333],[177.48222222222222,-17.81361111111111],[177.48222222222222,-17.813888888888886],[177.4813888888889,-17.813888888888886],[177.48083333333332,-17.814444444444444],[177.47833333333332,-17.814999999999998],[177.47833333333332,-17.815277777777776],[177.4775,-17.815277777777776],[177.4775,-17.815555555555555],[177.4763888888889,-17.815555555555555],[177.4763888888889,-17.813333333333333],[177.47472222222223,-17.813333333333333],[177.47472222222223,-17.81361111111111],[177.47416666666666,-17.81361111111111],[177.47416666666666,-17.813333333333333],[177.4725,-17.813333333333333],[177.4725,-17.813055555555554],[177.47222222222223,-17.813333333333333],[177.47194444444443,-17.813055555555554],[177.4711111111111,-17.813333333333333],[177.47055555555556,-17.812777777777775],[177.4686111111111,-17.812777777777775],[177.4686111111111,-17.8125],[177.4675,-17.81222222222222],[177.4675,-17.811944444444443],[177.46638888888887,-17.811944444444443],[177.46583333333334,-17.81138888888889],[177.465,-17.81138888888889],[177.46444444444444,-17.81083333333333],[177.4636111111111,-17.81083333333333],[177.46333333333334,-17.810277777777777],[177.4622222222222,-17.81],[177.4622222222222,-17.80972222222222],[177.4611111111111,-17.809444444444445],[177.4611111111111,-17.809166666666666],[177.46027777777778,-17.809166666666666],[177.46,-17.80861111111111],[177.45888888888888,-17.808333333333334],[177.4586111111111,-17.807777777777776],[177.45694444444445,-17.807222222222222],[177.45666666666665,-17.806666666666665],[177.45555555555555,-17.806388888888886],[177.45555555555555,-17.80611111111111],[177.45499999999998,-17.80611111111111],[177.45472222222222,-17.805555555555554],[177.45361111111112,-17.805277777777775],[177.45277777777778,-17.804444444444442],[177.45222222222222,-17.804444444444442],[177.45194444444445,-17.80388888888889],[177.45083333333332,-17.80361111111111],[177.45055555555555,-17.803055555555556],[177.44944444444445,-17.802777777777777],[177.44861111111112,-17.801944444444445],[177.44805555555556,-17.801944444444445],[177.4477777777778,-17.801388888888887],[177.44555555555556,-17.800555555555555],[177.44527777777776,-17.799999999999997],[177.4436111111111,-17.799444444444443],[177.4436111111111,-17.799166666666665],[177.44194444444443,-17.79861111111111],[177.44194444444443,-17.798333333333332],[177.4411111111111,-17.798333333333332],[177.44027777777777,-17.7975],[177.4386111111111,-17.79722222222222],[177.43833333333333,-17.796666666666667],[177.43666666666667,-17.796388888888888],[177.4361111111111,-17.79583333333333],[177.43527777777777,-17.79583333333333],[177.435,-17.795277777777777],[177.43416666666667,-17.795277777777777],[177.43416666666667,-17.794999999999998],[177.43333333333334,-17.794999999999998],[177.43333333333334,-17.79472222222222],[177.4325,-17.79472222222222],[177.4325,-17.794444444444444],[177.4311111111111,-17.794444444444444],[177.43055555555554,-17.793888888888887],[177.42916666666667,-17.793888888888887],[177.42916666666667,-17.79361111111111],[177.42833333333334,-17.79361111111111],[177.42833333333334,-17.793333333333333],[177.4275,-17.793333333333333],[177.4275,-17.793055555555554],[177.42583333333332,-17.792777777777776],[177.42527777777778,-17.79222222222222],[177.42472222222221,-17.79222222222222],[177.42472222222221,-17.791666666666664],[177.42416666666665,-17.791666666666664],[177.42416666666665,-17.79138888888889],[177.42388888888888,-17.791666666666664],[177.42305555555555,-17.79138888888889],[177.42305555555555,-17.791666666666664],[177.42222222222222,-17.791666666666664],[177.42222222222222,-17.791944444444443],[177.42083333333332,-17.791944444444443],[177.42083333333332,-17.79222222222222],[177.41944444444445,-17.79222222222222],[177.41944444444445,-17.7925],[177.41861111111112,-17.7925],[177.41805555555555,-17.793055555555554],[177.4161111111111,-17.793333333333333],[177.4161111111111,-17.79361111111111],[177.415,-17.793888888888887],[177.415,-17.794166666666666],[177.41416666666666,-17.794166666666666],[177.4136111111111,-17.79472222222222],[177.41277777777776,-17.79472222222222],[177.41194444444443,-17.795555555555556],[177.4111111111111,-17.795555555555556],[177.41055555555556,-17.79611111111111],[177.40833333333333,-17.796944444444442],[177.4075,-17.798055555555553],[177.40694444444443,-17.798055555555553],[177.4063888888889,-17.7975],[177.40416666666667,-17.799999999999997],[177.4036111111111,-17.799999999999997],[177.4011111111111,-17.802777777777777],[177.40055555555554,-17.802777777777777],[177.4,-17.80333333333333],[177.4,-17.79111111111111],[177.40055555555554,-17.79083333333333],[177.40055555555554,-17.790277777777778],[177.40194444444444,-17.788888888888888],[177.40305555555554,-17.78861111111111],[177.40388888888887,-17.787777777777777],[177.40444444444444,-17.787777777777777],[177.4047222222222,-17.787222222222223],[177.4063888888889,-17.786666666666665],[177.40666666666667,-17.78611111111111],[177.40722222222223,-17.78611111111111],[177.40777777777777,-17.785555555555554],[177.40833333333333,-17.785555555555554],[177.40833333333333,-17.785277777777775],[177.41055555555556,-17.784444444444443],[177.4111111111111,-17.78388888888889],[177.41222222222223,-17.78361111111111],[177.41222222222223,-17.78333333333333],[177.41305555555556,-17.78333333333333],[177.41305555555556,-17.783055555555553],[177.41416666666666,-17.782777777777778],[177.41416666666666,-17.7825],[177.41666666666666,-17.781944444444445],[177.41666666666666,-17.781666666666666],[177.4175,-17.781666666666666],[177.4175,-17.781388888888888],[177.41833333333332,-17.781388888888888],[177.41833333333332,-17.78111111111111],[177.42083333333332,-17.780833333333334],[177.42083333333332,-17.780555555555555],[177.42249999999999,-17.780555555555555],[177.42249999999999,-17.780277777777776],[177.43,-17.780277777777776],[177.43,-17.780555555555555],[177.43166666666667,-17.780555555555555],[177.43166666666667,-17.780833333333334],[177.43388888888887,-17.78111111111111],[177.43388888888887,-17.781388888888888],[177.435,-17.781388888888888],[177.435,-17.781666666666666],[177.43583333333333,-17.781666666666666],[177.43583333333333,-17.781944444444445],[177.4375,-17.78222222222222],[177.43805555555556,-17.782777777777778],[177.4388888888889,-17.782777777777778],[177.43944444444443,-17.78333333333333],[177.44055555555556,-17.78361111111111],[177.44055555555556,-17.78388888888889],[177.4413888888889,-17.78388888888889],[177.44194444444443,-17.784444444444443],[177.4436111111111,-17.785],[177.4438888888889,-17.785555555555554],[177.44555555555556,-17.78611111111111],[177.4461111111111,-17.786666666666665],[177.44666666666666,-17.786666666666665],[177.44694444444443,-17.787222222222223],[177.44861111111112,-17.787777777777777],[177.4488888888889,-17.78833333333333],[177.45,-17.78861111111111],[177.45083333333332,-17.78944444444444],[177.45138888888889,-17.78944444444444],[177.45166666666665,-17.79],[177.45277777777778,-17.790277777777778],[177.45305555555555,-17.79083333333333],[177.45416666666665,-17.79111111111111],[177.45499999999998,-17.791944444444443],[177.45555555555555,-17.791944444444443],[177.45583333333332,-17.7925],[177.45749999999998,-17.793055555555554],[177.45777777777778,-17.79361111111111],[177.45833333333334,-17.79361111111111],[177.45888888888888,-17.794166666666666],[177.46055555555554,-17.79472222222222],[177.46083333333334,-17.795277777777777],[177.4625,-17.79583333333333],[177.46305555555554,-17.796388888888888],[177.46388888888887,-17.796388888888888],[177.46388888888887,-17.796666666666667],[177.465,-17.796944444444442],[177.46555555555554,-17.7975],[177.46638888888887,-17.7975],[177.46694444444444,-17.798055555555553],[177.46777777777777,-17.798055555555553],[177.46777777777777,-17.798333333333332],[177.4686111111111,-17.798333333333332],[177.4686111111111,-17.79861111111111],[177.46944444444443,-17.79861111111111],[177.46944444444443,-17.79888888888889],[177.47055555555556,-17.79888888888889],[177.47055555555556,-17.799166666666665],[177.47166666666666,-17.799166666666665],[177.47166666666666,-17.799444444444443],[177.47277777777776,-17.799444444444443],[177.47333333333333,-17.799999999999997],[177.4736111111111,-17.799722222222222],[177.47444444444443,-17.799722222222222],[177.47444444444443,-17.799999999999997],[177.4825,-17.799999999999997],[177.4825,-17.799722222222222],[177.48416666666665,-17.799722222222222],[177.48416666666665,-17.799444444444443],[177.48666666666665,-17.799166666666665],[177.48666666666665,-17.79888888888889],[177.48749999999998,-17.79888888888889],[177.48749999999998,-17.79861111111111],[177.48833333333332,-17.79861111111111],[177.48833333333332,-17.798333333333332],[177.48916666666665,-17.798333333333332],[177.48916666666665,-17.798055555555553],[177.49083333333334,-17.797777777777778],[177.49083333333334,-17.7975],[177.49194444444444,-17.79722222222222],[177.49194444444444,-17.796944444444442],[177.49277777777777,-17.796944444444442],[177.49277777777777,-17.796666666666667],[177.49388888888888,-17.796388888888888],[177.49388888888888,-17.79611111111111],[177.49444444444444,-17.79611111111111],[177.49444444444444,-17.79583333333333],[177.495,-17.79583333333333],[177.49555555555554,-17.795277777777777],[177.4972222222222,-17.79472222222222],[177.4972222222222,-17.794444444444444],[177.49833333333333,-17.794166666666666],[177.4986111111111,-17.79361111111111],[177.50027777777777,-17.793055555555554],[177.50055555555556,-17.7925],[177.50166666666667,-17.79222222222222],[177.50194444444443,-17.791666666666664],[177.50305555555556,-17.79138888888889],[177.50333333333333,-17.79083333333333],[177.50444444444443,-17.790555555555553],[177.50527777777776,-17.78972222222222],[177.50583333333333,-17.78972222222222],[177.5061111111111,-17.789166666666667],[177.50777777777776,-17.78861111111111],[177.50805555555556,-17.788055555555555],[177.50916666666666,-17.787777777777777],[177.50944444444443,-17.787222222222223],[177.51111111111112,-17.786666666666665],[177.5113888888889,-17.78611111111111],[177.51194444444445,-17.78611111111111],[177.5125,-17.785555555555554],[177.51305555555555,-17.785555555555554],[177.51305555555555,-17.785277777777775],[177.51527777777778,-17.784444444444443],[177.51583333333332,-17.78388888888889],[177.51694444444445,-17.78361111111111],[177.51694444444445,-17.78333333333333],[177.51777777777778,-17.78333333333333],[177.51777777777778,-17.783055555555553],[177.51888888888888,-17.782777777777778],[177.51888888888888,-17.7825],[177.5197222222222,-17.7825],[177.5197222222222,-17.794166666666666],[177.51888888888888,-17.794166666666666],[177.51833333333332,-17.79472222222222],[177.51749999999998,-17.79472222222222],[177.51666666666665,-17.795555555555556],[177.51583333333332,-17.795555555555556],[177.51527777777778,-17.79611111111111],[177.51472222222222,-17.79611111111111],[177.51472222222222,-17.796388888888888],[177.51416666666665,-17.796388888888888],[177.51361111111112,-17.796944444444442],[177.51194444444445,-17.7975],[177.51166666666666,-17.798055555555553],[177.51055555555556,-17.798333333333332],[177.5102777777778,-17.79888888888889],[177.50916666666666,-17.799166666666665],[177.50833333333333,-17.799999999999997],[177.50777777777776,-17.799999999999997],[177.5075,-17.800555555555555],[177.50694444444443,-17.800555555555555],[177.5063888888889,-17.80111111111111],[177.50583333333333,-17.80111111111111],[177.50555555555556,-17.801666666666666],[177.5038888888889,-17.80222222222222],[177.5036111111111,-17.802777777777777],[177.5013888888889,-17.80361111111111],[177.50083333333333,-17.804444444444442],[177.49944444444444,-17.80472222222222],[177.49916666666667,-17.805277777777775],[177.49805555555554,-17.805555555555554],[177.49805555555554,-17.805833333333332],[177.49638888888887,-17.806388888888886],[177.49638888888887,-17.806666666666665],[177.49555555555554,-17.806666666666665],[177.4947222222222,-17.807499999999997],[177.49388888888888,-17.807499999999997],[177.49333333333334,-17.808055555555555],[177.4925,-17.808055555555555],[177.49194444444444,-17.80861111111111],[177.4911111111111,-17.80861111111111],[177.4911111111111,-17.808888888888887],[177.49027777777778,-17.808888888888887],[177.49027777777778,-17.809166666666666],[177.48944444444444,-17.809166666666666],[177.48944444444444,-17.809444444444445],[177.48472222222222,-17.810277777777777],[177.48444444444445,-17.81083333333333]],[[177.4736111111111,-17.799999999999997],[177.4738888888889,-17.800277777777776],[177.4738888888889,-17.799999999999997],[177.4736111111111,-17.799999999999997]],[[177.4738888888889,-17.800277777777776],[177.47416666666666,-17.800555555555555],[177.47416666666666,-17.800277777777776],[177.4738888888889,-17.800277777777776]],[[177.47416666666666,-17.800555555555555],[177.47444444444443,-17.800833333333333],[177.47444444444443,-17.800555555555555],[177.47416666666666,-17.800555555555555]],[[177.47444444444443,-17.800833333333333],[177.47472222222223,-17.80111111111111],[177.47472222222223,-17.800833333333333],[177.47444444444443,-17.800833333333333]],[[177.47472222222223,-17.80111111111111],[177.475,-17.801388888888887],[177.475,-17.80111111111111],[177.47472222222223,-17.80111111111111]],[[177.475,-17.801388888888887],[177.47527777777776,-17.801666666666666],[177.47527777777776,-17.801388888888887],[177.475,-17.801388888888887]],[[177.47527777777776,-17.801666666666666],[177.47555555555556,-17.801944444444445],[177.47555555555556,-17.801666666666666],[177.47527777777776,-17.801666666666666]],[[177.47555555555556,-17.801944444444445],[177.47583333333333,-17.80222222222222],[177.47583333333333,-17.801944444444445],[177.47555555555556,-17.801944444444445]],[[177.47583333333333,-17.80222222222222],[177.4761111111111,-17.8025],[177.4761111111111,-17.80222222222222],[177.47583333333333,-17.80222222222222]],[[177.4761111111111,-17.8025],[177.4763888888889,-17.802777777777777],[177.4763888888889,-17.8025],[177.4761111111111,-17.8025]],[[177.4763888888889,-17.802777777777777],[177.47666666666666,-17.803055555555556],[177.47666666666666,-17.802777777777777],[177.4763888888889,-17.802777777777777]],[[177.48444444444445,-17.810555555555556],[177.48416666666665,-17.810277777777777],[177.48416666666665,-17.810555555555556],[177.48444444444445,-17.810555555555556]]],[[[177.42416666666665,-17.766944444444444],[177.42527777777778,-17.766944444444444],[177.42527777777778,-17.76722222222222],[177.4261111111111,-17.76722222222222],[177.4261111111111,-17.7675],[177.42694444444444,-17.7675],[177.42694444444444,-17.767777777777777],[177.42777777777778,-17.767777777777777],[177.42777777777778,-17.768055555555556],[177.4286111111111,-17.768055555555556],[177.4286111111111,-17.76833333333333],[177.4297222222222,-17.76861111111111],[177.4297222222222,-17.76888888888889],[177.43138888888888,-17.769444444444442],[177.43138888888888,-17.76972222222222],[177.43333333333334,-17.76972222222222],[177.43333333333334,-17.77],[177.4347222222222,-17.77],[177.4347222222222,-17.77027777777778],[177.4361111111111,-17.77027777777778],[177.4361111111111,-17.770555555555553],[177.43694444444444,-17.770555555555553],[177.43694444444444,-17.770833333333332],[177.4388888888889,-17.77111111111111],[177.43944444444443,-17.771666666666665],[177.44027777777777,-17.771666666666665],[177.44027777777777,-17.771944444444443],[177.4411111111111,-17.771944444444443],[177.4413888888889,-17.772499999999997],[177.44305555555556,-17.772777777777776],[177.44333333333333,-17.773333333333333],[177.44416666666666,-17.773333333333333],[177.44416666666666,-17.77361111111111],[177.44527777777776,-17.773888888888887],[177.44555555555556,-17.774444444444445],[177.4477777777778,-17.775277777777777],[177.44833333333332,-17.77583333333333],[177.4488888888889,-17.77583333333333],[177.44916666666666,-17.77638888888889],[177.45083333333332,-17.776944444444442],[177.45194444444445,-17.778055555555554],[177.45416666666665,-17.778888888888886],[177.45444444444445,-17.779444444444444],[177.4561111111111,-17.779999999999998],[177.45638888888888,-17.780555555555555],[177.45749999999998,-17.780833333333334],[177.45777777777778,-17.781388888888888],[177.45833333333334,-17.781388888888888],[177.45916666666668,-17.78222222222222],[177.46083333333334,-17.782777777777778],[177.46138888888888,-17.78333333333333],[177.46194444444444,-17.78333333333333],[177.4622222222222,-17.78388888888889],[177.46333333333334,-17.784166666666664],[177.46333333333334,-17.784444444444443],[177.46416666666667,-17.784444444444443],[177.4647222222222,-17.785],[177.46583333333334,-17.785277777777775],[177.46583333333334,-17.785555555555554],[177.46694444444444,-17.785833333333333],[177.46694444444444,-17.78611111111111],[177.46805555555554,-17.78611111111111],[177.4686111111111,-17.786666666666665],[177.46916666666667,-17.786666666666665],[177.46916666666667,-17.786944444444444],[177.47027777777777,-17.786944444444444],[177.47027777777777,-17.787222222222223],[177.4711111111111,-17.787222222222223],[177.47166666666666,-17.787777777777777],[177.47222222222223,-17.787499999999998],[177.47222222222223,-17.787777777777777],[177.47305555555556,-17.787777777777777],[177.47305555555556,-17.788055555555555],[177.47444444444443,-17.788055555555555],[177.47444444444443,-17.78833333333333],[177.47555555555556,-17.78833333333333],[177.47555555555556,-17.78861111111111],[177.47583333333333,-17.78833333333333],[177.4761111111111,-17.78861111111111],[177.47694444444443,-17.78833333333333],[177.47805555555556,-17.787222222222223],[177.48,-17.786944444444444],[177.48,-17.786666666666665],[177.48166666666665,-17.786388888888887],[177.48166666666665,-17.78611111111111],[177.48305555555555,-17.78611111111111],[177.48333333333332,-17.785555555555554],[177.48583333333332,-17.785277777777775],[177.48666666666665,-17.784444444444443],[177.48888888888888,-17.784166666666664],[177.4897222222222,-17.78333333333333],[177.49055555555555,-17.78333333333333],[177.49055555555555,-17.783055555555553],[177.49194444444444,-17.782777777777778],[177.49194444444444,-17.7825],[177.4925,-17.7825],[177.4925,-17.78222222222222],[177.4936111111111,-17.781944444444445],[177.4936111111111,-17.781666666666666],[177.49444444444444,-17.781666666666666],[177.49444444444444,-17.781388888888888],[177.49555555555554,-17.78111111111111],[177.49583333333334,-17.780555555555555],[177.4975,-17.779999999999998],[177.49805555555554,-17.779444444444444],[177.4986111111111,-17.779444444444444],[177.4986111111111,-17.779166666666665],[177.49916666666667,-17.779166666666665],[177.5,-17.778333333333332],[177.50055555555556,-17.778333333333332],[177.50083333333333,-17.777777777777775],[177.5025,-17.77722222222222],[177.50277777777777,-17.776666666666667],[177.5038888888889,-17.77638888888889],[177.50416666666666,-17.77583333333333],[177.50527777777776,-17.775555555555556],[177.5061111111111,-17.77472222222222],[177.50666666666666,-17.77472222222222],[177.50694444444443,-17.774166666666666],[177.50805555555556,-17.773888888888887],[177.50833333333333,-17.773333333333333],[177.51,-17.772777777777776],[177.5102777777778,-17.772222222222222],[177.5125,-17.771388888888886],[177.51277777777779,-17.770833333333332],[177.51444444444445,-17.77027777777778],[177.51444444444445,-17.77],[177.51611111111112,-17.769444444444442],[177.51611111111112,-17.769166666666667],[177.51694444444445,-17.769166666666667],[177.51722222222222,-17.76861111111111],[177.51805555555555,-17.76861111111111],[177.51805555555555,-17.76833333333333],[177.51888888888888,-17.76833333333333],[177.51888888888888,-17.768055555555556],[177.5197222222222,-17.767777777777777],[177.5197222222222,-17.781944444444445],[177.51749999999998,-17.782777777777778],[177.51749999999998,-17.783055555555553],[177.51666666666665,-17.783055555555553],[177.51611111111112,-17.78361111111111],[177.51555555555555,-17.78361111111111],[177.51555555555555,-17.78388888888889],[177.515,-17.78388888888889],[177.51444444444445,-17.784444444444443],[177.51388888888889,-17.784444444444443],[177.51388888888889,-17.78472222222222],[177.51333333333332,-17.78472222222222],[177.51277777777779,-17.785277777777775],[177.51111111111112,-17.785833333333333],[177.51083333333332,-17.786388888888887],[177.50916666666666,-17.786944444444444],[177.5088888888889,-17.787499999999998],[177.50777777777776,-17.787777777777777],[177.5075,-17.78833333333333],[177.50694444444443,-17.78833333333333],[177.5063888888889,-17.788888888888888],[177.50583333333333,-17.788888888888888],[177.50555555555556,-17.78944444444444],[177.50444444444443,-17.78972222222222],[177.50416666666666,-17.790277777777778],[177.50305555555556,-17.790555555555553],[177.50222222222223,-17.79138888888889],[177.50166666666667,-17.79138888888889],[177.5013888888889,-17.791944444444443],[177.50027777777777,-17.79222222222222],[177.5,-17.792777777777776],[177.49833333333333,-17.793333333333333],[177.49805555555554,-17.793888888888887],[177.49638888888887,-17.794444444444444],[177.49583333333334,-17.794999999999998],[177.49527777777777,-17.794999999999998],[177.49527777777777,-17.795277777777777],[177.4947222222222,-17.795277777777777],[177.4947222222222,-17.795555555555556],[177.4936111111111,-17.79583333333333],[177.4936111111111,-17.79611111111111],[177.49305555555554,-17.79611111111111],[177.4925,-17.796666666666667],[177.49166666666667,-17.796666666666667],[177.4911111111111,-17.79722222222222],[177.49055555555555,-17.79722222222222],[177.49055555555555,-17.7975],[177.48805555555555,-17.798055555555553],[177.48805555555555,-17.798333333333332],[177.48722222222221,-17.798333333333332],[177.48722222222221,-17.79861111111111],[177.48638888888888,-17.79861111111111],[177.48638888888888,-17.79888888888889],[177.48388888888888,-17.799166666666665],[177.48388888888888,-17.799444444444443],[177.48222222222222,-17.799444444444443],[177.48222222222222,-17.799722222222222],[177.47472222222223,-17.799722222222222],[177.47472222222223,-17.799444444444443],[177.47305555555556,-17.799444444444443],[177.47305555555556,-17.799166666666665],[177.46972222222223,-17.79861111111111],[177.46972222222223,-17.798333333333332],[177.4688888888889,-17.798333333333332],[177.4688888888889,-17.798055555555553],[177.4672222222222,-17.797777777777778],[177.46666666666667,-17.79722222222222],[177.46583333333334,-17.79722222222222],[177.46583333333334,-17.796944444444442],[177.4647222222222,-17.796666666666667],[177.46416666666667,-17.79611111111111],[177.46333333333334,-17.79611111111111],[177.46333333333334,-17.79583333333333],[177.4622222222222,-17.795555555555556],[177.46166666666667,-17.794999999999998],[177.4611111111111,-17.794999999999998],[177.46083333333334,-17.794444444444444],[177.46027777777778,-17.794444444444444],[177.46027777777778,-17.794166666666666],[177.4597222222222,-17.794166666666666],[177.45916666666668,-17.79361111111111],[177.45805555555555,-17.793333333333333],[177.45777777777778,-17.792777777777776],[177.4561111111111,-17.79222222222222],[177.45583333333332,-17.791666666666664],[177.45472222222222,-17.79138888888889],[177.45444444444445,-17.79083333333333],[177.45333333333332,-17.790555555555553],[177.45305555555555,-17.79],[177.45194444444445,-17.78972222222222],[177.45111111111112,-17.788888888888888],[177.45055555555555,-17.788888888888888],[177.45027777777779,-17.78833333333333],[177.44916666666666,-17.788055555555555],[177.4488888888889,-17.787499999999998],[177.44722222222222,-17.786944444444444],[177.44694444444443,-17.786388888888887],[177.44527777777776,-17.785833333333333],[177.44472222222223,-17.785277777777775],[177.44416666666666,-17.785277777777775],[177.4438888888889,-17.78472222222222],[177.44277777777776,-17.784444444444443],[177.44277777777776,-17.784166666666664],[177.44166666666666,-17.78388888888889],[177.44166666666666,-17.78361111111111],[177.44083333333333,-17.78361111111111],[177.44083333333333,-17.78333333333333],[177.44027777777777,-17.78333333333333],[177.44027777777777,-17.783055555555553],[177.43916666666667,-17.782777777777778],[177.43916666666667,-17.7825],[177.43833333333333,-17.7825],[177.43777777777777,-17.781944444444445],[177.43694444444444,-17.781944444444445],[177.43694444444444,-17.781666666666666],[177.4361111111111,-17.781666666666666],[177.4361111111111,-17.781388888888888],[177.43527777777777,-17.781388888888888],[177.43527777777777,-17.78111111111111],[177.43416666666667,-17.78111111111111],[177.43416666666667,-17.780833333333334],[177.43305555555554,-17.780833333333334],[177.43305555555554,-17.780555555555555],[177.43194444444444,-17.780555555555555],[177.43194444444444,-17.780277777777776],[177.43027777777777,-17.780277777777776],[177.43027777777777,-17.779999999999998],[177.42222222222222,-17.779999999999998],[177.42222222222222,-17.780277777777776],[177.42083333333332,-17.780277777777776],[177.42361111111111,-17.7775],[177.42361111111111,-17.766666666666666],[177.42416666666665,-17.766666666666666],[177.42416666666665,-17.766944444444444]]],[[[177.42333333333332,-17.7775],[177.42055555555555,-17.779999999999998],[177.42055555555555,-17.780555555555555],[177.41916666666665,-17.780555555555555],[177.41916666666665,-17.780833333333334],[177.41805555555555,-17.780833333333334],[177.41805555555555,-17.78111111111111],[177.41722222222222,-17.78111111111111],[177.41722222222222,-17.781388888888888],[177.4163888888889,-17.781388888888888],[177.4163888888889,-17.781666666666666],[177.41555555555556,-17.781666666666666],[177.41555555555556,-17.781944444444445],[177.4138888888889,-17.78222222222222],[177.4138888888889,-17.7825],[177.41333333333333,-17.7825],[177.41277777777776,-17.783055555555553],[177.41194444444443,-17.783055555555553],[177.4113888888889,-17.78361111111111],[177.41083333333333,-17.78361111111111],[177.41083333333333,-17.78388888888889],[177.41027777777776,-17.78388888888889],[177.40972222222223,-17.784444444444443],[177.40916666666666,-17.784444444444443],[177.40916666666666,-17.78472222222222],[177.4086111111111,-17.78472222222222],[177.40805555555556,-17.785277777777775],[177.4063888888889,-17.785833333333333],[177.4061111111111,-17.786388888888887],[177.40444444444444,-17.786944444444444],[177.40416666666667,-17.787499999999998],[177.40305555555554,-17.787777777777777],[177.40277777777777,-17.78833333333333],[177.4022222222222,-17.78833333333333],[177.40166666666667,-17.788888888888888],[177.4,-17.78861111111111],[177.4,-17.77638888888889],[177.40027777777777,-17.77638888888889],[177.40027777777777,-17.775],[177.40194444444444,-17.77472222222222],[177.4022222222222,-17.774166666666666],[177.40333333333334,-17.773888888888887],[177.4036111111111,-17.773333333333333],[177.40527777777777,-17.772777777777776],[177.40555555555554,-17.772222222222222],[177.40777777777777,-17.771388888888886],[177.40805555555556,-17.770833333333332],[177.40972222222223,-17.77027777777778],[177.40972222222223,-17.77],[177.4113888888889,-17.769444444444442],[177.4113888888889,-17.769166666666667],[177.41222222222223,-17.769166666666667],[177.4125,-17.76861111111111],[177.41333333333333,-17.76861111111111],[177.41333333333333,-17.76833333333333],[177.41416666666666,-17.76833333333333],[177.41472222222222,-17.767777777777777],[177.41666666666666,-17.7675],[177.41666666666666,-17.76722222222222],[177.4175,-17.76722222222222],[177.4175,-17.766944444444444],[177.41833333333332,-17.766944444444444],[177.41861111111112,-17.76722222222222],[177.41861111111112,-17.766944444444444],[177.42,-17.766944444444444],[177.42,-17.766666666666666],[177.42222222222222,-17.766666666666666],[177.42222222222222,-17.766388888888887],[177.42277777777778,-17.766388888888887],[177.42277777777778,-17.765],[177.42305555555555,-17.764722222222222],[177.42333333333332,-17.764722222222222],[177.42333333333332,-17.7775]]],[[[177.42333333333332,-17.74861111111111],[177.42388888888888,-17.748055555555556],[177.42805555555555,-17.748055555555556],[177.42805555555555,-17.751944444444444],[177.42833333333334,-17.751944444444444],[177.42833333333334,-17.75],[177.42888888888888,-17.75],[177.42888888888888,-17.750277777777775],[177.4311111111111,-17.750277777777775],[177.4311111111111,-17.750555555555554],[177.4325,-17.750555555555554],[177.4325,-17.750833333333333],[177.4347222222222,-17.75111111111111],[177.4347222222222,-17.751388888888886],[177.43555555555554,-17.751388888888886],[177.43555555555554,-17.751666666666665],[177.43638888888887,-17.751666666666665],[177.43638888888887,-17.751944444444444],[177.4372222222222,-17.751944444444444],[177.43777777777777,-17.752499999999998],[177.4386111111111,-17.752499999999998],[177.43916666666667,-17.753055555555555],[177.44,-17.753055555555555],[177.44,-17.753333333333334],[177.44055555555556,-17.753333333333334],[177.4411111111111,-17.753888888888888],[177.44333333333333,-17.75472222222222],[177.44333333333333,-17.755],[177.4438888888889,-17.755],[177.44444444444443,-17.755555555555553],[177.44555555555556,-17.75583333333333],[177.44583333333333,-17.75638888888889],[177.4475,-17.756944444444443],[177.4477777777778,-17.7575],[177.44833333333332,-17.7575],[177.44916666666666,-17.75861111111111],[177.44972222222222,-17.75861111111111],[177.45111111111112,-17.760277777777777],[177.45166666666665,-17.760277777777777],[177.45305555555555,-17.761944444444442],[177.45361111111112,-17.761944444444442],[177.45472222222222,-17.763333333333332],[177.45527777777778,-17.763333333333332],[177.45666666666665,-17.764722222222222],[177.45666666666665,-17.76972222222222],[177.4561111111111,-17.76972222222222],[177.45583333333332,-17.769166666666667],[177.45472222222222,-17.76888888888889],[177.45444444444445,-17.76833333333333],[177.45333333333332,-17.768055555555556],[177.45305555555555,-17.7675],[177.45194444444445,-17.76722222222222],[177.45111111111112,-17.766388888888887],[177.45055555555555,-17.766388888888887],[177.45027777777779,-17.765833333333333],[177.44916666666666,-17.765555555555554],[177.4488888888889,-17.765],[177.44722222222222,-17.764444444444443],[177.44694444444443,-17.76388888888889],[177.44472222222223,-17.763055555555553],[177.44444444444443,-17.7625],[177.44277777777776,-17.761944444444442],[177.44222222222223,-17.761388888888888],[177.44166666666666,-17.761388888888888],[177.44166666666666,-17.76111111111111],[177.4411111111111,-17.76111111111111],[177.4411111111111,-17.76083333333333],[177.44027777777777,-17.76083333333333],[177.43972222222223,-17.760277777777777],[177.43916666666667,-17.760277777777777],[177.43916666666667,-17.759999999999998],[177.43777777777777,-17.759722222222223],[177.43777777777777,-17.759444444444444],[177.43694444444444,-17.759444444444444],[177.43694444444444,-17.759166666666665],[177.4361111111111,-17.759166666666665],[177.4361111111111,-17.758888888888887],[177.43444444444444,-17.75861111111111],[177.43444444444444,-17.758333333333333],[177.43333333333334,-17.758333333333333],[177.43333333333334,-17.758055555555554],[177.4322222222222,-17.758055555555554],[177.4322222222222,-17.757777777777775],[177.43083333333334,-17.757777777777775],[177.43083333333334,-17.7575],[177.42944444444444,-17.7575],[177.42944444444444,-17.757777777777775],[177.42805555555555,-17.757777777777775],[177.42805555555555,-17.7575],[177.42416666666665,-17.7575],[177.42388888888888,-17.757777777777775],[177.42388888888888,-17.761666666666667],[177.42361111111111,-17.761666666666667],[177.42333333333332,-17.74861111111111]],[[177.42361111111111,-17.7575],[177.42388888888888,-17.75722222222222],[177.42361111111111,-17.75722222222222],[177.42361111111111,-17.7575]],[[177.42833333333334,-17.75722222222222],[177.42833333333334,-17.756944444444443],[177.42388888888888,-17.756944444444443],[177.42388888888888,-17.75722222222222],[177.42833333333334,-17.75722222222222]],[[177.42833333333334,-17.756944444444443],[177.4286111111111,-17.756666666666664],[177.42833333333334,-17.756666666666664],[177.42833333333334,-17.756944444444443]],[[177.4286111111111,-17.756666666666664],[177.42888888888888,-17.75638888888889],[177.4286111111111,-17.75638888888889],[177.4286111111111,-17.756666666666664]],[[177.42888888888888,-17.75638888888889],[177.42916666666667,-17.75611111111111],[177.42888888888888,-17.75611111111111],[177.42888888888888,-17.75638888888889]],[[177.42916666666667,-17.75611111111111],[177.42944444444444,-17.75583333333333],[177.42916666666667,-17.75583333333333],[177.42916666666667,-17.75611111111111]],[[177.42944444444444,-17.75583333333333],[177.4297222222222,-17.755555555555553],[177.42944444444444,-17.755555555555553],[177.42944444444444,-17.75583333333333]],[[177.4297222222222,-17.755555555555553],[177.43,-17.755277777777778],[177.4297222222222,-17.755277777777778],[177.4297222222222,-17.755555555555553]],[[177.43,-17.755277777777778],[177.43027777777777,-17.755],[177.43,-17.755],[177.43,-17.755277777777778]],[[177.43027777777777,-17.755],[177.43055555555554,-17.75472222222222],[177.43027777777777,-17.75472222222222],[177.43027777777777,-17.755]]]]},"properties":{"level_m":4.5}},{"type":"Feature","geometry":{"type":"MultiPolygon","coordinates":[[[[177.48527777777778,-17.811666666666664],[177.48638888888888,-17.812777777777775],[177.48555555555555,-17.813055555555554],[177.48527777777778,-17.81361111111111],[177.48416666666665,-17.813888888888886],[177.48416666666665,-17.814166666666665],[177.4825,-17.814722222222223],[177.4825,-17.814999999999998],[177.48166666666665,-17.814999999999998],[177.48111111111112,-17.815555555555555],[177.4802777777778,-17.815555555555555],[177.4802777777778,-17.815833333333334],[177.47944444444445,-17.815833333333334],[177.47944444444445,-17.81611111111111],[177.4786111111111,-17.81611111111111],[177.4786111111111,-17.816388888888888],[177.47777777777776,-17.816388888888888],[177.47777777777776,-17.816666666666666],[177.47666666666666,-17.816666666666666],[177.4763888888889,-17.81694444444444],[177.4763888888889,-17.814444444444444],[177.47583333333333,-17.814444444444444],[177.47583333333333,-17.814722222222223],[177.47416666666666,-17.814722222222223],[177.47416666666666,-17.814444444444444],[177.4725,-17.814722222222223],[177.4725,-17.814444444444444],[177.46972222222223,-17.814166666666665],[177.46972222222223,-17.813888888888886],[177.4686111111111,-17.813888888888886],[177.4686111111111,-17.81361111111111],[177.46777777777777,-17.81361111111111],[177.46777777777777,-17.813333333333333],[177.46666666666667,-17.813333333333333],[177.4661111111111,-17.812777777777775],[177.46527777777777,-17.812777777777775],[177.46527777777777,-17.8125],[177.46416666666667,-17.81222222222222],[177.46416666666667,-17.811944444444443],[177.4636111111111,-17.811944444444443],[177.4636111111111,-17.811666666666664],[177.46277777777777,-17.811666666666664],[177.46277777777777,-17.81138888888889],[177.46166666666667,-17.81111111111111],[177.46166666666667,-17.81083333333333],[177.4611111111111,-17.81083333333333],[177.46083333333334,-17.810277777777777],[177.4597222222222,-17.81],[177.45916666666668,-17.809444444444445],[177.45805555555555,-17.809166666666666],[177.45777777777778,-17.80861111111111],[177.4561111111111,-17.808055555555555],[177.45583333333332,-17.807499999999997],[177.45472222222222,-17.807222222222222],[177.45444444444445,-17.806666666666665],[177.45333333333332,-17.806388888888886],[177.45305555555555,-17.805833333333332],[177.45194444444445,-17.805555555555554],[177.45111111111112,-17.80472222222222],[177.45055555555555,-17.80472222222222],[177.45027777777779,-17.804166666666667],[177.44916666666666,-17.80388888888889],[177.4488888888889,-17.80333333333333],[177.44722222222222,-17.802777777777777],[177.44694444444443,-17.80222222222222],[177.44472222222223,-17.801388888888887],[177.44444444444443,-17.800833333333333],[177.44277777777776,-17.800277777777776],[177.44277777777776,-17.799999999999997],[177.44166666666666,-17.799722222222222],[177.44166666666666,-17.799444444444443],[177.4411111111111,-17.799444444444443],[177.4411111111111,-17.799166666666665],[177.44027777777777,-17.799166666666665],[177.43972222222223,-17.79861111111111],[177.4386111111111,-17.798333333333332],[177.4386111111111,-17.798055555555553],[177.43777777777777,-17.798055555555553],[177.4375,-17.7975],[177.4361111111111,-17.79722222222222],[177.4361111111111,-17.796944444444442],[177.43416666666667,-17.796666666666667],[177.43416666666667,-17.796388888888888],[177.4325,-17.79611111111111],[177.4325,-17.79583333333333],[177.4311111111111,-17.795555555555556],[177.4311111111111,-17.795277777777777],[177.4286111111111,-17.794999999999998],[177.42805555555555,-17.794444444444444],[177.42694444444444,-17.794444444444444],[177.42638888888888,-17.793888888888887],[177.42555555555555,-17.793888888888887],[177.42527777777778,-17.793333333333333],[177.42472222222221,-17.793333333333333],[177.42388888888888,-17.7925],[177.42333333333332,-17.7925],[177.42333333333332,-17.792777777777776],[177.42166666666665,-17.792777777777776],[177.42166666666665,-17.793055555555554],[177.42027777777778,-17.793055555555554],[177.42027777777778,-17.793333333333333],[177.41944444444445,-17.793333333333333],[177.41944444444445,-17.79361111111111],[177.41833333333332,-17.79361111111111],[177.4177777777778,-17.794166666666666],[177.41694444444445,-17.794166666666666],[177.41694444444445,-17.794444444444444],[177.41583333333332,-17.794444444444444],[177.41583333333332,-17.79472222222222],[177.41472222222222,-17.794999999999998],[177.41472222222222,-17.795277777777777],[177.41416666666666,-17.795277777777777],[177.41416666666666,-17.795555555555556],[177.41333333333333,-17.795555555555556],[177.41333333333333,-17.79583333333333],[177.41222222222223,-17.79611111111111],[177.41222222222223,-17.796388888888888],[177.41055555555556,-17.796944444444442],[177.41055555555556,-17.79722222222222],[177.40944444444443,-17.7975],[177.40805555555556,-17.79888888888889],[177.4075,-17.798333333333332],[177.40694444444443,-17.798333333333332],[177.40555555555554,-17.799999999999997],[177.405,-17.799999999999997],[177.40277777777777,-17.8025],[177.4022222222222,-17.8025],[177.4,-17.80472222222222],[177.4,-17.79111111111111],[177.40055555555554,-17.79083333333333],[177.40055555555554,-17.790277777777778],[177.40194444444444,-17.788888888888888],[177.40305555555554,-17.78861111111111],[177.40388888888887,-17.787777777777777],[177.40444444444444,-17.787777777777777],[177.4047222222222,-17.787222222222223],[177.4063888888889,-17.786666666666665],[177.40666666666667,-17.78611111111111],[177.40722222222223,-17.78611111111111],[177.40777777777777,-17.785555555555554],[177.40833333333333,-17.785555555555554],[177.40833333333333,-17.785277777777775],[177.41055555555556,-17.784444444444443],[177.4111111111111,-17.78388888888889],[177.41222222222223,-17.78361111111111],[177.41222222222223,-17.78333333333333],[177.41305555555556,-17.78333333333333],[177.41305555555556,-17.783055555555553],[177.41416666666666,-17.782777777777778],[177.41416666666666,-17.7825],[177.41666666666666,-17.781944444444445],[177.41666666666666,-17.781666666666666],[177.4175,-17.781666666666666],[177.4175,-17.781388888888888],[177.41833333333332,-17.781388888888888],[177.41833333333332,-17.78111111111111],[177.42083333333332,-17.780833333333334],[177.42083333333332,-17.780555555555555],[177.42249999999999,-17.780555555555555],[177.42249999999999,-17.780277777777776],[177.43,-17.780277777777776],[177.43,-17.780555555555555],[177.43166666666667,-17.780555555555555],[177.43166666666667,-17.780833333333334],[177.43388888888887,-17.78111111111111],[177.43388888888887,-17.781388888888888],[177.435,-17.781388888888888],[177.435,-17.781666666666666],[177.43583333333333,-17.781666666666666],[177.43583333333333,-17.781944444444445],[177.4375,-17.78222222222222],[177.43805555555556,-17.782777777777778],[177.4388888888889,-17.782777777777778],[177.43944444444443,-17.78333333333333],[177.44055555555556,-17.78361111111111],[177.44055555555556,-17.78388888888889],[177.4413888888889,-17.78388888888889],[177.44194444444443,-17.784444444444443],[177.4436111111111,-17.785],[177.4438888888889,-17.785555555555554],[177.44555555555556,-17.78611111111111],[177.4461111111111,-17.786666666666665],[177.44666666666666,-17.786666666666665],[177.44694444444443,-17.787222222222223],[177.44861111111112,-17.787777777777777],[177.4488888888889,-17.78833333333333],[177.45,-17.78861111111111],[177.45083333333332,-17.78944444444444],[177.45138888888889,-17.78944444444444],[177.45166666666665,-17.79],[177.45277777777778,-17.790277777777778],[177.45305555555555,-17.79083333333333],[177.45416666666665,-17.79111111111111],[177.45499999999998,-17.791944444444443],[177.45555555555555,-17.791944444444443],[177.45583333333332,-17.7925],[177.45749999999998,-17.793055555555554],[177.45777777777778,-17.79361111111111],[177.45833333333334,-17.79361111111111],[177.45888888888888,-17.794166666666666],[177.46055555555554,-17.79472222222222],[177.46083333333334,-17.795277777777777],[177.4625,-17.79583333333333],[177.46305555555554,-17.796388888888888],[177.46388888888887,-17.796388888888888],[177.46388888888887,-17.796666666666667],[177.465,-17.796944444444442],[177.46555555555554,-17.7975],[177.46638888888887,-17.7975],[177.46694444444444,-17.798055555555553],[177.46777777777777,-17.798055555555553],[177.46777777777777,-17.798333333333332],[177.4686111111111,-17.798333333333332],[177.4686111111111,-17.79861111111111],[177.46944444444443,-17.79861111111111],[177.46944444444443,-17.79888888888889],[177.47055555555556,-17.79888888888889],[177.47055555555556,-17.799166666666665],[177.47166666666666,-17.799166666666665],[177.47166666666666,-17.799444444444443],[177.47277777777776,-17.799444444444443],[177.47333333333333,-17.799999999999997],[177.4736111111111,-17.799722222222222],[177.47444444444443,-17.799722222222222],[177.47444444444443,-17.799999999999997],[177.4825,-17.799999999999997],[177.4825,-17.799722222222222],[177.48416666666665,-17.799722222222222],[177.48416666666665,-17.799444444444443],[177.48666666666665,-17.799166666666665],[177.48666666666665,-17.79888888888889],[177.48749999999998,-17.79888888888889],[177.48749999999998,-17.79861111111111],[177.48833333333332,-17.79861111111111],[177.48833333333332,-17.798333333333332],[177.48916666666665,-17.798333333333332],[177.48916666666665,-17.798055555555553],[177.49083333333334,-17.797777777777778],[177.49083333333334,-17.7975],[177.49194444444444,-17.79722222222222],[177.49194444444444,-17.796944444444442],[177.49277777777777,-17.796944444444442],[177.49277777777777,-17.796666666666667],[177.49388888888888,-17.796388888888888],[177.49388888888888,-17.79611111111111],[177.49444444444444,-17.79611111111111],[177.49444444444444,-17.79583333333333],[177.495,-17.79583333333333],[177.49555555555554,-17.795277777777777],[177.4972222222222,-17.79472222222222],[177.4972222222222,-17.794444444444444],[177.49833333333333,-17.794166666666666],[177.4986111111111,-17.79361111111111],[177.50027777777777,-17.793055555555554],[177.50055555555556,-17.7925],[177.50166666666667,-17.79222222222222],[177.50194444444443,-17.791666666666664],[177.50305555555556,-17.79138888888889],[177.50333333333333,-17.79083333333333],[177.50444444444443,-17.790555555555553],[177.50527777777776,-17.78972222222222],[177.50583333333333,-17.78972222222222],[177.5061111111111,-17.789166666666667],[177.50777777777776,-17.78861111111111],[177.50805555555556,-17.788055555555555],[177.50916666666666,-17.787777777777777],[177.50944444444443,-17.787222222222223],[177.51111111111112,-17.786666666666665],[177.5113888888889,-17.78611111111111],[177.51194444444445,-17.78611111111111],[177.5125,-17.785555555555554],[177.51305555555555,-17.785555555555554],[177.51305555555555,-17.785277777777775],[177.51527777777778,-17.784444444444443],[177.51583333333332,-17.78388888888889],[177.51694444444445,-17.78361111111111],[177.51694444444445,-17.78333333333333],[177.51777777777778,-17.78333333333333],[177.51777777777778,-17.783055555555553],[177.51888888888888,-17.782777777777778],[177.51888888888888,-17.7825],[177.5197222222222,-17.7825],[177.5197222222222,-17.794999999999998],[177.51944444444445,-17.795277777777777],[177.51805555555555,-17.795555555555556],[177.51805555555555,-17.79583333333333],[177.51694444444445,-17.79611111111111],[177.51694444444445,-17.796388888888888],[177.51472222222222,-17.79722222222222],[177.51472222222222,-17.7975],[177.51388888888889,-17.7975],[177.51388888888889,-17.797777777777778],[177.51277777777779,-17.798055555555553],[177.5125,-17.79861111111111],[177.5113888888889,-17.79888888888889],[177.51111111111112,-17.799444444444443],[177.51,-17.799722222222222],[177.50972222222222,-17.800277777777776],[177.50805555555556,-17.800833333333333],[177.50777777777776,-17.801388888888887],[177.50666666666666,-17.801666666666666],[177.5063888888889,-17.80222222222222],[177.50416666666666,-17.803055555555556],[177.5036111111111,-17.80388888888889],[177.5013888888889,-17.80472222222222],[177.5011111111111,-17.805277777777775],[177.50027777777777,-17.805277777777775],[177.5,-17.805833333333332],[177.49944444444444,-17.805833333333332],[177.49916666666667,-17.806388888888886],[177.49777777777777,-17.806666666666665],[177.49694444444444,-17.807499999999997],[177.4961111111111,-17.807499999999997],[177.4961111111111,-17.807777777777776],[177.49555555555554,-17.807777777777776],[177.495,-17.808333333333334],[177.49333333333334,-17.808888888888887],[177.49333333333334,-17.809166666666666],[177.49083333333334,-17.80972222222222],[177.49083333333334,-17.81],[177.49,-17.81],[177.49,-17.810277777777777],[177.48888888888888,-17.810277777777777],[177.48888888888888,-17.810555555555556],[177.48555555555555,-17.81111111111111],[177.48527777777778,-17.811666666666664]],[[177.4736111111111,-17.799999999999997],[177.4738888888889,-17.800277777777776],[177.4738888888889,-17.799999999999997],[177.4736111111111,-17.799999999999997]],[[177.4738888888889,-17.800277777777776],[177.47416666666666,-17.800555555555555],[177.47416666666666,-17.800277777777776],[177.4738888888889,-17.800277777777776]],[[177.47416666666666,-17.800555555555555],[177.47444444444443,-17.800833333333333],[177.47444444444443,-17.800555555555555],[177.47416666666666,-17.800555555555555]],[[177.47444444444443,-17.800833333333333],[177.47472222222223,-17.80111111111111],[177.47472222222223,-17.800833333333333],[177.47444444444443,-17.800833333333333]],[[177.47472222222223,-17.80111111111111],[177.475,-17.801388888888887],[177.475,-17.80111111111111],[177.47472222222223,-17.80111111111111]],[[177.475,-17.801388888888887],[177.47527777777776,-17.801666666666666],[177.47527777777776,-17.801388888888887],[177.475,-17.801388888888887]],[[177.47527777777776,-17.801666666666666],[177.47555555555556,-17.801944444444445],[177.47555555555556,-17.801666666666666],[177.47527777777776,-17.801666666666666]],[[177.47555555555556,-17.801944444444445],[177.47583333333333,-17.80222222222222],[177.47583333333333,-17.801944444444445],[177.47555555555556,-17.801944444444445]],[[177.47583333333333,-17.80222222222222],[177.4761111111111,-17.8025],[177.4761111111111,-17.80222222222222],[177.47583333333333,-17.80222222222222]],[[177.4761111111111,-17.8025],[177.4763888888889,-17.802777777777777],[177.4763888888889,-17.8025],[177.4761111111111,-17.8025]],[[177.4763888888889,-17.802777777777777],[177.47666666666666,-17.803055555555556],[177.47666666666666,-17.802777777777777],[177.4763888888889,-17.802777777777777]],[[177.48527777777778,-17.81138888888889],[177.48499999999999,-17.81111111111111],[177.48499999999999,-17.81138888888889],[177.48527777777778,-17.81138888888889]]],[[[177.42472222222221,-17.765833333333333],[177.42583333333332,-17.765833333333333],[177.42583333333332,-17.76611111111111],[177.42666666666665,-17.76611111111111],[177.42666666666665,-17.766388888888887],[177.4275,-17.766388888888887],[177.42805555555555,-17.766944444444444],[177.42888888888888,-17.766944444444444],[177.42944444444444,-17.7675],[177.43027777777777,-17.7675],[177.43027777777777,-17.767777777777777],[177.43083333333334,-17.767777777777777],[177.43138888888888,-17.76833333333333],[177.43194444444444,-17.76833333333333],[177.4322222222222,-17.76888888888889],[177.43555555555554,-17.769166666666667],[177.43555555555554,-17.769444444444442],[177.43666666666667,-17.769444444444442],[177.43666666666667,-17.76972222222222],[177.43833333333333,-17.77],[177.43833333333333,-17.77027777777778],[177.43944444444443,-17.77027777777778],[177.43972222222223,-17.770833333333332],[177.44083333333333,-17.770833333333332],[177.44083333333333,-17.77111111111111],[177.4413888888889,-17.77111111111111],[177.44194444444443,-17.771666666666665],[177.44277777777776,-17.771666666666665],[177.44305555555556,-17.772222222222222],[177.4438888888889,-17.772222222222222],[177.4438888888889,-17.772499999999997],[177.44555555555556,-17.773055555555555],[177.4461111111111,-17.77361111111111],[177.44722222222222,-17.773888888888887],[177.4475,-17.774444444444445],[177.44861111111112,-17.77472222222222],[177.44916666666666,-17.775277777777777],[177.45027777777779,-17.775555555555556],[177.45055555555555,-17.77611111111111],[177.45111111111112,-17.77611111111111],[177.45222222222222,-17.77722222222222],[177.45277777777778,-17.77722222222222],[177.45333333333332,-17.777777777777775],[177.45499999999998,-17.778333333333332],[177.45527777777778,-17.778888888888886],[177.45638888888888,-17.779166666666665],[177.45666666666665,-17.779722222222222],[177.4572222222222,-17.779722222222222],[177.45777777777778,-17.780277777777776],[177.45833333333334,-17.780277777777776],[177.4586111111111,-17.780833333333334],[177.4597222222222,-17.78111111111111],[177.46,-17.781666666666666],[177.4625,-17.7825],[177.46277777777777,-17.783055555555553],[177.465,-17.78388888888889],[177.46555555555554,-17.784444444444443],[177.46638888888887,-17.784444444444443],[177.46638888888887,-17.78472222222222],[177.46777777777777,-17.785],[177.46833333333333,-17.785555555555554],[177.46944444444443,-17.785555555555554],[177.46944444444443,-17.785833333333333],[177.47,-17.785833333333333],[177.47055555555556,-17.786388888888887],[177.4711111111111,-17.78611111111111],[177.47166666666666,-17.786666666666665],[177.4725,-17.786666666666665],[177.4725,-17.786944444444444],[177.47305555555556,-17.786666666666665],[177.47305555555556,-17.786944444444444],[177.47555555555556,-17.787222222222223],[177.47555555555556,-17.787499999999998],[177.4763888888889,-17.787499999999998],[177.47722222222222,-17.786388888888887],[177.47805555555556,-17.786388888888887],[177.4786111111111,-17.785833333333333],[177.47944444444445,-17.785833333333333],[177.47944444444445,-17.785555555555554],[177.4802777777778,-17.785555555555554],[177.4802777777778,-17.785277777777775],[177.48111111111112,-17.785277777777775],[177.48111111111112,-17.785],[177.48222222222222,-17.785],[177.48222222222222,-17.78472222222222],[177.48333333333332,-17.78472222222222],[177.48333333333332,-17.784444444444443],[177.48444444444445,-17.784444444444443],[177.48472222222222,-17.78388888888889],[177.48527777777778,-17.784166666666664],[177.48583333333332,-17.78361111111111],[177.48749999999998,-17.78333333333333],[177.48805555555555,-17.782777777777778],[177.49055555555555,-17.78222222222222],[177.49083333333334,-17.781666666666666],[177.4922222222222,-17.781388888888888],[177.4922222222222,-17.78111111111111],[177.49333333333334,-17.780833333333334],[177.49333333333334,-17.780555555555555],[177.495,-17.779999999999998],[177.49555555555554,-17.779444444444444],[177.4961111111111,-17.779444444444444],[177.4961111111111,-17.779166666666665],[177.49666666666667,-17.779166666666665],[177.4972222222222,-17.77861111111111],[177.49833333333333,-17.778333333333332],[177.4986111111111,-17.777777777777775],[177.50027777777777,-17.77722222222222],[177.50055555555556,-17.776666666666667],[177.50166666666667,-17.77638888888889],[177.50194444444443,-17.77583333333333],[177.50305555555556,-17.775555555555556],[177.50333333333333,-17.775],[177.50444444444443,-17.77472222222222],[177.50527777777776,-17.773888888888887],[177.50583333333333,-17.773888888888887],[177.5061111111111,-17.773333333333333],[177.50777777777776,-17.772777777777776],[177.50805555555556,-17.772222222222222],[177.50916666666666,-17.771944444444443],[177.50944444444443,-17.771388888888886],[177.51111111111112,-17.770833333333332],[177.5113888888889,-17.77027777777778],[177.51194444444445,-17.77027777777778],[177.5125,-17.76972222222222],[177.51305555555555,-17.76972222222222],[177.51305555555555,-17.769444444444442],[177.51361111111112,-17.769444444444442],[177.51416666666665,-17.76888888888889],[177.51527777777778,-17.76861111111111],[177.51583333333332,-17.768055555555556],[177.51638888888888,-17.768055555555556],[177.51638888888888,-17.767777777777777],[177.51722222222222,-17.767777777777777],[177.51722222222222,-17.7675],[177.51777777777778,-17.7675],[177.51833333333332,-17.766944444444444],[177.5197222222222,-17.766666666666666],[177.5197222222222,-17.781944444444445],[177.51749999999998,-17.782777777777778],[177.51749999999998,-17.783055555555553],[177.51666666666665,-17.783055555555553],[177.51611111111112,-17.78361111111111],[177.51555555555555,-17.78361111111111],[177.51555555555555,-17.78388888888889],[177.515,-17.78388888888889],[177.51444444444445,-17.784444444444443],[177.51388888888889,-17.784444444444443],[177.51388888888889,-17.78472222222222],[177.51333333333332,-17.78472222222222],[177.51277777777779,-17.785277777777775],[177.51111111111112,-17.785833333333333],[177.51083333333332,-17.786388888888887],[177.50916666666666,-17.786944444444444],[177.5088888888889,-17.787499999999998],[177.50777777777776,-17.787777777777777],[177.5075,-17.78833333333333],[177.50694444444443,-17.78833333333333],[177.5063888888889,-17.788888888888888],[177.50583333333333,-17.788888888888888],[177.50555555555556,-17.78944444444444],[177.50444444444443,-17.78972222222222],[177.50416666666666,-17.790277777777778],[177.50305555555556,-17.790555555555553],[177.50222222222223,-17.79138888888889],[177.50166666666667,-17.79138888888889],[177.5013888888889,-17.791944444444443],[177.50027777777777,-17.79222222222222],[177.5,-17.792777777777776],[177.49833333333333,-17.793333333333333],[177.49805555555554,-17.793888888888887],[177.49638888888887,-17.794444444444444],[177.49583333333334,-17.794999999999998],[177.49527777777777,-17.794999999999998],[177.49527777777777,-17.795277777777777],[177.4947222222222,-17.795277777777777],[177.4947222222222,-17.795555555555556],[177.4936111111111,-17.79583333333333],[177.4936111111111,-17.79611111111111],[177.49305555555554,-17.79611111111111],[177.4925,-17.796666666666667],[177.49166666666667,-17.796666666666667],[177.4911111111111,-17.79722222222222],[177.49055555555555,-17.79722222222222],[177.49055555555555,-17.7975],[177.48805555555555,-17.798055555555553],[177.48805555555555,-17.798333333333332],[177.48722222222221,-17.798333333333332],[177.48722222222221,-17.79861111111111],[177.48638888888888,-17.79861111111111],[177.48638888888888,-17.79888888888889],[177.48388888888888,-17.799166666666665],[177.48388888888888,-17.799444444444443],[177.48222222222222,-17.799444444444443],[177.48222222222222,-17.799722222222222],[177.47472222222223,-17.799722222222222],[177.47472222222223,-17.799444444444443],[177.47305555555556,-17.799444444444443],[177.47305555555556,-17.799166666666665],[177.47194444444443,-17.799166666666665],[177.47194444444443,-17.79888888888889],[177.47083333333333,-17.79888888888889],[177.47083333333333,-17.79861111111111],[177.46972222222223,-17.79861111111111],[177.46972222222223,-17.798333333333332],[177.4688888888889,-17.798333333333332],[177.4688888888889,-17.798055555555553],[177.4672222222222,-17.797777777777778],[177.46666666666667,-17.79722222222222],[177.46583333333334,-17.79722222222222],[177.46583333333334,-17.796944444444442],[177.46416666666667,-17.796388888888888],[177.46416666666667,-17.79611111111111],[177.46333333333334,-17.79611111111111],[177.46333333333334,-17.79583333333333],[177.4622222222222,-17.795555555555556],[177.46166666666667,-17.794999999999998],[177.4611111111111,-17.794999999999998],[177.46083333333334,-17.794444444444444],[177.46027777777778,-17.794444444444444],[177.46027777777778,-17.794166666666666],[177.4597222222222,-17.794166666666666],[177.45916666666668,-17.79361111111111],[177.45805555555555,-17.793333333333333],[177.45777777777778,-17.792777777777776],[177.4561111111111,-17.79222222222222],[177.45583333333332,-17.791666666666664],[177.45472222222222,-17.79138888888889],[177.45444444444445,-17.79083333333333],[177.45333333333332,-17.790555555555553],[177.45305555555555,-17.79],[177.45194444444445,-17.78972222222222],[177.45111111111112,-17.788888888888888],[177.45055555555555,-17.788888888888888],[177.45027777777779,-17.78833333333333],[177.44916666666666,-17.788055555555555],[177.4488888888889,-17.787499999999998],[177.44722222222222,-17.786944444444444],[177.44694444444443,-17.786388888888887],[177.44527777777776,-17.785833333333333],[177.44472222222223,-17.785277777777775],[177.44416666666666,-17.785277777777775],[177.4438888888889,-17.78472222222222],[177.44277777777776,-17.784444444444443],[177.44277777777776,-17.784166666666664],[177.44166666666666,-17.78388888888889],[177.44166666666666,-17.78361111111111],[177.44083333333333,-17.78361111111111],[177.44083333333333,-17.78333333333333],[177.44027777777777,-17.78333333333333],[177.44027777777777,-17.783055555555553],[177.43916666666667,-17.782777777777778],[177.43916666666667,-17.7825],[177.43833333333333,-17.7825],[177.43777777777777,-17.781944444444445],[177.43694444444444,-17.781944444444445],[177.43694444444444,-17.781666666666666],[177.4361111111111,-17.781666666666666],[177.4361111111111,-17.781388888888888],[177.43527777777777,-17.781388888888888],[177.43527777777777,-17.78111111111111],[177.43416666666667,-17.78111111111111],[177.43416666666667,-17.780833333333334],[177.43305555555554,-17.780833333333334],[177.43305555555554,-17.780555555555555],[177.43194444444444,-17.780555555555555],[177.43194444444444,-17.780277777777776],[177.43027777777777,-17.780277777777776],[177.43027777777777,-17.779999999999998],[177.42222222222222,-17.779999999999998],[177.42222222222222,-17.780277777777776],[177.42083333333332,-17.780277777777776],[177.42361111111111,-17.7775],[177.42361111111111,-17.765555555555554],[177.42472222222221,-17.765555555555554],[177.42472222222221,-17.765833333333333]]],[[[177.42333333333332,-17.7775],[177.42055555555555,-17.779999999999998],[177.42055555555555,-17.780555555555555],[177.41916666666665,-17.780555555555555],[177.41916666666665,-17.780833333333334],[177.41805555555555,-17.780833333333334],[177.41805555555555,-17.78111111111111],[177.41722222222222,-17.78111111111111],[177.41722222222222,-17.781388888888888],[177.4163888888889,-17.781388888888888],[177.4163888888889,-17.781666666666666],[177.41555555555556,-17.781666666666666],[177.41555555555556,-17.781944444444445],[177.4138888888889,-17.78222222222222],[177.4138888888889,-17.7825],[177.41333333333333,-17.7825],[177.41277777777776,-17.783055555555553],[177.41194444444443,-17.783055555555553],[177.4113888888889,-17.78361111111111],[177.41083333333333,-17.78361111111111],[177.41083333333333,-17.78388888888889],[177.41027777777776,-17.78388888888889],[177.40972222222223,-17.784444444444443],[177.40916666666666,-17.784444444444443],[177.40916666666666,-17.78472222222222],[177.4086111111111,-17.78472222222222],[177.40805555555556,-17.785277777777775],[177.4063888888889,-17.785833333333333],[177.4061111111111,-17.786388888888887],[177.40444444444444,-17.786944444444444],[177.40416666666667,-17.787499999999998],[177.40305555555554,-17.787777777777777],[177.40277777777777,-17.78833333333333],[177.4022222222222,-17.78833333333333],[177.40166666666667,-17.788888888888888],[177.4,-17.78861111111111],[177.4,-17.775277777777777],[177.40027777777777,-17.775277777777777],[177.40027777777777,-17.773888888888887],[177.40166666666667,-17.77361111111111],[177.40194444444444,-17.773055555555555],[177.40305555555554,-17.772777777777776],[177.40388888888887,-17.771944444444443],[177.40444444444444,-17.771944444444443],[177.4047222222222,-17.771388888888886],[177.4063888888889,-17.770833333333332],[177.40666666666667,-17.77027777777778],[177.40722222222223,-17.77027777777778],[177.40777777777777,-17.76972222222222],[177.40833333333333,-17.76972222222222],[177.40833333333333,-17.769444444444442],[177.4088888888889,-17.769444444444442],[177.40944444444443,-17.76888888888889],[177.41055555555556,-17.76861111111111],[177.4111111111111,-17.768055555555556],[177.41166666666666,-17.768055555555556],[177.41166666666666,-17.767777777777777],[177.4125,-17.767777777777777],[177.4125,-17.7675],[177.41305555555556,-17.7675],[177.4136111111111,-17.766944444444444],[177.41666666666666,-17.766388888888887],[177.41666666666666,-17.76611111111111],[177.4175,-17.76611111111111],[177.4175,-17.765833333333333],[177.41861111111112,-17.765833333333333],[177.41861111111112,-17.765555555555554],[177.42,-17.765555555555554],[177.42,-17.765277777777776],[177.42055555555555,-17.765277777777776],[177.42055555555555,-17.765555555555554],[177.42138888888888,-17.765555555555554],[177.42138888888888,-17.765277777777776],[177.42222222222222,-17.765555555555554],[177.42222222222222,-17.765277777777776],[177.42277777777778,-17.765277777777776],[177.42277777777778,-17.76361111111111],[177.42333333333332,-17.76361111111111],[177.42333333333332,-17.7775]]],[[[177.42333333333332,-17.7475],[177.42361111111111,-17.74722222222222],[177.42583333333332,-17.74722222222222],[177.42583333333332,-17.746944444444445],[177.42638888888888,-17.746944444444445],[177.42638888888888,-17.74722222222222],[177.42805555555555,-17.74722222222222],[177.42805555555555,-17.75111111111111],[177.42833333333334,-17.75111111111111],[177.42833333333334,-17.75],[177.42888888888888,-17.75],[177.42888888888888,-17.750277777777775],[177.4325,-17.750555555555554],[177.4325,-17.750833333333333],[177.4336111111111,-17.750833333333333],[177.4336111111111,-17.75111111111111],[177.4347222222222,-17.75111111111111],[177.4347222222222,-17.751388888888886],[177.43555555555554,-17.751388888888886],[177.43555555555554,-17.751666666666665],[177.43638888888887,-17.751666666666665],[177.43638888888887,-17.751944444444444],[177.4372222222222,-17.751944444444444],[177.43777777777777,-17.752499999999998],[177.4386111111111,-17.752499999999998],[177.43916666666667,-17.753055555555555],[177.44,-17.753055555555555],[177.44,-17.753333333333334],[177.44055555555556,-17.753333333333334],[177.4411111111111,-17.753888888888888],[177.44333333333333,-17.75472222222222],[177.44333333333333,-17.755],[177.4438888888889,-17.755],[177.44444444444443,-17.755555555555553],[177.44555555555556,-17.75583333333333],[177.44583333333333,-17.75638888888889],[177.4463888888889,-17.75638888888889],[177.44694444444443,-17.756944444444443],[177.4475,-17.756944444444443],[177.4477777777778,-17.7575],[177.44944444444445,-17.758055555555554],[177.44972222222222,-17.75861111111111],[177.45083333333332,-17.758888888888887],[177.45111111111112,-17.759444444444444],[177.45166666666665,-17.759444444444444],[177.45194444444445,-17.759999999999998],[177.4525,-17.759999999999998],[177.45388888888888,-17.761666666666667],[177.45444444444445,-17.761666666666667],[177.45555555555555,-17.763055555555553],[177.4561111111111,-17.763055555555553],[177.45666666666665,-17.76361111111111],[177.45666666666665,-17.76972222222222],[177.4561111111111,-17.76972222222222],[177.45583333333332,-17.769166666666667],[177.45472222222222,-17.76888888888889],[177.45444444444445,-17.76833333333333],[177.45333333333332,-17.768055555555556],[177.45305555555555,-17.7675],[177.45194444444445,-17.76722222222222],[177.45111111111112,-17.766388888888887],[177.45055555555555,-17.766388888888887],[177.45027777777779,-17.765833333333333],[177.44916666666666,-17.765555555555554],[177.4488888888889,-17.765],[177.44722222222222,-17.764444444444443],[177.44694444444443,-17.76388888888889],[177.44472222222223,-17.763055555555553],[177.44444444444443,-17.7625],[177.44277777777776,-17.761944444444442],[177.44222222222223,-17.761388888888888],[177.44166666666666,-17.761388888888888],[177.44166666666666,-17.76111111111111],[177.4411111111111,-17.76111111111111],[177.4411111111111,-17.76083333333333],[177.44027777777777,-17.76083333333333],[177.43972222222223,-17.760277777777777],[177.43916666666667,-17.760277777777777],[177.43916666666667,-17.759999999999998],[177.43777777777777,-17.759722222222223],[177.43777777777777,-17.759444444444444],[177.43694444444444,-17.759444444444444],[177.43694444444444,-17.759166666666665],[177.4361111111111,-17.759166666666665],[177.4361111111111,-17.758888888888887],[177.43444444444444,-17.75861111111111],[177.43444444444444,-17.758333333333333],[177.43333333333334,-17.758333333333333],[177.43333333333334,-17.758055555555554],[177.4322222222222,-17.758055555555554],[177.4322222222222,-17.757777777777775],[177.43083333333334,-17.757777777777775],[177.43083333333334,-17.7575],[177.42944444444444,-17.7575],[177.42944444444444,-17.757777777777775],[177.42805555555555,-17.757777777777775],[177.42805555555555,-17.7575],[177.42416666666665,-17.7575],[177.42388888888888,-17.757777777777775],[177.42388888888888,-17.761666666666667],[177.42361111111111,-17.761666666666667],[177.42333333333332,-17.7475]],[[177.42361111111111,-17.7575],[177.42388888888888,-17.75722222222222],[177.42361111111111,-17.75722222222222],[177.42361111111111,-17.7575]],[[177.42833333333334,-17.75722222222222],[177.42833333333334,-17.756944444444443],[177.42388888888888,-17.756944444444443],[177.42388888888888,-17.75722222222222],[177.42833333333334,-17.75722222222222]],[[177.42833333333334,-17.756944444444443],[177.4286111111111,-17.756666666666664],[177.42833333333334,-17.756666666666664],[177.42833333333334,-17.756944444444443]],[[177.4286111111111,-17.756666666666664],[177.42888888888888,-17.75638888888889],[177.4286111111111,-17.75638888888889],[177.4286111111111,-17.756666666666664]],[[177.42888888888888,-17.75638888888889],[177.42916666666667,-17.75611111111111],[177.42888888888888,-17.75611111111111],[177.42888888888888,-17.75638888888889]],[[177.42916666666667,-17.75611111111111],[177.42944444444444,-17.75583333333333],[177.42916666666667,-17.75583333333333],[177.42916666666667,-17.75611111111111]],[[177.42944444444444,-17.75583333333333],[177.4297222222222,-17.755555555555553],[177.42944444444444,-17.755555555555553],[177.42944444444444,-17.75583333333333]],[[177.4297222222222,-17.755555555555553],[177.43,-17.755277777777778],[177.4297222222222,-17.755277777777778],[177.4297222222222,-17.755555555555553]],[[177.43,-17.755277777777778],[177.43027777777777,-17.755],[177.43,-17.755],[177.43,-17.755277777777778]],[[177.43027777777777,-17.755],[177.43055555555554,-17.75472222222222],[177.43027777777777,-17.75472222222222],[177.43027777777777,-17.755]]]]},"properties":{"level_m":5.0}},{"type":"Feature","geometry":{"type":"MultiPolygon","coordinates":[[[[177.47444444444443,-17.799722222222222],[177.47444444444443,-17.799999999999997],[177.4825,-17.799999999999997],[177.4825,-17.799722222222222],[177.48555555555555,-17.799444444444443],[177.48555555555555,-17.799166666666665],[177.48666666666665,-17.799166666666665],[177.48666666666665,-17.79888888888889],[177.48749999999998,-17.79888888888889],[177.48749999999998,-17.79861111111111],[177.48833333333332,-17.79861111111111],[177.48833333333332,-17.798333333333332],[177.48916666666665,-17.798333333333332],[177.48916666666665,-17.798055555555553],[177.49083333333334,-17.797777777777778],[177.49083333333334,-17.7975],[177.49194444444444,-17.79722222222222],[177.49194444444444,-17.796944444444442],[177.49277777777777,-17.796944444444442],[177.49277777777777,-17.796666666666667],[177.49388888888888,-17.796388888888888],[177.49388888888888,-17.79611111111111],[177.49444444444444,-17.79611111111111],[177.49444444444444,-17.79583333333333],[177.495,-17.79583333333333],[177.49555555555554,-17.795277777777777],[177.4972222222222,-17.79472222222222],[177.4972222222222,-17.794444444444444],[177.49833333333333,-17.794166666666666],[177.4986111111111,-17.79361111111111],[177.50027777777777,-17.793055555555554],[177.50055555555556,-17.7925],[177.50166666666667,-17.79222222222222],[177.50194444444443,-17.791666666666664],[177.50305555555556,-17.79138888888889],[177.50333333333333,-17.79083333333333],[177.50444444444443,-17.790555555555553],[177.50527777777776,-17.78972222222222],[177.50583333333333,-17.78972222222222],[177.5061111111111,-17.789166666666667],[177.50777777777776,-17.78861111111111],[177.50805555555556,-17.788055555555555],[177.50916666666666,-17.787777777777777],[177.50944444444443,-17.787222222222223],[177.51111111111112,-17.786666666666665],[177.5113888888889,-17.78611111111111],[177.51194444444445,-17.78611111111111],[177.5125,-17.785555555555554],[177.51305555555555,-17.785555555555554],[177.51305555555555,-17.785277777777775],[177.51527777777778,-17.784444444444443],[177.51583333333332,-17.78388888888889],[177.51694444444445,-17.78361111111111],[177.51694444444445,-17.78333333333333],[177.51777777777778,-17.78333333333333],[177.51777777777778,-17.783055555555553],[177.51888888888888,-17.782777777777778],[177.51888888888888,-17.7825],[177.5197222222222,-17.7825],[177.5197222222222,-17.79611111111111],[177.51916666666665,-17.79611111111111],[177.51916666666665,-17.796388888888888],[177.51749999999998,-17.796944444444442],[177.51749999999998,-17.79722222222222],[177.51666666666665,-17.79722222222222],[177.51611111111112,-17.797777777777778],[177.51555555555555,-17.797777777777778],[177.51555555555555,-17.798055555555553],[177.51444444444445,-17.798333333333332],[177.51444444444445,-17.79861111111111],[177.51333333333332,-17.79888888888889],[177.51305555555555,-17.799444444444443],[177.5125,-17.799444444444443],[177.51194444444445,-17.799999999999997],[177.50972222222222,-17.800833333333333],[177.50944444444443,-17.801388888888887],[177.50833333333333,-17.801666666666666],[177.5075,-17.8025],[177.50694444444443,-17.8025],[177.50666666666666,-17.803055555555556],[177.5061111111111,-17.803055555555556],[177.50583333333333,-17.80361111111111],[177.5036111111111,-17.804444444444442],[177.50333333333333,-17.805],[177.50166666666667,-17.805555555555554],[177.5013888888889,-17.80611111111111],[177.49916666666667,-17.806944444444444],[177.49833333333333,-17.807777777777776],[177.49694444444444,-17.808055555555555],[177.4961111111111,-17.808888888888887],[177.49527777777777,-17.808888888888887],[177.49527777777777,-17.809166666666666],[177.4947222222222,-17.809166666666666],[177.4947222222222,-17.809444444444445],[177.4936111111111,-17.80972222222222],[177.4936111111111,-17.81],[177.49277777777777,-17.81],[177.49277777777777,-17.810277777777777],[177.49194444444444,-17.810277777777777],[177.49194444444444,-17.810555555555556],[177.49027777777778,-17.81083333333333],[177.49027777777778,-17.81111111111111],[177.48944444444444,-17.81111111111111],[177.48944444444444,-17.81138888888889],[177.48833333333332,-17.81138888888889],[177.48833333333332,-17.811666666666664],[177.48722222222221,-17.811666666666664],[177.48722222222221,-17.811944444444443],[177.48583333333332,-17.811944444444443],[177.48722222222221,-17.813333333333333],[177.48694444444445,-17.813888888888886],[177.48638888888888,-17.813888888888886],[177.48638888888888,-17.814166666666665],[177.48583333333332,-17.814166666666665],[177.48527777777778,-17.814722222222223],[177.48416666666665,-17.814999999999998],[177.48416666666665,-17.815277777777776],[177.4825,-17.815833333333334],[177.48194444444445,-17.816388888888888],[177.48111111111112,-17.816388888888888],[177.48111111111112,-17.816666666666666],[177.47972222222222,-17.81694444444444],[177.47972222222222,-17.81722222222222],[177.4788888888889,-17.81722222222222],[177.4788888888889,-17.8175],[177.47666666666666,-17.817777777777778],[177.47666666666666,-17.818055555555553],[177.4763888888889,-17.818055555555553],[177.4763888888889,-17.815555555555555],[177.4761111111111,-17.815833333333334],[177.4725,-17.815833333333334],[177.4725,-17.815555555555555],[177.46972222222223,-17.815277777777776],[177.46972222222223,-17.814999999999998],[177.4686111111111,-17.814999999999998],[177.4686111111111,-17.814722222222223],[177.46777777777777,-17.814722222222223],[177.46777777777777,-17.814444444444444],[177.46666666666667,-17.814444444444444],[177.4661111111111,-17.813888888888886],[177.46527777777777,-17.813888888888886],[177.46527777777777,-17.81361111111111],[177.46416666666667,-17.813333333333333],[177.46416666666667,-17.813055555555554],[177.4636111111111,-17.813055555555554],[177.4636111111111,-17.812777777777775],[177.46277777777777,-17.812777777777775],[177.46277777777777,-17.8125],[177.46166666666667,-17.81222222222222],[177.46166666666667,-17.811944444444443],[177.46055555555554,-17.811666666666664],[177.46027777777778,-17.81111111111111],[177.4597222222222,-17.81111111111111],[177.45916666666668,-17.810555555555556],[177.45749999999998,-17.81],[177.4572222222222,-17.809444444444445],[177.45555555555555,-17.808888888888887],[177.45527777777778,-17.808333333333334],[177.45416666666665,-17.808055555555555],[177.45388888888888,-17.807499999999997],[177.45277777777778,-17.807222222222222],[177.45194444444445,-17.806388888888886],[177.45138888888889,-17.806388888888886],[177.45111111111112,-17.805833333333332],[177.45,-17.805555555555554],[177.44972222222222,-17.805],[177.44861111111112,-17.80472222222222],[177.44833333333332,-17.804166666666667],[177.44666666666666,-17.80361111111111],[177.4463888888889,-17.803055555555556],[177.44583333333333,-17.803055555555556],[177.44583333333333,-17.802777777777777],[177.44527777777776,-17.802777777777777],[177.44472222222223,-17.80222222222222],[177.4436111111111,-17.801944444444445],[177.44333333333333,-17.801388888888887],[177.44277777777776,-17.801388888888887],[177.44277777777776,-17.80111111111111],[177.4411111111111,-17.800555555555555],[177.4411111111111,-17.800277777777776],[177.44027777777777,-17.800277777777776],[177.44027777777777,-17.799999999999997],[177.4386111111111,-17.799444444444443],[177.4386111111111,-17.799166666666665],[177.43777777777777,-17.799166666666665],[177.4375,-17.79861111111111],[177.43666666666667,-17.79861111111111],[177.4361111111111,-17.798055555555553],[177.43416666666667,-17.797777777777778],[177.43416666666667,-17.7975],[177.43333333333334,-17.7975],[177.43333333333334,-17.79722222222222],[177.4325,-17.79722222222222],[177.4325,-17.796944444444442],[177.43166666666667,-17.796944444444442],[177.43166666666667,-17.796666666666667],[177.4311111111111,-17.796944444444442],[177.4311111111111,-17.796388888888888],[177.4297222222222,-17.796388888888888],[177.4297222222222,-17.79611111111111],[177.4286111111111,-17.79611111111111],[177.4286111111111,-17.79583333333333],[177.4275,-17.79583333333333],[177.42694444444444,-17.795277777777777],[177.42527777777778,-17.794999999999998],[177.42527777777778,-17.79472222222222],[177.42472222222221,-17.79472222222222],[177.42361111111111,-17.79361111111111],[177.42249999999999,-17.79361111111111],[177.42249999999999,-17.793888888888887],[177.42166666666665,-17.793888888888887],[177.42166666666665,-17.794166666666666],[177.42111111111112,-17.793888888888887],[177.42111111111112,-17.794166666666666],[177.42027777777778,-17.794166666666666],[177.42027777777778,-17.794444444444444],[177.41916666666665,-17.794444444444444],[177.41916666666665,-17.79472222222222],[177.41833333333332,-17.79472222222222],[177.41833333333332,-17.794999999999998],[177.41722222222222,-17.794999999999998],[177.41666666666666,-17.795555555555556],[177.415,-17.79583333333333],[177.415,-17.79611111111111],[177.41444444444443,-17.79611111111111],[177.4138888888889,-17.796666666666667],[177.41277777777776,-17.796944444444442],[177.41277777777776,-17.79722222222222],[177.41194444444443,-17.79722222222222],[177.4113888888889,-17.797777777777778],[177.40972222222223,-17.798333333333332],[177.4086111111111,-17.799444444444443],[177.40777777777777,-17.79888888888889],[177.40666666666667,-17.800277777777776],[177.4061111111111,-17.800277777777776],[177.40444444444444,-17.80222222222222],[177.40388888888887,-17.80222222222222],[177.40166666666667,-17.80472222222222],[177.4011111111111,-17.80472222222222],[177.4,-17.805833333333332],[177.4,-17.79111111111111],[177.40055555555554,-17.79083333333333],[177.40055555555554,-17.790277777777778],[177.40194444444444,-17.788888888888888],[177.40305555555554,-17.78861111111111],[177.40388888888887,-17.787777777777777],[177.40444444444444,-17.787777777777777],[177.4047222222222,-17.787222222222223],[177.4063888888889,-17.786666666666665],[177.40666666666667,-17.78611111111111],[177.40722222222223,-17.78611111111111],[177.40777777777777,-17.785555555555554],[177.40833333333333,-17.785555555555554],[177.40833333333333,-17.785277777777775],[177.41055555555556,-17.784444444444443],[177.4111111111111,-17.78388888888889],[177.41222222222223,-17.78361111111111],[177.41222222222223,-17.78333333333333],[177.41305555555556,-17.78333333333333],[177.41305555555556,-17.783055555555553],[177.41416666666666,-17.782777777777778],[177.41416666666666,-17.7825],[177.41666666666666,-17.781944444444445],[177.41666666666666,-17.781666666666666],[177.4175,-17.781666666666666],[177.4175,-17.781388888888888],[177.41833333333332,-17.781388888888888],[177.41833333333332,-17.78111111111111],[177.42083333333332,-17.780833333333334],[177.42083333333332,-17.780555555555555],[177.42249999999999,-17.780555555555555],[177.42249999999999,-17.780277777777776],[177.43,-17.780277777777776],[177.43,-17.780555555555555],[177.43166666666667,-17.780555555555555],[177.43166666666667,-17.780833333333334],[177.43388888888887,-17.78111111111111],[177.43388888888887,-17.781388888888888],[177.435,-17.781388888888888],[177.435,-17.781666666666666],[177.43583333333333,-17.781666666666666],[177.43583333333333,-17.781944444444445],[177.4375,-17.78222222222222],[177.43805555555556,-17.782777777777778],[177.4388888888889,-17.782777777777778],[177.43944444444443,-17.78333333333333],[177.44055555555556,-17.78361111111111],[177.44055555555556,-17.78388888888889],[177.4413888888889,-17.78388888888889],[177.44194444444443,-17.784444444444443],[177.4436111111111,-17.785],[177.4438888888889,-17.785555555555554],[177.44555555555556,-17.78611111111111],[177.4461111111111,-17.786666666666665],[177.44666666666666,-17.786666666666665],[177.44694444444443,-17.787222222222223],[177.44861111111112,-17.787777777777777],[177.4488888888889,-17.78833333333333],[177.45,-17.78861111111111],[177.45083333333332,-17.78944444444444],[177.45138888888889,-17.78944444444444],[177.45166666666665,-17.79],[177.45277777777778,-17.790277777777778],[177.45305555555555,-17.79083333333333],[177.45416666666665,-17.79111111111111],[177.45499999999998,-17.791944444444443],[177.45555555555555,-17.791944444444443],[177.45583333333332,-17.7925],[177.45749999999998,-17.793055555555554],[177.45777777777778,-17.79361111111111],[177.45833333333334,-17.79361111111111],[177.45888888888888,-17.794166666666666],[177.46055555555554,-17.79472222222222],[177.46083333333334,-17.795277777777777],[177.4625,-17.79583333333333],[177.46305555555554,-17.796388888888888],[177.46388888888887,-17.796388888888888],[177.46388888888887,-17.796666666666667],[177.465,-17.796944444444442],[177.46555555555554,-17.7975],[177.46638888888887,-17.7975],[177.46694444444444,-17.798055555555553],[177.46777777777777,-17.798055555555553],[177.46777777777777,-17.798333333333332],[177.4686111111111,-17.798333333333332],[177.4686111111111,-17.79861111111111],[177.46944444444443,-17.79861111111111],[177.46944444444443,-17.79888888888889],[177.47277777777776,-17.799444444444443],[177.47333333333333,-17.799999999999997],[177.4736111111111,-17.799722222222222],[177.47444444444443,-17.799722222222222]],[[177.4736111111111,-17.799999999999997],[177.4738888888889,-17.800277777777776],[177.4738888888889,-17.799999999999997],[177.4736111111111,-17.799999999999997]],[[177.4738888888889,-17.800277777777776],[177.47416666666666,-17.800555555555555],[177.47416666666666,-17.800277777777776],[177.4738888888889,-17.800277777777776]],[[177.47416666666666,-17.800555555555555],[177.47444444444443,-17.800833333333333],[177.47444444444443,-17.800555555555555],[177.47416666666666,-17.800555555555555]],[[177.47444444444443,-17.800833333333333],[177.47472222222223,-17.80111111111111],[177.47472222222223,-17.800833333333333],[177.47444444444443,-17.800833333333333]],[[177.47472222222223,-17.80111111111111],[177.475,-17.801388888888887],[177.475,-17.80111111111111],[177.47472222222223,-17.80111111111111]],[[177.475,-17.801388888888887],[177.47527777777776,-17.801666666666666],[177.47527777777776,-17.801388888888887],[177.475,-17.801388888888887]],[[177.47527777777776,-17.801666666666666],[177.47555555555556,-17.801944444444445],[177.47555555555556,-17.801666666666666],[177.47527777777776,-17.801666666666666]],[[177.47555555555556,-17.801944444444445],[177.47583333333333,-17.80222222222222],[177.47583333333333,-17.801944444444445],[177.47555555555556,-17.801944444444445]],[[177.47583333333333,-17.80222222222222],[177.4761111111111,-17.8025],[177.4761111111111,-17.80222222222222],[177.47583333333333,-17.80222222222222]],[[177.4761111111111,-17.8025],[177.4763888888889,-17.802777777777777],[177.4763888888889,-17.8025],[177.4761111111111,-17.8025]],[[177.4763888888889,-17.802777777777777],[177.47666666666666,-17.803055555555556],[177.47666666666666,-17.802777777777777],[177.4763888888889,-17.802777777777777]]],[[[177.42388888888888,-17.764444444444443],[177.42499999999998,-17.764444444444443],[177.42499999999998,-17.764722222222222],[177.4261111111111,-17.764722222222222],[177.4261111111111,-17.765],[177.4286111111111,-17.765555555555554],[177.4286111111111,-17.765833333333333],[177.42916666666667,-17.765833333333333],[177.4297222222222,-17.766388888888887],[177.43055555555554,-17.766388888888887],[177.43055555555554,-17.766666666666666],[177.4322222222222,-17.76722222222222],[177.43305555555554,-17.768055555555556],[177.4347222222222,-17.768055555555556],[177.4347222222222,-17.76833333333333],[177.43694444444444,-17.76861111111111],[177.43694444444444,-17.76888888888889],[177.43805555555556,-17.76888888888889],[177.43805555555556,-17.769166666666667],[177.43972222222223,-17.769444444444442],[177.44027777777777,-17.77],[177.4411111111111,-17.77],[177.44166666666666,-17.770555555555553],[177.4425,-17.770555555555553],[177.44277777777776,-17.77111111111111],[177.4436111111111,-17.77111111111111],[177.4436111111111,-17.771388888888886],[177.44527777777776,-17.771944444444443],[177.44527777777776,-17.772222222222222],[177.4461111111111,-17.772222222222222],[177.44694444444443,-17.773055555555555],[177.44916666666666,-17.773888888888887],[177.44972222222222,-17.77472222222222],[177.45055555555555,-17.77472222222222],[177.45083333333332,-17.775277777777777],[177.45138888888889,-17.775277777777777],[177.45138888888889,-17.775555555555556],[177.4525,-17.77583333333333],[177.45277777777778,-17.77638888888889],[177.45388888888888,-17.776666666666667],[177.45499999999998,-17.777777777777775],[177.4561111111111,-17.778055555555554],[177.45638888888888,-17.77861111111111],[177.45805555555555,-17.779166666666665],[177.45888888888888,-17.779999999999998],[177.46027777777778,-17.780277777777776],[177.46055555555554,-17.780833333333334],[177.4611111111111,-17.780833333333334],[177.4611111111111,-17.78111111111111],[177.4622222222222,-17.781388888888888],[177.4622222222222,-17.781666666666666],[177.46333333333334,-17.781944444444445],[177.46416666666667,-17.782777777777778],[177.465,-17.782777777777778],[177.46555555555554,-17.78333333333333],[177.4661111111111,-17.78333333333333],[177.4661111111111,-17.78361111111111],[177.46694444444444,-17.78361111111111],[177.46694444444444,-17.78388888888889],[177.46833333333333,-17.784166666666664],[177.46833333333333,-17.784444444444443],[177.46972222222223,-17.78472222222222],[177.46972222222223,-17.785],[177.4713888888889,-17.785277777777775],[177.4713888888889,-17.785555555555554],[177.4725,-17.785555555555554],[177.4725,-17.785833333333333],[177.47333333333333,-17.785833333333333],[177.47333333333333,-17.78611111111111],[177.4736111111111,-17.785833333333333],[177.4738888888889,-17.78611111111111],[177.475,-17.78611111111111],[177.475,-17.786388888888887],[177.4761111111111,-17.786388888888887],[177.47666666666666,-17.785555555555554],[177.47722222222222,-17.785555555555554],[177.47722222222222,-17.785277777777775],[177.47833333333332,-17.785],[177.47833333333332,-17.78472222222222],[177.47916666666666,-17.78472222222222],[177.47916666666666,-17.784444444444443],[177.48,-17.784444444444443],[177.48,-17.784166666666664],[177.48083333333332,-17.784166666666664],[177.48083333333332,-17.78388888888889],[177.48194444444445,-17.78388888888889],[177.48194444444445,-17.78361111111111],[177.48333333333332,-17.78361111111111],[177.48333333333332,-17.783055555555553],[177.48388888888888,-17.78333333333333],[177.48388888888888,-17.783055555555553],[177.48583333333332,-17.782777777777778],[177.48583333333332,-17.7825],[177.48749999999998,-17.78222222222222],[177.48805555555555,-17.781666666666666],[177.49055555555555,-17.78111111111111],[177.49083333333334,-17.780555555555555],[177.4922222222222,-17.780277777777776],[177.4922222222222,-17.779999999999998],[177.49333333333334,-17.779722222222222],[177.49333333333334,-17.779444444444444],[177.495,-17.778888888888886],[177.49555555555554,-17.778333333333332],[177.4961111111111,-17.778333333333332],[177.4961111111111,-17.778055555555554],[177.49666666666667,-17.778055555555554],[177.4972222222222,-17.7775],[177.49777777777777,-17.7775],[177.49805555555554,-17.776944444444442],[177.4997222222222,-17.77638888888889],[177.5,-17.77583333333333],[177.5011111111111,-17.775555555555556],[177.50194444444443,-17.77472222222222],[177.5025,-17.77472222222222],[177.50277777777777,-17.774166666666666],[177.5038888888889,-17.773888888888887],[177.50416666666666,-17.773333333333333],[177.50527777777776,-17.773055555555555],[177.50555555555556,-17.772499999999997],[177.50722222222223,-17.771944444444443],[177.5075,-17.771388888888886],[177.5086111111111,-17.77111111111111],[177.50944444444443,-17.77027777777778],[177.51055555555556,-17.77],[177.51083333333332,-17.769444444444442],[177.51194444444445,-17.769166666666667],[177.5125,-17.76861111111111],[177.51305555555555,-17.76861111111111],[177.51305555555555,-17.76833333333333],[177.51361111111112,-17.76833333333333],[177.51416666666665,-17.767777777777777],[177.51527777777778,-17.7675],[177.51583333333332,-17.766944444444444],[177.51638888888888,-17.766944444444444],[177.51638888888888,-17.766666666666666],[177.51722222222222,-17.766666666666666],[177.51722222222222,-17.766388888888887],[177.51777777777778,-17.766388888888887],[177.51833333333332,-17.765833333333333],[177.5197222222222,-17.765555555555554],[177.5197222222222,-17.781944444444445],[177.51749999999998,-17.782777777777778],[177.51749999999998,-17.783055555555553],[177.51666666666665,-17.783055555555553],[177.51611111111112,-17.78361111111111],[177.51555555555555,-17.78361111111111],[177.51555555555555,-17.78388888888889],[177.515,-17.78388888888889],[177.51444444444445,-17.784444444444443],[177.51388888888889,-17.784444444444443],[177.51388888888889,-17.78472222222222],[177.51333333333332,-17.78472222222222],[177.51277777777779,-17.785277777777775],[177.51111111111112,-17.785833333333333],[177.51083333333332,-17.786388888888887],[177.50916666666666,-17.786944444444444],[177.5088888888889,-17.787499999999998],[177.50777777777776,-17.787777777777777],[177.5075,-17.78833333333333],[177.50694444444443,-17.78833333333333],[177.5063888888889,-17.788888888888888],[177.50583333333333,-17.788888888888888],[177.50555555555556,-17.78944444444444],[177.50444444444443,-17.78972222222222],[177.50416666666666,-17.790277777777778],[177.50305555555556,-17.790555555555553],[177.50222222222223,-17.79138888888889],[177.50166666666667,-17.79138888888889],[177.5013888888889,-17.791944444444443],[177.50027777777777,-17.79222222222222],[177.5,-17.792777777777776],[177.49833333333333,-17.793333333333333],[177.49805555555554,-17.793888888888887],[177.49638888888887,-17.794444444444444],[177.49583333333334,-17.794999999999998],[177.49527777777777,-17.794999999999998],[177.49527777777777,-17.795277777777777],[177.4947222222222,-17.795277777777777],[177.4947222222222,-17.795555555555556],[177.4936111111111,-17.79583333333333],[177.4936111111111,-17.79611111111111],[177.49305555555554,-17.79611111111111],[177.4925,-17.796666666666667],[177.49166666666667,-17.796666666666667],[177.4911111111111,-17.79722222222222],[177.49055555555555,-17.79722222222222],[177.49055555555555,-17.7975],[177.48805555555555,-17.798055555555553],[177.48805555555555,-17.798333333333332],[177.48722222222221,-17.798333333333332],[177.48722222222221,-17.79861111111111],[177.48638888888888,-17.79861111111111],[177.48638888888888,-17.79888888888889],[177.48388888888888,-17.799166666666665],[177.48388888888888,-17.799444444444443],[177.48222222222222,-17.799444444444443],[177.48222222222222,-17.799722222222222],[177.47472222222223,-17.799722222222222],[177.47472222222223,-17.799444444444443],[177.47305555555556,-17.799444444444443],[177.47305555555556,-17.799166666666665],[177.47194444444443,-17.799166666666665],[177.47194444444443,-17.79888888888889],[177.47083333333333,-17.79888888888889],[177.47083333333333,-17.79861111111111],[177.46972222222223,-17.79861111111111],[177.46972222222223,-17.798333333333332],[177.4688888888889,-17.798333333333332],[177.4688888888889,-17.798055555555553],[177.4672222222222,-17.797777777777778],[177.46666666666667,-17.79722222222222],[177.46583333333334,-17.79722222222222],[177.46583333333334,-17.796944444444442],[177.46416666666667,-17.796388888888888],[177.46416666666667,-17.79611111111111],[177.46333333333334,-17.79611111111111],[177.46333333333334,-17.79583333333333],[177.4622222222222,-17.795555555555556],[177.46166666666667,-17.794999999999998],[177.4611111111111,-17.794999999999998],[177.46083333333334,-17.794444444444444],[177.46027777777778,-17.794444444444444],[177.46027777777778,-17.794166666666666],[177.4597222222222,-17.794166666666666],[177.45916666666668,-17.79361111111111],[177.45805555555555,-17.793333333333333],[177.45777777777778,-17.792777777777776],[177.4561111111111,-17.79222222222222],[177.45583333333332,-17.791666666666664],[177.45472222222222,-17.79138888888889],[177.45444444444445,-17.79083333333333],[177.45333333333332,-17.790555555555553],[177.45305555555555,-17.79],[177.45194444444445,-17.78972222222222],[177.45111111111112,-17.788888888888888],[177.45055555555555,-17.788888888888888],[177.45027777777779,-17.78833333333333],[177.44916666666666,-17.788055555555555],[177.4488888888889,-17.787499999999998],[177.44722222222222,-17.786944444444444],[177.44694444444443,-17.786388888888887],[177.44527777777776,-17.785833333333333],[177.44472222222223,-17.785277777777775],[177.44416666666666,-17.785277777777775],[177.4438888888889,-17.78472222222222],[177.44277777777776,-17.784444444444443],[177.44277777777776,-17.784166666666664],[177.44166666666666,-17.78388888888889],[177.44166666666666,-17.78361111111111],[177.44083333333333,-17.78361111111111],[177.44083333333333,-17.78333333333333],[177.44027777777777,-17.78333333333333],[177.44027777777777,-17.783055555555553],[177.43916666666667,-17.782777777777778],[177.43916666666667,-17.7825],[177.43833333333333,-17.7825],[177.43777777777777,-17.781944444444445],[177.43694444444444,-17.781944444444445],[177.43694444444444,-17.781666666666666],[177.4361111111111,-17.781666666666666],[177.4361111111111,-17.781388888888888],[177.43527777777777,-17.781388888888888],[177.43527777777777,-17.78111111111111],[177.43416666666667,-17.78111111111111],[177.43416666666667,-17.780833333333334],[177.43305555555554,-17.780833333333334],[177.43305555555554,-17.780555555555555],[177.43194444444444,-17.780555555555555],[177.43194444444444,-17.780277777777776],[177.43027777777777,-17.780277777777776],[177.43027777777777,-17.779999999999998],[177.42222222222222,-17.779999999999998],[177.42222222222222,-17.780277777777776],[177.42083333333332,-17.780277777777776],[177.42361111111111,-17.7775],[177.42361111111111,-17.764166666666664],[177.42388888888888,-17.764444444444443]]],[[[177.42333333333332,-17.7775],[177.42055555555555,-17.779999999999998],[177.42055555555555,-17.780555555555555],[177.41916666666665,-17.780555555555555],[177.41916666666665,-17.780833333333334],[177.41805555555555,-17.780833333333334],[177.41805555555555,-17.78111111111111],[177.41722222222222,-17.78111111111111],[177.41722222222222,-17.781388888888888],[177.4163888888889,-17.781388888888888],[177.4163888888889,-17.781666666666666],[177.41555555555556,-17.781666666666666],[177.41555555555556,-17.781944444444445],[177.4138888888889,-17.78222222222222],[177.4138888888889,-17.7825],[177.41333333333333,-17.7825],[177.41277777777776,-17.783055555555553],[177.41194444444443,-17.783055555555553],[177.4113888888889,-17.78361111111111],[177.41083333333333,-17.78361111111111],[177.41083333333333,-17.78388888888889],[177.41027777777776,-17.78388888888889],[177.40972222222223,-17.784444444444443],[177.40916666666666,-17.784444444444443],[177.40916666666666,-17.78472222222222],[177.4086111111111,-17.78472222222222],[177.40805555555556,-17.785277777777775],[177.4063888888889,-17.785833333333333],[177.4061111111111,-17.786388888888887],[177.40444444444444,-17.786944444444444],[177.40416666666667,-17.787499999999998],[177.40305555555554,-17.787777777777777],[177.40277777777777,-17.78833333333333],[177.4022222222222,-17.78833333333333],[177.40166666666667,-17.788888888888888],[177.4,-17.78861111111111],[177.4,-17.773888888888887],[177.40027777777777,-17.773888888888887],[177.40027777777777,-17.772777777777776],[177.4011111111111,-17.772777777777776],[177.40138888888887,-17.772222222222222],[177.4025,-17.771944444444443],[177.40277777777777,-17.771388888888886],[177.40388888888887,-17.77111111111111],[177.40416666666667,-17.770555555555553],[177.40583333333333,-17.77],[177.4061111111111,-17.769444444444442],[177.40722222222223,-17.769166666666667],[177.40777777777777,-17.76861111111111],[177.40833333333333,-17.76861111111111],[177.40833333333333,-17.76833333333333],[177.4088888888889,-17.76833333333333],[177.40944444444443,-17.767777777777777],[177.41055555555556,-17.7675],[177.4111111111111,-17.766944444444444],[177.41166666666666,-17.766944444444444],[177.41166666666666,-17.766666666666666],[177.4125,-17.766666666666666],[177.4125,-17.766388888888887],[177.41305555555556,-17.766388888888887],[177.4136111111111,-17.765833333333333],[177.41666666666666,-17.765277777777776],[177.41666666666666,-17.765],[177.4175,-17.765],[177.4175,-17.764722222222222],[177.41861111111112,-17.764722222222222],[177.41861111111112,-17.764444444444443],[177.42,-17.764444444444443],[177.42,-17.764166666666664],[177.42277777777778,-17.764166666666664],[177.42277777777778,-17.7625],[177.42333333333332,-17.7625],[177.42333333333332,-17.7775]]],[[[177.42333333333332,-17.746666666666666],[177.42388888888888,-17.74611111111111],[177.42805555555555,-17.74611111111111],[177.42805555555555,-17.75],[177.42888888888888,-17.75],[177.42888888888888,-17.750277777777775],[177.4311111111111,-17.750277777777775],[177.4311111111111,-17.750555555555554],[177.4325,-17.750555555555554],[177.4325,-17.750833333333333],[177.4347222222222,-17.75111111111111],[177.4347222222222,-17.751388888888886],[177.43555555555554,-17.751388888888886],[177.43555555555554,-17.751666666666665],[177.43638888888887,-17.751666666666665],[177.43638888888887,-17.751944444444444],[177.4372222222222,-17.751944444444444],[177.43777777777777,-17.752499999999998],[177.4386111111111,-17.752499999999998],[177.43916666666667,-17.753055555555555],[177.44,-17.753055555555555],[177.44,-17.753333333333334],[177.44055555555556,-17.753333333333334],[177.4411111111111,-17.753888888888888],[177.44333333333333,-17.75472222222222],[177.44333333333333,-17.755],[177.4438888888889,-17.755],[177.44444444444443,-17.755555555555553],[177.44555555555556,-17.75583333333333],[177.44583333333333,-17.75638888888889],[177.4475,-17.756944444444443],[177.4477777777778,-17.7575],[177.44944444444445,-17.758055555555554],[177.44972222222222,-17.75861111111111],[177.45083333333332,-17.758888888888887],[177.45111111111112,-17.759444444444444],[177.45222222222222,-17.759722222222223],[177.4525,-17.760277777777777],[177.45361111111112,-17.760555555555555],[177.45388888888888,-17.76111111111111],[177.45444444444445,-17.76111111111111],[177.45527777777778,-17.761944444444442],[177.45583333333332,-17.761944444444442],[177.45666666666665,-17.762777777777778],[177.45666666666665,-17.76972222222222],[177.4561111111111,-17.76972222222222],[177.45583333333332,-17.769166666666667],[177.45472222222222,-17.76888888888889],[177.45444444444445,-17.76833333333333],[177.45333333333332,-17.768055555555556],[177.45305555555555,-17.7675],[177.45194444444445,-17.76722222222222],[177.45111111111112,-17.766388888888887],[177.45055555555555,-17.766388888888887],[177.45027777777779,-17.765833333333333],[177.44916666666666,-17.765555555555554],[177.4488888888889,-17.765],[177.44722222222222,-17.764444444444443],[177.44694444444443,-17.76388888888889],[177.44472222222223,-17.763055555555553],[177.44444444444443,-17.7625],[177.44277777777776,-17.761944444444442],[177.44222222222223,-17.761388888888888],[177.44166666666666,-17.761388888888888],[177.44166666666666,-17.76111111111111],[177.4411111111111,-17.76111111111111],[177.4411111111111,-17.76083333333333],[177.44027777777777,-17.76083333333333],[177.43972222222223,-17.760277777777777],[177.43916666666667,-17.760277777777777],[177.43916666666667,-17.759999999999998],[177.43777777777777,-17.759722222222223],[177.43777777777777,-17.759444444444444],[177.43694444444444,-17.759444444444444],[177.43694444444444,-17.759166666666665],[177.4361111111111,-17.759166666666665],[177.4361111111111,-17.758888888888887],[177.43444444444444,-17.75861111111111],[177.43444444444444,-17.758333333333333],[177.43333333333334,-17.758333333333333],[177.43333333333334,-17.758055555555554],[177.4322222222222,-17.758055555555554],[177.4322222222222,-17.757777777777775],[177.43083333333334,-17.757777777777775],[177.43083333333334,-17.7575],[177.42944444444444,-17.7575],[177.42944444444444,-17.757777777777775],[177.42805555555555,-17.757777777777775],[177.42805555555555,-17.7575],[177.42416666666665,-17.7575],[177.42388888888888,-17.757777777777775],[177.42388888888888,-17.761666666666667],[177.42361111111111,-17.761666666666667],[177.42361111111111,-17.7575],[177.42333333333332,-17.7575],[177.42333333333332,-17.746666666666666]],[[177.42361111111111,-17.7575],[177.42388888888888,-17.75722222222222],[177.42361111111111,-17.75722222222222],[177.42361111111111,-17.7575]],[[177.42833333333334,-17.75722222222222],[177.42833333333334,-17.756944444444443],[177.42388888888888,-17.756944444444443],[177.42388888888888,-17.75722222222222],[177.42833333333334,-17.75722222222222]],[[177.42833333333334,-17.756944444444443],[177.4286111111111,-17.756666666666664],[177.42833333333334,-17.756666666666664],[177.42833333333334,-17.756944444444443]],[[177.4286111111111,-17.756666666666664],[177.42888888888888,-17.75638888888889],[177.4286111111111,-17.75638888888889],[177.4286111111111,-17.756666666666664]],[[177.42888888888888,-17.75638888888889],[177.42916666666667,-17.75611111111111],[177.42888888888888,-17.75611111111111],[177.42888888888888,-17.75638888888889]],[[177.42916666666667,-17.75611111111111],[177.42944444444444,-17.75583333333333],[177.42916666666667,-17.75583333333333],[177.42916666666667,-17.75611111111111]],[[177.42944444444444,-17.75583333333333],[177.4297222222222,-17.755555555555553],[177.42944444444444,-17.755555555555553],[177.42944444444444,-17.75583333333333]],[[177.4297222222222,-17.755555555555553],[177.43,-17.755277777777778],[177.4297222222222,-17.755277777777778],[177.4297222222222,-17.755555555555553]],[[177.43,-17.755277777777778],[177.43027777777777,-17.755],[177.43,-17.755],[177.43,-17.755277777777778]],[[177.43027777777777,-17.755],[177.43055555555554,-17.75472222222222],[177.43027777777777,-17.75472222222222],[177.43027777777777,-17.755]]]]},"properties":{"level_m":5.5}},{"type":"Feature","geometry":{"type":"MultiPolygon","coordinates":[[[[177.47444444444443,-17.799722222222222],[177.47444444444443,-17.799999999999997],[177.4825,-17.799999999999997],[177.4825,-17.799722222222222],[177.48555555555555,-17.799444444444443],[177.48555555555555,-17.799166666666665],[177.48666666666665,-17.799166666666665],[177.48666666666665,-17.79888888888889],[177.48749999999998,-17.79888888888889],[177.48749999999998,-17.79861111111111],[177.48833333333332,-17.79861111111111],[177.48833333333332,-17.798333333333332],[177.48916666666665,-17.798333333333332],[177.48916666666665,-17.798055555555553],[177.49083333333334,-17.797777777777778],[177.49083333333334,-17.7975],[177.49194444444444,-17.79722222222222],[177.49194444444444,-17.796944444444442],[177.49277777777777,-17.796944444444442],[177.49277777777777,-17.796666666666667],[177.49388888888888,-17.796388888888888],[177.49388888888888,-17.79611111111111],[177.49444444444444,-17.79611111111111],[177.49444444444444,-17.79583333333333],[177.495,-17.79583333333333],[177.49555555555554,-17.795277777777777],[177.4972222222222,-17.79472222222222],[177.4972222222222,-17.794444444444444],[177.49833333333333,-17.794166666666666],[177.4986111111111,-17.79361111111111],[177.50027777777777,-17.793055555555554],[177.50055555555556,-17.7925],[177.50166666666667,-17.79222222222222],[177.50194444444443,-17.791666666666664],[177.50305555555556,-17.79138888888889],[177.50333333333333,-17.79083333333333],[177.50444444444443,-17.790555555555553],[177.50527777777776,-17.78972222222222],[177.50583333333333,-17.78972222222222],[177.5061111111111,-17.789166666666667],[177.50777777777776,-17.78861111111111],[177.50805555555556,-17.788055555555555],[177.50916666666666,-17.787777777777777],[177.50944444444443,-17.787222222222223],[177.51111111111112,-17.786666666666665],[177.5113888888889,-17.78611111111111],[177.51194444444445,-17.78611111111111],[177.5125,-17.785555555555554],[177.51305555555555,-17.785555555555554],[177.51305555555555,-17.785277777777775],[177.51527777777778,-17.784444444444443],[177.51583333333332,-17.78388888888889],[177.51694444444445,-17.78361111111111],[177.51694444444445,-17.78333333333333],[177.51777777777778,-17.78333333333333],[177.51777777777778,-17.783055555555553],[177.51888888888888,-17.782777777777778],[177.51888888888888,-17.7825],[177.5197222222222,-17.7825],[177.5197222222222,-17.79722222222222],[177.51888888888888,-17.79722222222222],[177.51888888888888,-17.7975],[177.51833333333332,-17.7975],[177.51777777777778,-17.798055555555553],[177.51611111111112,-17.79861111111111],[177.51611111111112,-17.79888888888889],[177.51527777777778,-17.79888888888889],[177.51472222222222,-17.799444444444443],[177.51416666666665,-17.799444444444443],[177.51388888888889,-17.799999999999997],[177.51333333333332,-17.799999999999997],[177.51277777777779,-17.800555555555555],[177.51111111111112,-17.80111111111111],[177.51083333333332,-17.801666666666666],[177.50972222222222,-17.801944444444445],[177.50944444444443,-17.8025],[177.50777777777776,-17.803055555555556],[177.5075,-17.80361111111111],[177.50583333333333,-17.804166666666667],[177.50555555555556,-17.80472222222222],[177.5038888888889,-17.805277777777775],[177.50277777777777,-17.806388888888886],[177.50055555555556,-17.807222222222222],[177.50027777777777,-17.807777777777776],[177.4997222222222,-17.807777777777776],[177.49916666666667,-17.808333333333334],[177.49833333333333,-17.808333333333334],[177.49805555555554,-17.808888888888887],[177.49638888888887,-17.809444444444445],[177.49583333333334,-17.81],[177.495,-17.81],[177.495,-17.810277777777777],[177.49388888888888,-17.810555555555556],[177.49333333333334,-17.81111111111111],[177.49083333333334,-17.811666666666664],[177.49083333333334,-17.811944444444443],[177.4897222222222,-17.811944444444443],[177.4897222222222,-17.81222222222222],[177.48666666666665,-17.812777777777775],[177.48777777777778,-17.813888888888886],[177.48749999999998,-17.814722222222223],[177.48638888888888,-17.814999999999998],[177.48611111111111,-17.815555555555555],[177.48555555555555,-17.815555555555555],[177.48555555555555,-17.815833333333334],[177.48499999999999,-17.815833333333334],[177.48444444444445,-17.816388888888888],[177.48333333333332,-17.816666666666666],[177.48277777777778,-17.81722222222222],[177.48194444444445,-17.81722222222222],[177.4813888888889,-17.817777777777778],[177.47972222222222,-17.818055555555553],[177.47972222222222,-17.81833333333333],[177.4788888888889,-17.81833333333333],[177.4788888888889,-17.81861111111111],[177.47805555555556,-17.81861111111111],[177.47805555555556,-17.81888888888889],[177.47666666666666,-17.81888888888889],[177.47666666666666,-17.819166666666664],[177.4763888888889,-17.819166666666664],[177.4763888888889,-17.81694444444444],[177.47472222222223,-17.81694444444444],[177.47472222222223,-17.81722222222222],[177.47416666666666,-17.81722222222222],[177.47416666666666,-17.81694444444444],[177.4725,-17.81694444444444],[177.4725,-17.816666666666666],[177.46972222222223,-17.816388888888888],[177.46972222222223,-17.81611111111111],[177.4686111111111,-17.81611111111111],[177.4686111111111,-17.815833333333334],[177.46777777777777,-17.815833333333334],[177.46777777777777,-17.815555555555555],[177.46666666666667,-17.815555555555555],[177.4661111111111,-17.814999999999998],[177.46527777777777,-17.814999999999998],[177.46527777777777,-17.814722222222223],[177.46416666666667,-17.814444444444444],[177.46416666666667,-17.814166666666665],[177.4636111111111,-17.814166666666665],[177.4636111111111,-17.813888888888886],[177.46277777777777,-17.813888888888886],[177.46277777777777,-17.81361111111111],[177.46166666666667,-17.813333333333333],[177.46166666666667,-17.813055555555554],[177.46055555555554,-17.812777777777775],[177.46027777777778,-17.81222222222222],[177.4597222222222,-17.81222222222222],[177.45916666666668,-17.811666666666664],[177.45749999999998,-17.81111111111111],[177.4572222222222,-17.810555555555556],[177.45555555555555,-17.81],[177.45527777777778,-17.809444444444445],[177.45416666666665,-17.809166666666666],[177.45388888888888,-17.80861111111111],[177.45277777777778,-17.808333333333334],[177.45194444444445,-17.807499999999997],[177.45138888888889,-17.807499999999997],[177.45111111111112,-17.806944444444444],[177.45,-17.806666666666665],[177.44972222222222,-17.80611111111111],[177.44861111111112,-17.805833333333332],[177.44833333333332,-17.805277777777775],[177.44666666666666,-17.80472222222222],[177.4463888888889,-17.804166666666667],[177.44583333333333,-17.804166666666667],[177.44583333333333,-17.80388888888889],[177.44527777777776,-17.80388888888889],[177.44472222222223,-17.80333333333333],[177.4436111111111,-17.803055555555556],[177.44333333333333,-17.8025],[177.44277777777776,-17.8025],[177.44277777777776,-17.80222222222222],[177.4411111111111,-17.801666666666666],[177.4411111111111,-17.801388888888887],[177.44027777777777,-17.801388888888887],[177.43972222222223,-17.800833333333333],[177.43916666666667,-17.800833333333333],[177.4386111111111,-17.800277777777776],[177.43777777777777,-17.800277777777776],[177.4375,-17.799722222222222],[177.43666666666667,-17.799722222222222],[177.43666666666667,-17.799444444444443],[177.43527777777777,-17.799166666666665],[177.43527777777777,-17.79888888888889],[177.43416666666667,-17.79888888888889],[177.43416666666667,-17.79861111111111],[177.43333333333334,-17.79861111111111],[177.43333333333334,-17.798333333333332],[177.4325,-17.798333333333332],[177.4325,-17.798055555555553],[177.4311111111111,-17.798055555555553],[177.43083333333334,-17.7975],[177.42916666666667,-17.7975],[177.42916666666667,-17.79722222222222],[177.42833333333334,-17.79722222222222],[177.42833333333334,-17.796944444444442],[177.4275,-17.796944444444442],[177.4275,-17.796666666666667],[177.42638888888888,-17.796666666666667],[177.42638888888888,-17.796388888888888],[177.42583333333332,-17.796388888888888],[177.42527777777778,-17.79583333333333],[177.42472222222221,-17.79583333333333],[177.42444444444445,-17.795277777777777],[177.42388888888888,-17.795277777777777],[177.42361111111111,-17.79472222222222],[177.42249999999999,-17.79472222222222],[177.42249999999999,-17.794999999999998],[177.42194444444445,-17.79472222222222],[177.42194444444445,-17.794999999999998],[177.42111111111112,-17.794999999999998],[177.42111111111112,-17.795277777777777],[177.41972222222222,-17.795277777777777],[177.41972222222222,-17.795555555555556],[177.41861111111112,-17.795555555555556],[177.41805555555555,-17.79611111111111],[177.41555555555556,-17.796666666666667],[177.415,-17.79722222222222],[177.41416666666666,-17.79722222222222],[177.41416666666666,-17.7975],[177.4136111111111,-17.7975],[177.41305555555556,-17.798055555555553],[177.41194444444443,-17.798333333333332],[177.41194444444443,-17.79861111111111],[177.4111111111111,-17.79861111111111],[177.41083333333333,-17.799166666666665],[177.40972222222223,-17.799444444444443],[177.40944444444443,-17.800277777777776],[177.4088888888889,-17.799722222222222],[177.40833333333333,-17.799722222222222],[177.40583333333333,-17.80222222222222],[177.40527777777777,-17.80222222222222],[177.4036111111111,-17.804166666666667],[177.40305555555554,-17.804166666666667],[177.4011111111111,-17.806388888888886],[177.40055555555554,-17.806388888888886],[177.4,-17.806944444444444],[177.4,-17.79111111111111],[177.40055555555554,-17.79083333333333],[177.40055555555554,-17.790277777777778],[177.40194444444444,-17.788888888888888],[177.40305555555554,-17.78861111111111],[177.40388888888887,-17.787777777777777],[177.40444444444444,-17.787777777777777],[177.4047222222222,-17.787222222222223],[177.4063888888889,-17.786666666666665],[177.40666666666667,-17.78611111111111],[177.40722222222223,-17.78611111111111],[177.40777777777777,-17.785555555555554],[177.40833333333333,-17.785555555555554],[177.40833333333333,-17.785277777777775],[177.41055555555556,-17.784444444444443],[177.4111111111111,-17.78388888888889],[177.41222222222223,-17.78361111111111],[177.41222222222223,-17.78333333333333],[177.41305555555556,-17.78333333333333],[177.41305555555556,-17.783055555555553],[177.41416666666666,-17.782777777777778],[177.41416666666666,-17.7825],[177.41666666666666,-17.781944444444445],[177.41666666666666,-17.781666666666666],[177.4175,-17.781666666666666],[177.4175,-17.781388888888888],[177.41833333333332,-17.781388888888888],[177.41833333333332,-17.78111111111111],[177.42083333333332,-17.780833333333334],[177.42083333333332,-17.780555555555555],[177.42249999999999,-17.780555555555555],[177.42249999999999,-17.780277777777776],[177.43,-17.780277777777776],[177.43,-17.780555555555555],[177.43166666666667,-17.780555555555555],[177.43166666666667,-17.780833333333334],[177.43388888888887,-17.78111111111111],[177.43388888888887,-17.781388888888888],[177.435,-17.781388888888888],[177.435,-17.781666666666666],[177.43583333333333,-17.781666666666666],[177.43583333333333,-17.781944444444445],[177.4375,-17.78222222222222],[177.43805555555556,-17.782777777777778],[177.4388888888889,-17.782777777777778],[177.43944444444443,-17.78333333333333],[177.44055555555556,-17.78361111111111],[177.44055555555556,-17.78388888888889],[177.4413888888889,-17.78388888888889],[177.44194444444443,-17.784444444444443],[177.4436111111111,-17.785],[177.4438888888889,-17.785555555555554],[177.44555555555556,-17.78611111111111],[177.4461111111111,-17.786666666666665],[177.44666666666666,-17.786666666666665],[177.44694444444443,-17.787222222222223],[177.44861111111112,-17.787777777777777],[177.4488888888889,-17.78833333333333],[177.45,-17.78861111111111],[177.45083333333332,-17.78944444444444],[177.45138888888889,-17.78944444444444],[177.45166666666665,-17.79],[177.45277777777778,-17.790277777777778],[177.45305555555555,-17.79083333333333],[177.45416666666665,-17.79111111111111],[177.45499999999998,-17.791944444444443],[177.45555555555555,-17.791944444444443],[177.45583333333332,-17.7925],[177.45749999999998,-17.793055555555554],[177.45777777777778,-17.79361111111111],[177.45833333333334,-17.79361111111111],[177.45888888888888,-17.794166666666666],[177.46055555555554,-17.79472222222222],[177.46083333333334,-17.795277777777777],[177.4625,-17.79583333333333],[177.46305555555554,-17.796388888888888],[177.46388888888887,-17.796388888888888],[177.46388888888887,-17.796666666666667],[177.465,-17.796944444444442],[177.46555555555554,-17.7975],[177.46638888888887,-17.7975],[177.46694444444444,-17.798055555555553],[177.46777777777777,-17.798055555555553],[177.46777777777777,-17.798333333333332],[177.4686111111111,-17.798333333333332],[177.4686111111111,-17.79861111111111],[177.46944444444443,-17.79861111111111],[177.46944444444443,-17.79888888888889],[177.47277777777776,-17.799444444444443],[177.47333333333333,-17.799999999999997],[177.4736111111111,-17.799722222222222],[177.47444444444443,-17.799722222222222]],[[177.4736111111111,-17.799999999999997],[177.4738888888889,-17.800277777777776],[177.4738888888889,-17.799999999999997],[177.4736111111111,-17.799999999999997]],[[177.4738888888889,-17.800277777777776],[177.47416666666666,-17.800555555555555],[177.47416666666666,-17.800277777777776],[177.4738888888889,-17.800277777777776]],[[177.47416666666666,-17.800555555555555],[177.47444444444443,-17.800833333333333],[177.47444444444443,-17.800555555555555],[177.47416666666666,-17.800555555555555]],[[177.47444444444443,-17.800833333333333],[177.47472222222223,-17.80111111111111],[177.47472222222223,-17.800833333333333],[177.47444444444443,-17.800833333333333]],[[177.47472222222223,-17.80111111111111],[177.475,-17.801388888888887],[177.475,-17.80111111111111],[177.47472222222223,-17.80111111111111]],[[177.475,-17.801388888888887],[177.47527777777776,-17.801666666666666],[177.47527777777776,-17.801388888888887],[177.475,-17.801388888888887]],[[177.47527777777776,-17.801666666666666],[177.47555555555556,-17.801944444444445],[177.47555555555556,-17.801666666666666],[177.47527777777776,-17.801666666666666]],[[177.47555555555556,-17.801944444444445],[177.47583333333333,-17.80222222222222],[177.47583333333333,-17.801944444444445],[177.47555555555556,-17.801944444444445]],[[177.47583333333333,-17.80222222222222],[177.4761111111111,-17.8025],[177.4761111111111,-17.80222222222222],[177.47583333333333,-17.80222222222222]],[[177.4761111111111,-17.8025],[177.4763888888889,-17.802777777777777],[177.4763888888889,-17.8025],[177.4761111111111,-17.8025]],[[177.4763888888889,-17.802777777777777],[177.47666666666666,-17.803055555555556],[177.47666666666666,-17.802777777777777],[177.4763888888889,-17.802777777777777]]],[[[177.42416666666665,-17.763333333333332],[177.42638888888888,-17.76361111111111],[177.42638888888888,-17.76388888888889],[177.42805555555555,-17.764166666666664],[177.4286111111111,-17.764722222222222],[177.42944444444444,-17.764722222222222],[177.42944444444444,-17.765],[177.43,-17.765],[177.43055555555554,-17.765555555555554],[177.43194444444444,-17.765833333333333],[177.4322222222222,-17.766388888888887],[177.43333333333334,-17.766666666666666],[177.43388888888887,-17.76722222222222],[177.43527777777777,-17.76722222222222],[177.43527777777777,-17.7675],[177.43638888888887,-17.7675],[177.43638888888887,-17.767777777777777],[177.4375,-17.767777777777777],[177.4375,-17.768055555555556],[177.43833333333333,-17.768055555555556],[177.43833333333333,-17.76833333333333],[177.43916666666667,-17.76833333333333],[177.43916666666667,-17.76861111111111],[177.44,-17.76861111111111],[177.44,-17.76888888888889],[177.44083333333333,-17.76888888888889],[177.4413888888889,-17.769444444444442],[177.44222222222223,-17.769444444444442],[177.4425,-17.77],[177.44333333333333,-17.77],[177.44333333333333,-17.77027777777778],[177.4438888888889,-17.77027777777778],[177.44444444444443,-17.770833333333332],[177.44527777777776,-17.770833333333332],[177.44555555555556,-17.771388888888886],[177.44666666666666,-17.771666666666665],[177.44666666666666,-17.771944444444443],[177.4475,-17.771944444444443],[177.44805555555556,-17.772777777777776],[177.4488888888889,-17.772777777777776],[177.44916666666666,-17.773333333333333],[177.45083333333332,-17.773888888888887],[177.45111111111112,-17.774444444444445],[177.45222222222222,-17.77472222222222],[177.45222222222222,-17.775],[177.45277777777778,-17.775],[177.45388888888888,-17.77611111111111],[177.4561111111111,-17.776944444444442],[177.45638888888888,-17.7775],[177.45805555555555,-17.778055555555554],[177.45833333333334,-17.77861111111111],[177.45944444444444,-17.778888888888886],[177.4597222222222,-17.779444444444444],[177.46083333333334,-17.779722222222222],[177.46138888888888,-17.780277777777776],[177.4625,-17.780555555555555],[177.46277777777777,-17.78111111111111],[177.4636111111111,-17.78111111111111],[177.4636111111111,-17.781388888888888],[177.46416666666667,-17.781388888888888],[177.4647222222222,-17.781944444444445],[177.46638888888887,-17.7825],[177.46638888888887,-17.782777777777778],[177.4675,-17.782777777777778],[177.46805555555554,-17.78333333333333],[177.4686111111111,-17.78333333333333],[177.4686111111111,-17.78361111111111],[177.46972222222223,-17.78361111111111],[177.47027777777777,-17.784166666666664],[177.47333333333333,-17.78472222222222],[177.47333333333333,-17.785],[177.47416666666666,-17.785],[177.47416666666666,-17.785277777777775],[177.47444444444443,-17.785],[177.47583333333333,-17.785277777777775],[177.47666666666666,-17.784444444444443],[177.47777777777776,-17.784166666666664],[177.47805555555556,-17.78361111111111],[177.48,-17.78333333333333],[177.48,-17.783055555555553],[177.48166666666665,-17.782777777777778],[177.48166666666665,-17.7825],[177.48305555555555,-17.7825],[177.48333333333332,-17.781944444444445],[177.48583333333332,-17.781666666666666],[177.48583333333332,-17.781388888888888],[177.48749999999998,-17.78111111111111],[177.48805555555555,-17.780555555555555],[177.49055555555555,-17.779999999999998],[177.49083333333334,-17.779444444444444],[177.4922222222222,-17.779166666666665],[177.4922222222222,-17.778888888888886],[177.49333333333334,-17.77861111111111],[177.49388888888888,-17.778055555555554],[177.49444444444444,-17.778055555555554],[177.49444444444444,-17.777777777777775],[177.495,-17.777777777777775],[177.49555555555554,-17.77722222222222],[177.4972222222222,-17.776666666666667],[177.4972222222222,-17.77638888888889],[177.49777777777777,-17.77638888888889],[177.49805555555554,-17.77583333333333],[177.4997222222222,-17.775277777777777],[177.5,-17.77472222222222],[177.5011111111111,-17.774444444444445],[177.50194444444443,-17.77361111111111],[177.5025,-17.77361111111111],[177.50277777777777,-17.773055555555555],[177.5038888888889,-17.772777777777776],[177.50416666666666,-17.772222222222222],[177.50527777777776,-17.771944444444443],[177.50555555555556,-17.771388888888886],[177.50722222222223,-17.770833333333332],[177.5075,-17.77027777777778],[177.5086111111111,-17.77],[177.50944444444443,-17.769166666666667],[177.51055555555556,-17.76888888888889],[177.51083333333332,-17.76833333333333],[177.51194444444445,-17.768055555555556],[177.5125,-17.7675],[177.51305555555555,-17.7675],[177.51305555555555,-17.76722222222222],[177.51361111111112,-17.76722222222222],[177.51416666666665,-17.766666666666666],[177.51527777777778,-17.766388888888887],[177.51583333333332,-17.765833333333333],[177.51638888888888,-17.765833333333333],[177.51638888888888,-17.765555555555554],[177.51722222222222,-17.765555555555554],[177.51722222222222,-17.765277777777776],[177.51777777777778,-17.765277777777776],[177.51833333333332,-17.764722222222222],[177.5197222222222,-17.764444444444443],[177.5197222222222,-17.781944444444445],[177.51749999999998,-17.782777777777778],[177.51749999999998,-17.783055555555553],[177.51666666666665,-17.783055555555553],[177.51611111111112,-17.78361111111111],[177.51555555555555,-17.78361111111111],[177.51555555555555,-17.78388888888889],[177.515,-17.78388888888889],[177.51444444444445,-17.784444444444443],[177.51388888888889,-17.784444444444443],[177.51388888888889,-17.78472222222222],[177.51333333333332,-17.78472222222222],[177.51277777777779,-17.785277777777775],[177.51111111111112,-17.785833333333333],[177.51083333333332,-17.786388888888887],[177.50916666666666,-17.786944444444444],[177.5088888888889,-17.787499999999998],[177.50777777777776,-17.787777777777777],[177.5075,-17.78833333333333],[177.50694444444443,-17.78833333333333],[177.5063888888889,-17.788888888888888],[177.50583333333333,-17.788888888888888],[177.50555555555556,-17.78944444444444],[177.50444444444443,-17.78972222222222],[177.50416666666666,-17.790277777777778],[177.50305555555556,-17.790555555555553],[177.50222222222223,-17.79138888888889],[177.50166666666667,-17.79138888888889],[177.5013888888889,-17.791944444444443],[177.50027777777777,-17.79222222222222],[177.5,-17.792777777777776],[177.49833333333333,-17.793333333333333],[177.49805555555554,-17.793888888888887],[177.49638888888887,-17.794444444444444],[177.49583333333334,-17.794999999999998],[177.49527777777777,-17.794999999999998],[177.49527777777777,-17.795277777777777],[177.4947222222222,-17.795277777777777],[177.4947222222222,-17.795555555555556],[177.4936111111111,-17.79583333333333],[177.4936111111111,-17.79611111111111],[177.49305555555554,-17.79611111111111],[177.4925,-17.796666666666667],[177.49166666666667,-17.796666666666667],[177.4911111111111,-17.79722222222222],[177.49055555555555,-17.79722222222222],[177.49055555555555,-17.7975],[177.48805555555555,-17.798055555555553],[177.48805555555555,-17.798333333333332],[177.48722222222221,-17.798333333333332],[177.48722222222221,-17.79861111111111],[177.48638888888888,-17.79861111111111],[177.48638888888888,-17.79888888888889],[177.48388888888888,-17.799166666666665],[177.48388888888888,-17.799444444444443],[177.48222222222222,-17.799444444444443],[177.48222222222222,-17.799722222222222],[177.47472222222223,-17.799722222222222],[177.47472222222223,-17.799444444444443],[177.47305555555556,-17.799444444444443],[177.47305555555556,-17.799166666666665],[177.47194444444443,-17.799166666666665],[177.47194444444443,-17.79888888888889],[177.47083333333333,-17.79888888888889],[177.47083333333333,-17.79861111111111],[177.46972222222223,-17.79861111111111],[177.46972222222223,-17.798333333333332],[177.4688888888889,-17.798333333333332],[177.4688888888889,-17.798055555555553],[177.4672222222222,-17.797777777777778],[177.46666666666667,-17.79722222222222],[177.46583333333334,-17.79722222222222],[177.46583333333334,-17.796944444444442],[177.46416666666667,-17.796388888888888],[177.46416666666667,-17.79611111111111],[177.46333333333334,-17.79611111111111],[177.46333333333334,-17.79583333333333],[177.4622222222222,-17.795555555555556],[177.46166666666667,-17.794999999999998],[177.4611111111111,-17.794999999999998],[177.46083333333334,-17.794444444444444],[177.46027777777778,-17.794444444444444],[177.46027777777778,-17.794166666666666],[177.4597222222222,-17.794166666666666],[177.45916666666668,-17.79361111111111],[177.45805555555555,-17.793333333333333],[177.45777777777778,-17.792777777777776],[177.4561111111111,-17.79222222222222],[177.45583333333332,-17.791666666666664],[177.45472222222222,-17.79138888888889],[177.45444444444445,-17.79083333333333],[177.45333333333332,-17.790555555555553],[177.45305555555555,-17.79],[177.45194444444445,-17.78972222222222],[177.45111111111112,-17.788888888888888],[177.45055555555555,-17.788888888888888],[177.45027777777779,-17.78833333333333],[177.44916666666666,-17.788055555555555],[177.4488888888889,-17.787499999999998],[177.44722222222222,-17.786944444444444],[177.44694444444443,-17.786388888888887],[177.44527777777776,-17.785833333333333],[177.44472222222223,-17.785277777777775],[177.44416666666666,-17.785277777777775],[177.4438888888889,-17.78472222222222],[177.44277777777776,-17.784444444444443],[177.44277777777776,-17.784166666666664],[177.44166666666666,-17.78388888888889],[177.44166666666666,-17.78361111111111],[177.44083333333333,-17.78361111111111],[177.44083333333333,-17.78333333333333],[177.44027777777777,-17.78333333333333],[177.44027777777777,-17.783055555555553],[177.43916666666667,-17.782777777777778],[177.43916666666667,-17.7825],[177.43833333333333,-17.7825],[177.43777777777777,-17.781944444444445],[177.43694444444444,-17.781944444444445],[177.43694444444444,-17.781666666666666],[177.4361111111111,-17.781666666666666],[177.4361111111111,-17.781388888888888],[177.43527777777777,-17.781388888888888],[177.43527777777777,-17.78111111111111],[177.43416666666667,-17.78111111111111],[177.43416666666667,-17.780833333333334],[177.43305555555554,-17.780833333333334],[177.43305555555554,-17.780555555555555],[177.43194444444444,-17.780555555555555],[177.43194444444444,-17.780277777777776],[177.43027777777777,-17.780277777777776],[177.43027777777777,-17.779999999999998],[177.42222222222222,-17.779999999999998],[177.42222222222222,-17.780277777777776],[177.42083333333332,-17.780277777777776],[177.42361111111111,-17.7775],[177.42361111111111,-17.763055555555553],[177.42416666666665,-17.763055555555553],[177.42416666666665,-17.763333333333332]]],[[[177.42333333333332,-17.7775],[177.42055555555555,-17.779999999999998],[177.42055555555555,-17.780555555555555],[177.41916666666665,-17.780555555555555],[177.41916666666665,-17.780833333333334],[177.41805555555555,-17.780833333333334],[177.41805555555555,-17.78111111111111],[177.41722222222222,-17.78111111111111],[177.41722222222222,-17.781388888888888],[177.4163888888889,-17.781388888888888],[177.4163888888889,-17.781666666666666],[177.41555555555556,-17.781666666666666],[177.41555555555556,-17.781944444444445],[177.4138888888889,-17.78222222222222],[177.4138888888889,-17.7825],[177.41333333333333,-17.7825],[177.41277777777776,-17.783055555555553],[177.41194444444443,-17.783055555555553],[177.4113888888889,-17.78361111111111],[177.41083333333333,-17.78361111111111],[177.41083333333333,-17.78388888888889],[177.41027777777776,-17.78388888888889],[177.40972222222223,-17.784444444444443],[177.40916666666666,-17.784444444444443],[177.40916666666666,-17.78472222222222],[177.4086111111111,-17.78472222222222],[177.40805555555556,-17.785277777777775],[177.4063888888889,-17.785833333333333],[177.4061111111111,-17.786388888888887],[177.40444444444444,-17.786944444444444],[177.40416666666667,-17.787499999999998],[177.40305555555554,-17.787777777777777],[177.40277777777777,-17.78833333333333],[177.4022222222222,-17.78833333333333],[177.40166666666667,-17.788888888888888],[177.4,-17.78861111111111],[177.4,-17.772777777777776],[177.40027777777777,-17.772777777777776],[177.40027777777777,-17.771666666666665],[177.4025,-17.770833333333332],[177.40277777777777,-17.77027777777778],[177.40388888888887,-17.77],[177.40416666666667,-17.769444444444442],[177.40583333333333,-17.76888888888889],[177.4061111111111,-17.76833333333333],[177.40722222222223,-17.768055555555556],[177.40777777777777,-17.7675],[177.40833333333333,-17.7675],[177.40833333333333,-17.76722222222222],[177.4088888888889,-17.76722222222222],[177.40944444444443,-17.766666666666666],[177.41055555555556,-17.766388888888887],[177.4111111111111,-17.765833333333333],[177.41166666666666,-17.765833333333333],[177.41166666666666,-17.765555555555554],[177.4125,-17.765555555555554],[177.4125,-17.765277777777776],[177.41305555555556,-17.765277777777776],[177.4136111111111,-17.764722222222222],[177.41666666666666,-17.764166666666664],[177.41666666666666,-17.76388888888889],[177.4175,-17.76388888888889],[177.4175,-17.76361111111111],[177.41861111111112,-17.76361111111111],[177.41861111111112,-17.763333333333332],[177.42,-17.763333333333332],[177.42,-17.763055555555553],[177.42222222222222,-17.763055555555553],[177.42222222222222,-17.762777777777778],[177.42277777777778,-17.763055555555553],[177.42277777777778,-17.761388888888888],[177.42333333333332,-17.761388888888888],[177.42333333333332,-17.7775]]],[[[177.45944444444444,-17.771388888888886],[177.45916666666668,-17.77111111111111],[177.45944444444444,-17.77111111111111],[177.45944444444444,-17.771388888888886]]],[[[177.42333333333332,-17.745833333333334],[177.42388888888888,-17.745277777777776],[177.42805555555555,-17.745277777777776],[177.42805555555555,-17.749166666666664],[177.42888888888888,-17.749166666666664],[177.42888888888888,-17.749444444444443],[177.4297222222222,-17.749444444444443],[177.4297222222222,-17.74972222222222],[177.4311111111111,-17.75],[177.43166666666667,-17.750555555555554],[177.4347222222222,-17.75111111111111],[177.4347222222222,-17.751388888888886],[177.43555555555554,-17.751388888888886],[177.43555555555554,-17.751666666666665],[177.43638888888887,-17.751666666666665],[177.43638888888887,-17.751944444444444],[177.4372222222222,-17.751944444444444],[177.43777777777777,-17.752499999999998],[177.4386111111111,-17.752499999999998],[177.43916666666667,-17.753055555555555],[177.44,-17.753055555555555],[177.44,-17.753333333333334],[177.44055555555556,-17.753333333333334],[177.4411111111111,-17.753888888888888],[177.44333333333333,-17.75472222222222],[177.44333333333333,-17.755],[177.4438888888889,-17.755],[177.44444444444443,-17.755555555555553],[177.44555555555556,-17.75583333333333],[177.44583333333333,-17.75638888888889],[177.4475,-17.756944444444443],[177.4477777777778,-17.7575],[177.44944444444445,-17.758055555555554],[177.44972222222222,-17.75861111111111],[177.45083333333332,-17.758888888888887],[177.45166666666665,-17.759722222222223],[177.45222222222222,-17.759722222222223],[177.4525,-17.760277777777777],[177.45361111111112,-17.760555555555555],[177.45388888888888,-17.76111111111111],[177.45499999999998,-17.761388888888888],[177.45527777777778,-17.761944444444442],[177.45638888888888,-17.76222222222222],[177.45666666666665,-17.7625],[177.45666666666665,-17.76888888888889],[177.45777777777778,-17.77],[177.45833333333334,-17.77],[177.45916666666668,-17.77111111111111],[177.4586111111111,-17.77111111111111],[177.45777777777778,-17.77027777777778],[177.4561111111111,-17.76972222222222],[177.45583333333332,-17.769166666666667],[177.45472222222222,-17.76888888888889],[177.45444444444445,-17.76833333333333],[177.45333333333332,-17.768055555555556],[177.45305555555555,-17.7675],[177.45194444444445,-17.76722222222222],[177.45111111111112,-17.766388888888887],[177.45055555555555,-17.766388888888887],[177.45027777777779,-17.765833333333333],[177.44916666666666,-17.765555555555554],[177.4488888888889,-17.765],[177.44833333333332,-17.765],[177.4477777777778,-17.764444444444443],[177.44722222222222,-17.764444444444443],[177.44694444444443,-17.76388888888889],[177.44472222222223,-17.763055555555553],[177.44444444444443,-17.7625],[177.44277777777776,-17.761944444444442],[177.44222222222223,-17.761388888888888],[177.44166666666666,-17.761388888888888],[177.44166666666666,-17.76111111111111],[177.4411111111111,-17.76111111111111],[177.4411111111111,-17.76083333333333],[177.44027777777777,-17.76083333333333],[177.43972222222223,-17.760277777777777],[177.43916666666667,-17.760277777777777],[177.43916666666667,-17.759999999999998],[177.43833333333333,-17.759999999999998],[177.43777777777777,-17.759444444444444],[177.43694444444444,-17.759444444444444],[177.43694444444444,-17.759166666666665],[177.4361111111111,-17.759166666666665],[177.4361111111111,-17.758888888888887],[177.43444444444444,-17.75861111111111],[177.43444444444444,-17.758333333333333],[177.4322222222222,-17.758055555555554],[177.4322222222222,-17.757777777777775],[177.43083333333334,-17.757777777777775],[177.43083333333334,-17.7575],[177.42944444444444,-17.7575],[177.42944444444444,-17.757777777777775],[177.42805555555555,-17.757777777777775],[177.42805555555555,-17.7575],[177.42416666666665,-17.7575],[177.42388888888888,-17.757777777777775],[177.42388888888888,-17.761666666666667],[177.42361111111111,-17.761666666666667],[177.42361111111111,-17.7575],[177.42333333333332,-17.7575],[177.42333333333332,-17.745833333333334]],[[177.42361111111111,-17.7575],[177.42388888888888,-17.75722222222222],[177.42361111111111,-17.75722222222222],[177.42361111111111,-17.7575]],[[177.42833333333334,-17.75722222222222],[177.42833333333334,-17.756944444444443],[177.42388888888888,-17.756944444444443],[177.42388888888888,-17.75722222222222],[177.42833333333334,-17.75722222222222]],[[177.42833333333334,-17.756944444444443],[177.4286111111111,-17.756666666666664],[177.42833333333334,-17.756666666666664],[177.42833333333334,-17.756944444444443]],[[177.4286111111111,-17.756666666666664],[177.42888888888888,-17.75638888888889],[177.4286111111111,-17.75638888888889],[177.4286111111111,-17.756666666666664]],[[177.42888888888888,-17.75638888888889],[177.42916666666667,-17.75611111111111],[177.42888888888888,-17.75611111111111],[177.42888888888888,-17.75638888888889]],[[177.42916666666667,-17.75611111111111],[177.42944444444444,-17.75583333333333],[177.42916666666667,-17.75583333333333],[177.42916666666667,-17.75611111111111]],[[177.42944444444444,-17.75583333333333],[177.4297222222222,-17.755555555555553],[177.42944444444444,-17.755555555555553],[177.42944444444444,-17.75583333333333]],[[177.4297222222222,-17.755555555555553],[177.43,-17.755277777777778],[177.4297222222222,-17.755277777777778],[177.4297222222222,-17.755555555555553]],[[177.43,-17.755277777777778],[177.43027777777777,-17.755],[177.43,-17.755],[177.43,-17.755277777777778]],[[177.43027777777777,-17.755],[177.43055555555554,-17.75472222222222],[177.43027777777777,-17.75472222222222],[177.43027777777777,-17.755]]]]},"properties":{"level_m":6.0}}]}